Time ms,Tvib mean K,Trot mean K,Time ms,Ttr cal isentropic K,Time ms,Pressure bar
-0.05557,1145.86831,563.18681,0,2668.92282,-0.10001,0.05189
-0.05492,1010.49212,532.24318,1.00E-04,2682.26898,-0.09992,0.03154
-0.05427,1250.78628,722.31961,2.00E-04,2682.14365,-0.09982,0.03154
-0.05362,859.26752,652.02722,3.00E-04,2682.01851,-0.09973,0.01798
-0.05297,430.20166,1138.63612,4.00E-04,2681.89355,-0.09964,-0.00237
-0.05232,424.58571,1312.35313,5.00E-04,2681.76877,-0.09955,0.04511
-0.05167,455.14972,1357.38326,6.00E-04,2681.64417,-0.09945,0.02476
-0.05102,499.46227,1350.76161,7.00E-04,2681.51975,-0.09936,0.03154
-0.05037,507.75629,1350.60302,8.00E-04,2681.3955,-0.09927,0.02476
-0.04972,517.18408,1346.70819,9.00E-04,2681.27143,-0.09917,0.02476
-0.04907,527.14584,1344.31089,0.001,2681.14753,-0.09908,0.03154
-0.04842,542.84228,1341.57405,0.0011,2681.02381,-0.09899,0.03154
-0.04777,546.52079,1331.4829,0.0012,2680.90026,-0.0989,0.03154
-0.04712,561.96633,1343.35227,0.0013,2680.77688,-0.0988,0.03832
-0.04647,573.91808,1337.73175,0.0014,2680.65367,-0.09871,0.02476
-0.04582,571.46895,1340.41329,0.0015,2680.53063,-0.09862,0.02476
-0.04517,596.15586,1336.44925,0.0016,2680.40776,-0.09852,0.02476
-0.04452,590.99101,1347.87135,0.0017,2680.28506,-0.09843,0.03154
-0.04388,593.44266,1337.17329,0.0018,2680.16254,-0.09834,0.03154
-0.04323,614.90323,1336.24097,0.0019,2680.04018,-0.09825,0.03154
-0.04258,622.25407,1335.7149,0.002,2679.91799,-0.09815,0.02476
-0.04193,626.07448,1341.49455,0.0021,2679.79597,-0.09806,0.02476
-0.04128,616.59916,1336.77346,0.0022,2679.67411,-0.09797,0.01798
-0.04063,637.17366,1342.43346,0.0023,2679.55243,-0.09788,0.02476
-0.03998,635.46274,1339.09587,0.0024,2679.43092,-0.09778,0.0112
-0.03933,632.25546,1339.55268,0.0025,2679.30957,-0.09769,0.03832
-0.03868,643.40243,1342.65579,0.0026,2679.1884,-0.0976,0.03832
-0.03803,657.92241,1343.59112,0.0027,2679.06739,-0.0975,0.01798
-0.03738,666.51191,1342.54243,0.0028,2678.94655,-0.09741,0.02476
-0.03673,665.94064,1336.78393,0.0029,2678.82589,-0.09732,0.05189
-0.03608,669.83132,1344.03553,0.003,2678.70539,-0.09723,0.03832
-0.03543,663.97966,1337.34793,0.0031,2678.58505,-0.09713,0.03832
-0.03478,663.00676,1329.92569,0.0032,2678.46489,-0.09704,0.03832
-0.03413,674.04493,1332.20966,0.0033,2678.3449,-0.09695,0.01798
-0.03348,674.15702,1334.14489,0.0034,2678.22508,-0.09685,0.03832
-0.03283,681.36803,1335.24066,0.0035,2678.10542,-0.09676,0.03832
-0.03218,678.581,1332.4142,0.0036,2677.98594,-0.09667,0.03154
-0.03153,685.62625,1330.35861,0.0037,2677.86662,-0.09658,0.04511
-0.03088,692.1692,1328.09375,0.0038,2677.74747,-0.09648,0.01798
-0.03023,690.79178,1330.55332,0.0039,2677.6285,-0.09639,0.03832
-0.02958,701.84943,1337.9681,0.004,2677.50969,-0.0963,0.03154
-0.02893,701.58522,1333.3091,0.0041,2677.39105,-0.0962,0.02476
-0.02828,697.4072,1336.98652,0.0042,2677.27258,-0.09611,0.03154
-0.02764,706.62169,1333.64687,0.0043,2677.15429,-0.09602,0.03154
-0.02699,721.63608,1333.09872,0.0044,2677.03616,-0.09593,0.03154
-0.02634,713.43946,1333.1506,0.0045,2676.9182,-0.09583,0.02476
-0.02569,710.52036,1328.8791,0.0046,2676.80041,-0.09574,0.03154
-0.02504,721.98098,1329.30656,0.0047,2676.6828,-0.09565,0.03154
-0.02439,720.6772,1332.99128,0.0048,2676.56535,-0.09556,0.04511
-0.02374,728.36974,1330.96294,0.0049,2676.44807,-0.09546,0.05189
-0.02309,718.64102,1338.45382,0.005,2676.33097,-0.09537,0.01798
-0.02244,731.79332,1340.36728,0.0051,2676.21403,-0.09528,0.05189
-0.02179,739.66385,1340.58899,0.0052,2676.09727,-0.09518,0.03154
-0.02114,737.41854,1336.91399,0.0053,2675.98068,-0.09509,0.03832
-0.02049,738.26517,1338.21249,0.0054,2675.86425,-0.095,0.01798
-0.01984,739.03332,1333.73542,0.0055,2675.748,-0.09491,0.04511
-0.01919,743.26924,1336.9765,0.0056,2675.63192,-0.09481,0.03154
-0.01854,742.61805,1337.28617,0.0057,2675.51601,-0.09472,0.03832
-0.01789,745.24509,1340.89291,0.0058,2675.40028,-0.09463,0.04511
-0.01724,751.66699,1333.56712,0.0059,2675.28471,-0.09453,0.03832
-0.01659,754.87953,1332.33421,0.006,2675.16932,-0.09444,0.02476
-0.01594,759.98456,1341.079,0.0061,2675.0541,-0.09435,0.03154
-0.01529,750.04263,1331.11544,0.0062,2674.93904,-0.09426,0.02476
-0.01464,763.76694,1333.51639,0.0063,2674.82417,-0.09416,0.03832
-0.01399,757.34154,1337.276,0.0064,2674.70946,-0.09407,0.03154
-0.01334,764.36962,1330.74414,0.0065,2674.59492,-0.09398,0.04511
-0.01269,763.57336,1332.7794,0.0066,2674.48056,-0.09388,0.03832
-0.01204,765.22692,1336.22899,0.0067,2674.36637,-0.09379,0.05867
-0.0114,764.46589,1339.76074,0.0068,2674.25235,-0.0937,0.05867
-0.01075,775.90424,1336.77032,0.0069,2674.13851,-0.09361,0.03154
-0.0101,775.1996,1338.27614,0.007,2674.02483,-0.09351,0.0112
-0.00945,768.04957,1335.26526,0.0071,2673.91133,-0.09342,0.05189
-0.0088,775.23958,1331.88064,0.0072,2673.79801,-0.09333,0.03832
-0.00815,779.82834,1336.85362,0.0073,2673.68485,-0.09324,0.03154
-0.0075,778.14425,1337.74172,0.0074,2673.57187,-0.09314,0.03154
-0.00685,780.5953,1337.48316,0.0075,2673.45906,-0.09305,0.03154
-0.0062,772.14284,1328.77422,0.0076,2673.34642,-0.09296,0.03154
-0.00555,785.9153,1332.51646,0.0077,2673.23395,-0.09286,0.03832
-0.0049,783.15017,1340.06465,0.0078,2673.12166,-0.09277,0.03832
-0.00425,788.42426,1347.91389,0.0079,2673.00954,-0.09268,0.05189
-0.0036,787.79074,1371.77116,0.008,2672.8976,-0.09259,0.04511
-0.00295,789.40574,1430.1464,0.0081,2672.78582,-0.09249,0.05867
-0.0023,780.45075,1811.59652,0.0082,2672.67422,-0.0924,0.03154
-0.00165,804.19766,1968.01438,0.0083,2672.56279,-0.09231,0.07901
-0.001,683.9403,2367.11601,0.0084,2672.45154,-0.09221,0.03154
-3.52E-04,695.6872,2619.98531,0.0085,2672.34046,-0.09212,0.03832
2.98E-04,695.90249,2604.24028,0.0086,2672.22955,-0.09203,0.05867
9.47E-04,960.19873,2627.59032,0.0087,2672.11882,-0.09194,0.02476
0.0016,1249.1104,2588.81688,0.0088,2672.00825,-0.09184,0.05867
0.00225,1259.57438,2577.83489,0.0089,2671.89787,-0.09175,0.04511
0.0029,1148.20493,2599.77624,0.009,2671.78765,-0.09166,0.03832
0.00355,1149.88918,2602.37813,0.0091,2671.67761,-0.09156,0.05867
0.0042,1123.01541,2615.76124,0.0092,2671.56774,-0.09147,0.03832
0.00484,1081.24752,2615.06508,0.0093,2671.45805,-0.09138,0.03832
0.00549,1090.59921,2601.00778,0.0094,2671.34852,-0.09129,0.03154
0.00614,1135.67945,2595.91287,0.0095,2671.23917,-0.09119,0.03154
0.00679,1159.27934,2594.38249,0.0096,2671.13,-0.0911,0.03832
0.00744,1197.56449,2588.7452,0.0097,2671.021,-0.09101,0.05189
0.00809,1229.34546,2618.74848,0.0098,2670.91217,-0.09092,0.02476
0.00874,1261.28623,2598.72155,0.0099,2670.80351,-0.09082,0.03154
0.00939,1293.721,2623.38521,0.01,2670.69503,-0.09073,0.06545
0.01004,1327.46878,2626.33046,0.0101,2670.58672,-0.09064,0.03154
0.01069,1340.46245,2619.53211,0.0102,2670.47858,-0.09054,0.02476
0.01134,1365.10054,2606.20729,0.0103,2670.37062,-0.09045,0.04511
0.01199,1385.06856,2625.01389,0.0104,2670.26283,-0.09036,0.05189
0.01264,1412.67439,2641.09448,0.0105,2670.15521,-0.09027,0.03154
0.01329,1434.74391,2593.23938,0.0106,2670.04776,-0.09017,0.03154
0.01394,1457.68792,2604.05483,0.0107,2669.94049,-0.09008,0.02476
0.01459,1482.57223,2656.59749,0.0108,2669.83339,-0.08999,0.03154
0.01524,1496.40524,2640.46787,0.0109,2669.72647,-0.08989,0.02476
0.01589,1519.17972,2643.91386,0.011,2669.61971,-0.0898,0.03154
0.01654,1529.17792,2614.08159,0.0111,2669.51313,-0.08971,0.03832
0.01719,1553.30737,2649.90659,0.0112,2669.40673,-0.08962,0.05867
0.01784,1575.68626,2663.46058,0.0113,2669.30049,-0.08952,0.07223
0.01849,1580.79549,2638.67104,0.0114,2669.19443,-0.08943,0.03154
0.01914,1606.10292,2634.20756,0.0115,2669.08854,-0.08934,0.05189
0.01979,1606.27763,2629.757,0.0116,2668.98282,-0.08924,0.06545
0.02044,1620.92062,2623.78671,0.0117,2668.87727,-0.08915,0.05189
0.02108,1651.99688,2652.12169,0.0118,2668.7719,-0.08906,0.04511
0.02173,1655.101,2597.56788,0.0119,2668.6667,-0.08897,0.03832
0.02238,1669.34017,2605.57869,0.012,2668.56167,-0.08887,0.03832
0.02303,1689.81311,2644.43287,0.0121,2668.45682,-0.08878,0.03154
0.02368,1689.14491,2617.83004,0.0122,2668.35213,-0.08869,0.01798
0.02433,1700.54171,2589.48831,0.0123,2668.24762,-0.0886,0.02476
0.02498,1710.09934,2599.2487,0.0124,2668.14328,-0.0885,0.03154
0.02563,1722.71713,2591.95359,0.0125,2668.03911,-0.08841,0.04511
0.02628,1747.11429,2636.14479,0.0126,2667.93511,-0.08832,0.03154
0.02693,1750.68048,2622.10717,0.0127,2667.83129,-0.08822,0.03832
0.02758,1763.75254,2593.55032,0.0128,2667.72763,-0.08813,0.03832
0.02823,1783.36578,2618.53905,0.0129,2667.62415,-0.08804,0.04511
0.02888,1785.7475,2635.00782,0.013,2667.52084,-0.08795,0.03832
0.02953,1786.68431,2620.49026,0.0131,2667.4177,-0.08785,0.03832
0.03018,1791.06358,2645.46073,0.0132,2667.31473,-0.08776,0.0112
0.03083,1802.70268,2634.76914,0.0133,2667.21193,-0.08767,0.04511
0.03148,1810.77272,2628.53453,0.0134,2667.1093,-0.08757,0.03832
0.03213,1815.25445,2614.35819,0.0135,2667.00684,-0.08748,0.03154
0.03278,1830.70004,2642.17641,0.0136,2666.90455,-0.08739,0.01798
0.03343,1844.93883,2619.80493,0.0137,2666.80244,-0.0873,0.02476
0.03408,1851.88116,2645.24301,0.0138,2666.70049,-0.0872,0.03154
0.03473,1861.84994,2650.9404,0.0139,2666.59871,-0.08711,0.03832
0.03538,1873.59087,2654.40737,0.014,2666.49711,-0.08702,0.04511
0.03603,1882.02839,2654.09919,0.0141,2666.39567,-0.08692,0.03154
0.03668,1892.74389,2667.56295,0.0142,2666.2944,-0.08683,0.01798
0.03732,1883.52479,2633.21701,0.0143,2666.1933,-0.08674,0.01798
0.03797,1901.04757,2651.3843,0.0144,2666.09238,-0.08665,0.03832
0.03862,1910.10364,2625.73551,0.0145,2665.99162,-0.08655,0.05189
0.03927,1902.63859,2634.19674,0.0146,2665.89103,-0.08646,0.03832
0.03992,1905.22743,2613.39396,0.0147,2665.79061,-0.08637,0.02476
0.04057,1917.39866,2646.03761,0.0148,2665.69035,-0.08628,0.03832
0.04122,1933.47169,2647.67336,0.0149,2665.59027,-0.08618,0.06545
0.04187,1944.84703,2644.5862,0.015,2665.49036,-0.08609,0.03154
0.04252,1950.95078,2636.62511,0.0151,2665.39061,-0.086,0.03832
0.04317,1948.31281,2648.31313,0.0152,2665.29103,-0.0859,0.02476
0.04382,1941.05728,2631.51057,0.0153,2665.19162,-0.08581,0.04511
0.04447,1962.10377,2677.10598,0.0154,2665.09238,-0.08572,0.0112
0.04512,1959.94305,2629.52821,0.0155,2664.9933,-0.08563,0.03832
0.04577,1955.08672,2620.49754,0.0156,2664.89439,-0.08553,0.03832
0.04642,1977.94654,2643.10384,0.0157,2664.79565,-0.08544,0.05189
0.04707,1988.54335,2653.46181,0.0158,2664.69708,-0.08535,0.05867
0.04772,1987.20913,2640.33736,0.0159,2664.59867,-0.08525,0.06545
0.04837,2003.07326,2647.77747,0.016,2651.2232,-0.08516,0.03832
0.04902,2007.20042,2646.63191,0.0161,2652.03474,-0.08507,0.02476
0.04967,1983.37868,2628.76092,0.0162,2651.94125,-0.08498,0.02476
0.05032,2011.4197,2661.60233,0.0163,2653.02327,-0.08488,0.03154
0.05097,2027.34828,2631.36619,0.0164,2652.92968,-0.08479,0.02476
0.05162,2022.01089,2672.3395,0.0165,2653.73973,-0.0847,0.03154
0.05227,2020.66471,2651.27316,0.0166,2653.64613,-0.0846,0.05189
0.05292,2049.51777,2673.04728,0.0167,2654.36526,-0.08451,0.03154
0.05356,2040.05175,2648.99676,0.0168,2654.27168,-0.08442,0.04511
0.05421,2044.14098,2638.72847,0.0169,2655.17073,-0.08433,0.05189
0.05486,2048.2575,2660.95161,0.017,2655.07711,-0.08423,0.03154
0.05551,2048.46783,2648.1026,0.0171,2655.88531,-0.08414,0.04511
0.05616,2044.08256,2620.70391,0.0172,2657.14315,-0.08405,0.03154
0.05681,2061.25176,2675.43113,0.0173,2657.04922,-0.08396,0.05189
0.05746,2048.23436,2628.30743,0.0174,2657.94562,-0.08386,0.0112
0.05811,2065.1461,2678.4353,0.0175,2657.85165,-0.08377,0.03154
0.05876,2056.80875,2634.56413,0.0176,2659.01707,-0.08368,0.03832
0.05941,2075.10484,2653.01615,0.0177,2658.92298,-0.08358,0.03154
0.06006,2066.73263,2619.70188,0.0178,2659.90749,-0.08349,0.05189
0.06071,2076.68298,2642.81194,0.0179,2659.81334,-0.0834,0.03154
0.06136,2094.06075,2647.69923,0.018,2660.97645,-0.08331,0.03832
0.06201,2082.61827,2605.71282,0.0181,2660.88217,-0.08321,0.05867
0.06266,2075.23898,2604.8977,0.0182,2661.14698,-0.08312,0.01798
0.06331,2082.59327,2599.73803,0.0183,2661.0529,-0.08303,0.05189
0.06396,2105.68758,2626.6519,0.0184,2662.21453,-0.08293,0.01798
0.06461,2092.93621,2626.80028,0.0185,2663.37484,-0.08284,0.05189
0.06526,2094.16954,2630.31343,0.0186,2663.28035,-0.08275,0.00442
0.06591,2107.12203,2633.61267,0.0187,2664.26034,-0.08266,0.05189
0.06656,2102.88374,2637.17528,0.0188,2664.16579,-0.08256,0.01798
0.06721,2111.81281,2644.743,0.0189,2665.0555,-0.08247,0.04511
0.06786,2121.05906,2625.20899,0.019,2664.96093,-0.08238,0.03154
0.06851,2104.5148,2600.66816,0.0191,2665.8499,-0.08228,0.03154
0.06916,2119.54722,2675.72755,0.0192,2665.7553,-0.08219,0.03154
0.0698,2123.96019,2648.60953,0.0193,2666.55419,-0.0821,0.03154
0.07045,2128.20854,2649.00283,0.0194,2666.45961,-0.08201,0.04511
0.0711,2128.30254,2629.92826,0.0195,2667.1687,-0.08191,0.03832
0.07175,2135.91344,2639.49873,0.0196,2667.07416,-0.08182,0.03154
0.0724,2137.44941,2633.17938,0.0197,2668.22878,-0.08173,0.05189
0.07305,2152.43756,2644.9878,0.0198,2669.02565,-0.08164,0.02476
0.0737,2135.76945,2631.08084,0.0199,2668.93084,-0.08154,0.01798
0.07435,2140.41692,2648.09272,0.02,2669.81614,-0.08145,0.04511
0.075,2151.25312,2597.30493,0.0201,2669.72131,-0.08136,0.05189
0.07565,2164.66083,2636.28153,0.0202,2670.4279,-0.08126,0.02476
0.0763,2161.5327,2618.08896,0.0203,2670.33312,-0.08117,0.03154
0.07695,2151.39811,2614.50215,0.0204,2671.12825,-0.08108,0.04511
0.0776,2175.82072,2631.58557,0.0205,2671.03348,-0.08099,0.07901
0.07825,2158.1686,2606.8756,0.0206,2671.65026,-0.08089,0.03154
0.0789,2167.72952,2615.09905,0.0207,2671.55558,-0.0808,0.05189
0.07955,2177.67905,2624.90733,0.0208,2671.81654,-0.08071,0.03154
0.0802,2161.33972,2603.80203,0.0209,2671.72206,-0.08061,0.03154
0.08085,2177.02412,2644.14935,0.021,2672.24964,-0.08052,0.02476
0.0815,2178.79633,2626.43336,0.0211,2672.95452,-0.08043,0.03154
0.08215,2179.48942,2643.37208,0.0212,2672.86004,-0.08034,0.03832
0.0828,2185.00699,2629.0525,0.0213,2673.47572,-0.08024,0.03832
0.08345,2175.05347,2607.72774,0.0214,2673.38132,-0.08015,0.03832
0.0841,2205.2349,2624.74812,0.0215,2674.17403,-0.08006,0.03154
0.08475,2196.74999,2651.19166,0.0216,2674.07964,-0.07996,0.03154
0.0854,2198.59231,2635.08548,0.0217,2675.04898,-0.07987,0.03154
0.08604,2179.41398,2636.55525,0.0218,2674.95455,-0.07978,0.03154
0.08669,2196.12951,2638.38075,0.0219,2675.4803,-0.07969,0.05189
0.08734,2203.80902,2621.20951,0.022,2675.38598,-0.07959,0.02476
0.08799,2215.09622,2647.34898,0.0221,2676.08854,-0.0795,0.02476
0.08864,2194.83994,2617.12771,0.0222,2675.99428,-0.07941,0.04511
0.08929,2200.23256,2613.17603,0.0223,2676.78489,-0.07932,0.02476
0.08994,2192.67202,2613.6742,0.0224,2677.39795,-0.07922,0.03154
0.09059,2206.46735,2605.24183,0.0225,2677.30363,-0.07913,0.02476
0.09124,2224.55255,2621.94177,0.0226,2677.91649,-0.07904,0.05189
0.09189,2225.89687,2613.6621,0.0227,2677.82225,-0.07894,0.03154
0.09254,2227.91954,2618.0709,0.0228,2678.52314,-0.07885,0.03154
0.09319,2224.16588,2645.41193,0.0229,2678.42896,-0.07876,0.02476
0.09384,2223.37953,2635.69142,0.023,2678.59973,-0.07867,0.03154
0.09449,2235.76988,2622.4043,0.0231,2678.5058,-0.07857,0.02476
0.09514,2213.06629,2592.10903,0.0232,2678.76503,-0.07848,0.03154
0.09579,2223.04941,2600.53666,0.0233,2678.67131,-0.07839,0.03154
0.09644,2238.94006,2597.32716,0.0234,2679.01879,-0.07829,0.03154
0.09709,2230.0735,2608.5272,0.0235,2678.92525,-0.0782,0.03154
0.09774,2228.03856,2604.83885,0.0236,2679.18462,-0.07811,0.03154
0.09839,2249.54463,2611.28527,0.0237,2679.44394,-0.07802,0.02476
0.09904,2240.56689,2585.92596,0.0238,2679.35066,-0.07792,0.03154
0.09969,2247.59895,2596.19927,0.0239,2679.69824,-0.07783,0.03832
0.10034,2238.29217,2594.84217,0.024,2679.60514,-0.07774,0.01798
0.10099,2259.73724,2621.27152,0.0241,2679.77646,-0.07764,0.03154
0.10164,2246.7821,2613.07682,0.0242,2679.68361,-0.07755,0.03832
0.10228,2238.59598,2567.78495,0.0243,2679.59092,-0.07746,0.01798
0.10293,2271.80336,2627.5689,0.0244,2679.4984,-0.07737,0.0112
0.10358,2252.63857,2610.00241,0.0245,2679.40605,-0.07727,0.03832
0.10423,2280.67189,2635.0301,0.0246,2679.31387,-0.07718,0.02476
0.10488,2274.96462,2648.82938,0.0247,2679.30987,-0.07709,0.03154
0.10553,2239.98486,2586.9094,0.0248,2679.21799,-0.077,0.03832
0.10618,2276.01427,2630.66842,0.0249,2678.95017,-0.0769,0.03832
0.10683,2282.34393,2637.09464,0.025,2678.77067,-0.07681,0.04511
0.10748,2260.97756,2613.71949,0.0251,2678.67939,-0.07672,0.03154
0.10813,2273.62121,2598.57146,0.0252,2678.23603,-0.07662,0.03154
0.10878,2263.75391,2609.72735,0.0253,2678.1452,-0.07653,0.02476
0.10943,2285.30978,2629.49474,0.0254,2677.96642,-0.07644,0.03154
0.11008,2263.38372,2573.04412,0.0255,2677.87595,-0.07635,0.03154
0.11073,2272.1138,2589.80595,0.0256,2677.60952,-0.07625,0.03832
0.11138,2307.89641,2654.14773,0.0257,2677.51943,-0.07616,0.02476
0.11203,2282.72093,2622.26496,0.0258,2677.42951,-0.07607,0.05189
0.11268,2299.36841,2620.80394,0.0259,2677.33975,-0.07597,0.03154
0.11333,2281.55466,2600.72271,0.026,2676.98595,-0.07588,0.03832
0.11398,2309.80376,2621.90984,0.0261,2676.89661,-0.07579,0.04511
0.11463,2275.31697,2561.52796,0.0262,2676.80742,-0.0757,0.0112
0.11528,2289.02353,2617.52167,0.0263,2675.5733,-0.0756,0.03832
0.11593,2291.84787,2602.15265,0.0264,2675.48483,-0.07551,0.04511
0.11658,2286.76181,2602.74797,0.0265,2674.77969,-0.07542,0.03154
0.11723,2288.08095,2587.76827,0.0266,2674.69174,-0.07532,0.03154
0.11788,2291.75581,2597.80236,0.0267,2673.98696,-0.07523,0.02476
0.11852,2298.56559,2590.51538,0.0268,2673.89954,-0.07514,0.03832
0.11917,2297.64914,2579.51303,0.0269,2673.37145,-0.07505,0.03154
0.11982,2315.13379,2650.23045,0.027,2673.2845,-0.07495,0.03154
0.12047,2307.51723,2601.56897,0.0271,2672.7568,-0.07486,0.03154
0.12112,2308.25348,2600.03414,0.0272,2672.6703,-0.07477,0.05867
0.12177,2285.99404,2572.6784,0.0273,2672.23122,-0.07468,0.05189
0.12242,2312.88743,2647.03595,0.0274,2672.14515,-0.07458,0.03154
0.12307,2309.97832,2603.5913,0.0275,2671.52996,-0.07449,0.03832
0.12372,2317.91086,2606.09885,0.0276,2671.0915,-0.0744,0.03154
0.12437,2308.69666,2587.83654,0.0277,2671.00618,-0.0743,0.0112
0.12502,2320.49467,2595.9596,0.0278,2670.39163,-0.07421,0.0112
0.12567,2336.17086,2662.56644,0.0279,2670.30679,-0.07412,0.02476
0.12632,2316.61883,2600.94825,0.028,2669.42772,-0.07403,0.01798
0.12697,2338.62773,2632.4291,0.0281,2669.34344,-0.07393,0.03154
0.12762,2339.48173,2631.7407,0.0282,2668.64125,-0.07384,0.03832
0.12827,2318.01459,2614.64233,0.0283,2668.55747,-0.07375,0.03154
0.12892,2337.94284,2606.47174,0.0284,2667.94398,-0.07365,0.02476
0.12957,2334.5416,2625.38657,0.0285,2667.86067,-0.07356,0.0112
0.13022,2347.36741,2647.07716,0.0286,2667.33582,-0.07347,0.03832
0.13087,2330.75574,2629.76459,0.0287,2667.25295,-0.07338,0.04511
0.13152,2329.2747,2619.3135,0.0288,2666.64015,-0.07328,0.03154
0.13217,2351.56996,2636.64615,0.0289,2666.02752,-0.07319,0.03154
0.13282,2324.61249,2621.15516,0.029,2665.94543,-0.0731,0.03154
0.13347,2343.98274,2612.38212,0.0291,2665.50993,-0.073,0.04511
0.13412,2362.46735,2641.63541,0.0292,2665.42824,-0.07291,0.03154
0.13476,2360.08406,2619.24373,0.0293,2664.90466,-0.07282,0.02476
0.13541,2325.88541,2586.20135,0.0294,2664.82339,-0.07273,0.05189
0.13606,2350.18151,2617.87809,0.0295,2664.0348,-0.07263,0.03154
0.13671,2336.70196,2616.21696,0.0296,2663.95405,-0.07254,0.03154
0.13736,2363.61465,2605.77924,0.0297,2663.16573,-0.07245,0.02476
0.13801,2359.009,2614.3798,0.0298,2663.08548,-0.07236,0.03154
0.13866,2353.2134,2608.20288,0.0299,2662.74001,-0.07226,0.03832
0.13931,2347.88964,2604.99538,0.03,2662.66012,-0.07217,0.03154
0.13996,2342.77151,2617.04298,0.0301,2661.96093,-0.07208,0.01798
0.14061,2362.09024,2600.81773,0.0302,2661.17328,-0.07198,0.02476
0.14126,2355.79175,2612.55634,0.0303,2661.09422,-0.07189,0.0112
0.14191,2374.24778,2640.34467,0.0304,2660.66115,-0.0718,0.05867
0.14256,2356.08988,2598.81138,0.0305,2660.58248,-0.07171,0.03154
0.14321,2368.60849,2617.25308,0.0306,2660.14975,-0.07161,0.03832
0.14386,2362.48198,2601.86556,0.0307,2660.07146,-0.07152,0.01798
0.14451,2354.33095,2597.98214,0.0308,2659.28465,-0.07143,0.04511
0.14516,2362.42561,2617.03357,0.0309,2659.20685,-0.07133,0.04511
0.14581,2386.13696,2644.6823,0.031,2658.5976,-0.07124,0.04511
0.14646,2386.70779,2603.84771,0.0311,2658.52024,-0.07115,0.03154
0.14711,2344.00618,2598.29389,0.0312,2658.26579,-0.07106,0.03154
0.14776,2389.67241,2632.62186,0.0313,2658.18874,-0.07096,0.03154
0.14841,2370.16593,2611.14342,0.0314,2657.75727,-0.07087,0.01798
0.14906,2391.41729,2619.74747,0.0315,2657.14879,-0.07078,0.01798
0.14971,2395.82188,2622.98817,0.0316,2657.07241,-0.07068,0.02476
0.15036,2404.3728,2641.69907,0.0317,2656.19813,-0.07059,0.01798
0.151,2378.14721,2621.60779,0.0318,2656.12226,-0.0705,0.02476
0.15165,2400.42756,2645.5506,0.0319,2655.51426,-0.07041,0.04511
0.1523,2398.58701,2629.82329,0.032,2655.4388,-0.07031,0.03154
0.15295,2385.39684,2600.31495,0.0321,2655.0974,-0.07022,0.03154
0.1536,2404.17023,2608.40595,0.0322,2655.02228,-0.07013,0.02476
0.15425,2390.48276,2611.21626,0.0323,2654.41496,-0.07004,0.04511
0.1549,2393.04203,2592.87686,0.0324,2654.34025,-0.06994,0.01798
0.15555,2396.47806,2610.05031,0.0325,2653.91072,-0.06985,0.03832
0.1562,2402.501,2604.2378,0.0326,2653.83637,-0.06976,0.02476
0.15685,2393.75421,2621.77477,0.0327,2653.40715,-0.06966,0.02476
0.1575,2401.50438,2650.22235,0.0328,2653.42196,-0.06957,0.02476
0.15815,2405.74824,2610.06314,0.0329,2653.34807,-0.06948,0.04511
0.1588,2383.00673,2596.3039,0.033,2652.91929,-0.06939,0.02476
0.15945,2391.38156,2579.59234,0.0331,2652.84575,-0.06929,0.03154
0.1601,2384.6731,2577.35322,0.0332,2652.5061,-0.0692,0.03832
0.16075,2408.25375,2612.18692,0.0333,2652.43288,-0.06911,0.03154
0.1614,2393.85628,2587.19475,0.0334,2652.00471,-0.06901,0.03154
0.16205,2408.24555,2627.50506,0.0335,2651.93185,-0.06892,0.03154
0.1627,2403.23568,2612.99095,0.0336,2651.50397,-0.06883,0.03154
0.16335,2421.75107,2619.95081,0.0337,2651.43146,-0.06874,0.0112
0.164,2419.60716,2639.23506,0.0338,2650.91512,-0.06864,0.05189
0.16465,2411.37396,2599.4482,0.0339,2650.84299,-0.06855,0.03832
0.1653,2419.21793,2627.15151,0.034,2650.41562,-0.06846,0.0112
0.16595,2401.32448,2603.55651,0.0341,2649.63303,-0.06836,0.04511
0.1666,2400.50211,2597.26554,0.0342,2649.56156,-0.06827,0.03154
0.16724,2399.83332,2601.88319,0.0343,2649.57901,-0.06818,0.05189
0.16789,2420.17366,2605.45047,0.0344,2649.50775,-0.06809,0.02476
0.16854,2413.58317,2590.16274,0.0345,2648.90349,-0.06799,0.03154
0.16919,2402.60453,2583.96928,0.0346,2648.83263,-0.0679,0.05189
0.16984,2413.2368,2583.55414,0.0347,2648.49523,-0.06781,0.0112
0.17049,2411.68954,2576.16221,0.0348,2648.42467,-0.06772,0.04511
0.17114,2430.19143,2632.86022,0.0349,2647.90979,-0.06762,0.03832
0.17179,2414.27886,2591.80106,0.035,2647.83959,-0.06753,0.03154
0.17244,2423.14232,2601.53193,0.0351,2647.41393,-0.06744,0.04511
0.17309,2410.96396,2607.09669,0.0352,2647.34407,-0.06734,0.03154
0.17374,2416.12485,2584.23579,0.0353,2646.9186,-0.06725,0.02476
0.17439,2427.28221,2624.75167,0.0354,2646.93803,-0.06716,0.01798
0.17504,2431.4302,2586.29292,0.0355,2646.86859,-0.06707,0.05189
0.17569,2442.1933,2610.54213,0.0356,2646.79927,-0.06697,0.0112
0.17634,2419.8142,2568.27847,0.0357,2646.73006,-0.06688,0.04511
0.17699,2414.44892,2594.80015,0.0358,2646.48316,-0.06679,0.03832
0.17764,2432.9918,2572.03047,0.0359,2646.41423,-0.06669,0.05189
0.17829,2417.25518,2587.76782,0.036,2646.07865,-0.0666,0.01798
0.17894,2434.9469,2581.0314,0.0361,2646.01001,-0.06651,0.02476
0.17959,2419.01043,2599.13565,0.0362,2645.58574,-0.06642,0.05867
0.18024,2415.39153,2575.17424,0.0363,2645.51743,-0.06632,0.05189
0.18089,2442.00948,2622.09028,0.0364,2645.36027,-0.06623,0.05189
0.18154,2437.51079,2593.02493,0.0365,2644.9365,-0.06614,0.03832
0.18219,2448.71028,2628.48284,0.0366,2644.86865,-0.06604,0.03832
0.18284,2437.30925,2616.49314,0.0367,2644.44505,-0.06595,0.05189
0.18348,2445.88403,2600.04704,0.0368,2644.37752,-0.06586,0.03154
0.18413,2436.44264,2585.21037,0.0369,2644.1322,-0.06577,0.03154
0.18478,2434.75843,2607.2447,0.037,2644.06494,-0.06567,0.03832
0.18543,2424.97291,2578.35657,0.0371,2644.17568,-0.06558,0.05189
0.18608,2416.90274,2556.81928,0.0372,2644.10859,-0.06549,0.03154
0.18673,2435.49955,2597.63006,0.0373,2644.30843,-0.0654,0.03154
0.18738,2428.13152,2613.8843,0.0374,2644.24149,-0.0653,0.04511
0.18803,2454.12958,2617.40873,0.0375,2643.99682,-0.06521,0.02476
0.18868,2453.07482,2599.52521,0.0376,2643.93014,-0.06512,0.05189
0.18933,2468.95997,2633.4316,0.0377,2643.68574,-0.06502,0.03154
0.18998,2434.68673,2614.01841,0.0378,2643.26351,-0.06493,0.04511
0.19063,2441.97095,2606.75084,0.0379,2643.19731,-0.06484,0.04511
0.19128,2454.95006,2617.50569,0.038,2642.86434,-0.06475,0.03154
0.19193,2448.70583,2580.61582,0.0381,2642.79842,-0.06465,0.04511
0.19258,2444.14121,2634.10977,0.0382,2642.28779,-0.06456,0.03154
0.19323,2462.17614,2614.79432,0.0383,2642.22221,-0.06447,0.04511
0.19388,2473.62778,2632.48084,0.0384,2642.06772,-0.06437,0.04511
0.19453,2478.9693,2619.78573,0.0385,2642.00237,-0.06428,0.04511
0.19518,2432.31136,2604.79154,0.0386,2642.02612,-0.06419,0.02476
0.19583,2469.25156,2634.18391,0.0387,2641.96096,-0.0641,0.03154
0.19648,2449.74515,2607.50913,0.0388,2642.07387,-0.064,0.02476
0.19713,2485.1397,2636.76522,0.0389,2642.00886,-0.06391,0.05189
0.19778,2465.32539,2601.7499,0.039,2641.85499,-0.06382,0.03154
0.19843,2460.46343,2596.09397,0.0391,2641.52336,-0.06372,0.03832
0.19908,2457.95518,2608.2605,0.0392,2641.45876,-0.06363,0.03154
0.19972,2480.4931,2620.18351,0.0393,2641.39427,-0.06354,0.04511
0.20037,2470.22921,2609.74944,0.0394,2641.32988,-0.06345,0.03154
0.20102,2448.04121,2584.04298,0.0395,2640.73182,-0.06335,0.01798
0.20167,2472.35975,2618.15156,0.0396,2640.66778,-0.06326,0.03154
0.20232,2491.06227,2644.04081,0.0397,2640.15896,-0.06317,0.03154
0.20297,2467.55857,2603.70697,0.0398,2640.09524,-0.06308,0.04511
0.20362,2473.42462,2622.26336,0.0399,2640.03163,-0.06298,0.03154
0.20427,2487.71471,2638.07956,0.04,2639.96811,-0.06289,0.02476
0.20492,2491.0237,2637.46491,0.0401,2639.99362,-0.0628,0.0112
0.20557,2454.17272,2605.94885,0.0402,2639.93029,-0.0627,0.04511
0.20622,2463.89964,2597.45228,0.0403,2639.0662,-0.06261,0.01798
0.20687,2462.58653,2578.80187,0.0404,2638.20206,-0.06252,0.03154
0.20752,2475.08254,2618.91965,0.0405,2638.13944,-0.06243,0.0112
0.20817,2473.7093,2604.61123,0.0406,2637.72075,-0.06233,0.03154
0.20882,2478.79442,2608.95833,0.0407,2637.65843,-0.06224,0.0112
0.20947,2497.49119,2616.63301,0.0408,2637.59621,-0.06215,0.03154
0.21012,2454.33814,2598.75093,0.0409,2637.53409,-0.06205,0.02476
0.21077,2480.58962,2623.70631,0.041,2637.20486,-0.06196,0.02476
0.21142,2476.41286,2617.84884,0.0411,2637.14301,-0.06187,0.01798
0.21207,2507.11066,2649.95628,0.0412,2636.19039,-0.06178,0.03832
0.21272,2473.30886,2600.6365,0.0413,2636.12896,-0.06168,0.02476
0.21337,2480.59148,2583.95182,0.0414,2635.71111,-0.06159,0.01798
0.21402,2479.61156,2583.70614,0.0415,2635.64997,-0.0615,0.02476
0.21467,2466.97121,2588.91005,0.0416,2635.05417,-0.0614,0.01798
0.21532,2495.12368,2640.09119,0.0417,2634.45836,-0.06131,0.0112
0.21596,2486.32831,2621.72158,0.0418,2634.39778,-0.06122,0.05189
0.21661,2505.09603,2614.95948,0.0419,2633.5346,-0.06113,0.05189
0.21726,2490.84044,2630.38109,0.042,2633.47441,-0.06103,0.03832
0.21791,2493.06785,2627.35755,0.0421,2632.61128,-0.06094,0.05189
0.21856,2508.44513,2643.1445,0.0422,2632.55148,-0.06085,0.01798
0.21921,2474.48706,2583.88616,0.0423,2631.86695,-0.06076,0.03154
0.21986,2496.84413,2611.97488,0.0424,2631.80749,-0.06066,0.03154
0.22051,2487.77135,2614.3171,0.0425,2631.39093,-0.06057,0.03154
0.22116,2475.45826,2632.04199,0.0426,2631.33175,-0.06048,0.01798
0.22181,2502.03098,2621.00144,0.0427,2631.09409,-0.06038,0.01798
0.22246,2481.81412,2587.43383,0.0428,2631.03513,-0.06029,0.02476
0.22311,2519.74953,2611.06628,0.0429,2630.52974,-0.0602,0.02476
0.22376,2498.57015,2585.41022,0.043,2630.20319,-0.06011,0.03154
0.22441,2509.22694,2604.84344,0.0431,2630.14468,-0.06001,0.03154
0.22506,2507.92895,2625.67853,0.0432,2629.99699,-0.05992,0.03832
0.22571,2510.92463,2646.975,0.0433,2629.93869,-0.05983,0.02476
0.22636,2489.49569,2593.45382,0.0434,2629.25511,-0.05973,0.03832
0.22701,2537.89212,2637.93215,0.0435,2629.19714,-0.05964,0.03154
0.22766,2503.30159,2621.29972,0.0436,2628.78185,-0.05955,0.02476
0.22831,2515.13625,2601.02458,0.0437,2628.72414,-0.05946,0.01798
0.22896,2502.71975,2611.62334,0.0438,2628.4878,-0.05936,0.02476
0.22961,2504.85972,2618.60834,0.0439,2628.43032,-0.05927,0.03154
0.23026,2497.47884,2617.77502,0.044,2627.92601,-0.05918,0.04511
0.23091,2496.21625,2608.79463,0.0441,2627.86881,-0.05908,0.03154
0.23156,2517.32458,2628.28332,0.0442,2627.63293,-0.05899,0.03832
0.2322,2511.73567,2624.94469,0.0443,2627.39716,-0.0589,0.03154
0.23285,2513.91952,2647.76477,0.0444,2627.34031,-0.05881,0.02476
0.2335,2512.61961,2630.0816,0.0445,2627.37289,-0.05871,0.03154
0.23415,2488.97759,2611.84595,0.0446,2627.3162,-0.05862,0.02476
0.2348,2480.68995,2579.85443,0.0447,2626.81256,-0.05853,0.05189
0.23545,2517.983,2633.68968,0.0448,2626.75615,-0.05844,0.04511
0.2361,2536.85022,2621.67431,0.0449,2626.43154,-0.05834,0.03154
0.23675,2505.59493,2611.71229,0.045,2626.37536,-0.05825,0.03154
0.2374,2531.20166,2618.8684,0.0451,2626.14043,-0.05816,0.03154
0.23805,2517.73376,2630.93141,0.0452,2626.08446,-0.05806,0.01798
0.2387,2515.91377,2609.22955,0.0453,2625.76035,-0.05797,0.02476
0.23935,2526.97166,2615.65581,0.0454,2625.70462,-0.05788,0.01798
0.24,2521.09528,2611.96642,0.0455,2625.64897,-0.05779,0.03154
0.24065,2510.03198,2581.81198,0.0456,2625.5934,-0.05769,0.03154
0.2413,2518.04833,2597.72425,0.0457,2625.53792,-0.0576,0.05189
0.24195,2552.53833,2625.31695,0.0458,2625.21429,-0.05751,0.03832
0.2426,2542.00085,2615.35169,0.0459,2625.15904,-0.05741,0.01798
0.24325,2503.68029,2612.14918,0.046,2624.74612,-0.05732,0.03832
0.2439,2532.49388,2618.63811,0.0461,2624.69112,-0.05723,0.04511
0.24455,2511.58376,2634.12201,0.0462,2624.09947,-0.05714,0.05189
0.2452,2539.05854,2619.7341,0.0463,2624.04476,-0.05704,0.04511
0.24585,2528.23176,2628.06846,0.0464,2623.3637,-0.05695,0.02476
0.2465,2542.00694,2640.10377,0.0465,2623.30931,-0.05686,0.03832
0.24715,2525.93695,2588.93873,0.0466,2623.07599,-0.05676,0.02476
0.2478,2505.15613,2616.87059,0.0467,2623.0218,-0.05667,0.04511
0.24844,2517.06458,2618.5696,0.0468,2622.43059,-0.05658,0.03154
0.24909,2537.95633,2617.37643,0.0469,2622.10813,-0.05649,0.03154
0.24974,2510.26681,2593.29026,0.047,2622.05437,-0.05639,0.03154
0.25039,2512.47151,2580.03418,0.0471,2622.00069,-0.0563,0.02476
0.25104,2517.23714,2581.84913,0.0472,2621.94709,-0.05621,0.02476
0.25169,2511.53079,2587.33847,0.0473,2621.6249,-0.05612,0.03154
0.25234,2532.18553,2586.40652,0.0474,2621.57152,-0.05602,0.03832
0.25299,2515.12734,2579.72059,0.0475,2621.16001,-0.05593,0.03154
0.25364,2500.8574,2583.35808,0.0476,2621.10687,-0.05584,0.03154
0.25429,2517.96929,2610.1899,0.0477,2620.78507,-0.05574,0.05867
0.25494,2510.11844,2587.63939,0.0478,2620.73215,-0.05565,0.04511
0.25559,2541.74919,2593.34821,0.0479,2620.23137,-0.05556,0.05867
0.25624,2526.68324,2610.20846,0.048,2620.17871,-0.05547,0.04511
0.25689,2537.32626,2586.46529,0.0481,2619.8573,-0.05537,0.02476
0.25754,2526.48148,2581.68178,0.0482,2619.7153,-0.05528,0.03832
0.25819,2530.60758,2579.47037,0.0483,2619.66295,-0.05519,0.03154
0.25884,2515.83639,2577.88947,0.0484,2619.34182,-0.05509,0.03832
0.25949,2529.8613,2587.87259,0.0485,2619.28969,-0.055,0.01798
0.26014,2539.91366,2586.29345,0.0486,2619.23764,-0.05491,0.05867
0.26079,2536.66538,2632.41189,0.0487,2619.18566,-0.05482,0.03154
0.26144,2532.41451,2608.18749,0.0488,2618.95454,-0.05472,0.01798
0.26209,2526.76961,2574.97818,0.0489,2618.90276,-0.05463,0.05189
0.26274,2540.98028,2606.32946,0.049,2618.49258,-0.05454,0.03832
0.26339,2530.31846,2620.12354,0.0491,2618.44103,-0.05444,0.03154
0.26404,2543.26785,2612.50772,0.0492,2617.85172,-0.05435,0.03154
0.26468,2560.96011,2612.62392,0.0493,2617.80044,-0.05426,0.03154
0.26533,2552.99554,2632.82326,0.0494,2617.92852,-0.05417,0.01798
0.26598,2533.19415,2595.9322,0.0495,2617.69807,-0.05407,0.03154
0.26663,2542.86772,2593.61255,0.0496,2617.64702,-0.05398,0.01798
0.26728,2531.9948,2591.55138,0.0497,2617.59604,-0.05389,0.03832
0.26793,2518.29614,2575.68758,0.0498,2617.54513,-0.0538,0.03832
0.26858,2526.38802,2614.81881,0.0499,2617.4943,-0.0537,0.05189
0.26923,2533.73047,2584.59805,0.05,2617.44354,-0.05361,0.03154
0.26988,2537.94947,2572.06896,0.0501,2617.21358,-0.05352,0.05189
0.27053,2532.77857,2593.72153,0.0502,2617.16301,-0.05342,0.02476
0.27118,2572.93428,2616.11845,0.0503,2617.38145,-0.05333,0.03832
0.27183,2528.53315,2587.00336,0.0504,2617.33097,-0.05324,0.03832
0.27248,2514.41498,2579.30044,0.0505,2617.10131,-0.05315,0.03154
0.27313,2563.22403,2638.45876,0.0506,2617.05102,-0.05305,0.03832
0.27378,2528.57527,2577.15746,0.0507,2616.82154,-0.05296,0.05189
0.27443,2534.53723,2590.14813,0.0508,2616.68184,-0.05287,0.05189
0.27508,2520.30301,2586.65772,0.0509,2616.63182,-0.05277,0.05189
0.27573,2516.89586,2561.92712,0.051,2616.58188,-0.05268,0.01798
0.27638,2543.02412,2576.32257,0.0511,2616.532,-0.05259,0.05189
0.27703,2545.55213,2581.04081,0.0512,2616.4822,-0.0525,0.03832
0.27768,2561.1705,2609.02895,0.0513,2616.43247,-0.0524,0.03832
0.27833,2538.57707,2598.59069,0.0514,2616.47238,-0.05231,0.03832
0.27898,2559.01548,2611.03665,0.0515,2616.42277,-0.05222,0.03832
0.27963,2534.94653,2586.47948,0.0516,2616.10443,-0.05212,0.04511
0.28028,2538.10253,2598.05184,0.0517,2616.05503,-0.05203,0.03154
0.28092,2548.87784,2582.46108,0.0518,2615.73677,-0.05194,0.03154
0.28157,2559.53306,2573.69123,0.0519,2615.68756,-0.05185,0.04511
0.28222,2522.83578,2585.42518,0.052,2615.63843,-0.05175,0.03832
0.28287,2548.38636,2594.00016,0.0521,2615.94784,-0.05166,0.05189
0.28352,2535.52427,2567.66362,0.0522,2615.89877,-0.05157,0.04511
0.28417,2543.99168,2588.60424,0.0523,2616.02897,-0.05148,0.05867
0.28482,2530.78855,2570.50584,0.0524,2615.98,-0.05138,0.05867
0.28547,2532.93663,2573.82886,0.0525,2615.9311,-0.05129,0.05867
0.28612,2542.33506,2570.70858,0.0526,2615.88227,-0.0512,0.07901
0.28677,2538.82831,2591.66734,0.0527,2615.92305,-0.0511,0.07223
0.28742,2565.73027,2613.71498,0.0528,2615.87434,-0.05101,0.09936
0.28807,2545.22061,2621.34867,0.0529,2615.46737,-0.05092,0.09258
0.28872,2548.66802,2593.25768,0.053,2615.41888,-0.05083,0.06545
0.28937,2539.54004,2601.07068,0.0531,2615.37047,-0.05073,0.11292
0.29002,2546.62551,2577.91852,0.0532,2615.32211,-0.05064,0.12649
0.29067,2582.06953,2641.07646,0.0533,2614.91546,-0.05055,0.11292
0.29132,2526.8519,2576.86129,0.0534,2615.04652,-0.05045,0.12649
0.29197,2560.33929,2614.09326,0.0535,2614.99841,-0.05036,0.15361
0.29262,2545.86208,2608.51854,0.0536,2614.86083,-0.05027,0.14005
0.29327,2524.49804,2577.65814,0.0537,2614.81289,-0.05018,0.16039
0.29392,2535.6754,2550.75829,0.0538,2614.76501,-0.05008,0.18074
0.29457,2566.46487,2592.90257,0.0539,2614.7172,-0.04999,0.18074
0.29522,2557.60511,2615.68471,0.054,2614.40073,-0.0499,0.1943
0.29587,2549.46993,2606.98751,0.0541,2614.35312,-0.0498,0.23499
0.29652,2563.82564,2577.51005,0.0542,2614.03681,-0.04971,0.18752
0.29716,2562.89691,2598.82595,0.0543,2613.98939,-0.04962,0.22821
0.29781,2581.20764,2619.29101,0.0544,2614.21078,-0.04953,0.20787
0.29846,2557.1911,2599.53831,0.0545,2614.16343,-0.04943,0.24856
0.29911,2559.64873,2592.05718,0.0546,2614.02661,-0.04934,0.23499
0.29976,2562.00797,2574.66311,0.0547,2613.80024,-0.04925,0.24856
0.30041,2541.44564,2580.8677,0.0548,2613.75315,-0.04916,0.24177
0.30106,2529.35881,2554.78553,0.0549,2613.61649,-0.04906,0.25534
0.30171,2531.78843,2570.28344,0.055,2613.56956,-0.04897,0.22821
0.30236,2554.09625,2590.08228,0.0551,2613.70186,-0.04888,0.25534
0.30301,2537.8076,2553.14017,0.0552,2613.65503,-0.04878,0.23499
0.30366,2544.05706,2570.54482,0.0553,2613.7874,-0.04869,0.28246
0.30431,2535.48343,2577.15529,0.0554,2613.74065,-0.0486,0.27568
0.30496,2584.68901,2625.57304,0.0555,2613.9626,-0.04851,0.27568
0.30561,2550.63025,2587.69346,0.0556,2613.91593,-0.04841,0.2689
0.30626,2538.19632,2552.9181,0.0557,2613.77973,-0.04832,0.26212
0.30691,2588.13555,2608.67118,0.0558,2613.73322,-0.04823,0.2689
0.30756,2582.09409,2644.10953,0.0559,2614.0449,-0.04813,0.29603
0.30821,2546.73819,2576.21065,0.056,2613.99844,-0.04804,0.27568
0.30886,2583.0708,2604.23232,0.0561,2613.95204,-0.04795,0.2689
0.30951,2585.30561,2609.52581,0.0562,2613.90571,-0.04786,0.28246
0.31016,2563.92624,2571.31212,0.0563,2613.85945,-0.04776,0.28925
0.31081,2571.04605,2590.68335,0.0564,2614.08181,-0.04767,0.27568
0.31146,2562.87155,2578.35721,0.0565,2614.03562,-0.04758,0.30959
0.31211,2544.24888,2561.68908,0.0566,2613.90004,-0.04748,0.30281
0.31276,2541.82637,2572.91301,0.0567,2613.854,-0.04739,0.30959
0.3134,2583.72339,2582.76175,0.0568,2613.80803,-0.0473,0.30281
0.31405,2560.69721,2586.6637,0.0569,2613.76212,-0.04721,0.32994
0.3147,2523.49727,2557.82446,0.057,2613.53728,-0.04711,0.32994
0.31535,2606.83165,2631.4025,0.0571,2613.49154,-0.04702,0.32315
0.316,2549.62467,2561.33956,0.0572,2613.35641,-0.04693,0.32994
0.31665,2553.3152,2579.99756,0.0573,2613.40026,-0.04684,0.32994
0.3173,2561.95464,2564.15375,0.0574,2613.35471,-0.04674,0.31637
0.31795,2565.10095,2589.45612,0.0575,2613.13024,-0.04665,0.35706
0.3186,2576.96309,2606.40165,0.0576,2613.08486,-0.04656,0.32994
0.31925,2584.99823,2598.35443,0.0577,2613.30804,-0.04646,0.35706
0.3199,2567.11935,2611.18798,0.0578,2613.26273,-0.04637,0.31637
0.32055,2593.49147,2589.23303,0.0579,2613.12796,-0.04628,0.30959
0.3212,2555.50925,2603.39651,0.058,2613.08279,-0.04619,0.32994
0.32185,2560.4981,2591.09881,0.0581,2612.85873,-0.04609,0.3435
0.3225,2576.99972,2620.75893,0.0582,2612.81373,-0.046,0.32315
0.32315,2585.24289,2615.98796,0.0583,2613.03716,-0.04591,0.30959
0.3238,2591.00929,2621.44119,0.0584,2612.63434,-0.04581,0.30281
0.32445,2559.1026,2574.03606,0.0585,2612.58954,-0.04572,0.32994
0.3251,2565.19907,2607.74856,0.0586,2612.81327,-0.04563,0.31637
0.32575,2582.16674,2602.81727,0.0587,2612.76855,-0.04554,0.30959
0.3264,2585.88094,2604.8015,0.0588,2612.8133,-0.04544,0.29603
0.32705,2557.51704,2594.05129,0.0589,2612.76868,-0.04535,0.30281
0.3277,2565.97515,2598.0274,0.059,2612.72413,-0.04526,0.28925
0.32835,2582.50766,2593.43125,0.0591,2612.67963,-0.04516,0.29603
0.329,2564.80212,2592.69445,0.0592,2612.81409,-0.04507,0.30959
0.32964,2563.13251,2566.27655,0.0593,2612.76968,-0.04498,0.30281
0.33029,2555.29543,2569.81251,0.0594,2612.72534,-0.04489,0.30281
0.33094,2588.82992,2625.82656,0.0595,2612.68106,-0.04479,0.30959
0.33159,2577.88835,2588.60462,0.0596,2612.81569,-0.0447,0.32994
0.33224,2574.0785,2601.00923,0.0597,2613.12911,-0.04461,0.32994
0.33289,2573.48835,2602.60572,0.0598,2613.08491,-0.04452,0.31637
0.33354,2582.74584,2593.85091,0.0599,2612.77253,-0.04442,0.33672
0.33419,2600.5872,2604.48587,0.06,2612.72851,-0.04433,0.36384
0.33484,2578.75531,2623.74167,0.0601,2612.50573,-0.04424,0.32994
0.33549,2548.76415,2573.07465,0.0602,2612.46187,-0.04414,0.32994
0.33614,2571.30653,2590.98195,0.0603,2612.50742,-0.04405,0.35028
0.33679,2581.05721,2602.76315,0.0604,2612.46366,-0.04396,0.32994
0.33744,2563.56155,2571.9985,0.0605,2612.24116,-0.04387,0.30959
0.33809,2582.21796,2582.70642,0.0606,2612.19756,-0.04377,0.32994
0.33874,2570.01442,2584.01883,0.0607,2611.9752,-0.04368,0.32994
0.33939,2582.91178,2596.07291,0.0608,2611.93176,-0.04359,0.32994
0.34004,2594.74772,2593.51245,0.0609,2611.79901,-0.04349,0.28925
0.34069,2575.80437,2569.9193,0.061,2611.84507,-0.0434,0.30281
0.34134,2570.79608,2566.15814,0.0611,2611.80181,-0.04331,0.32994
0.34199,2567.56126,2572.55676,0.0612,2611.49033,-0.04322,0.31637
0.34264,2585.87274,2604.78463,0.0613,2611.44724,-0.04312,0.30959
0.34329,2578.21843,2591.12258,0.0614,2611.13591,-0.04303,0.32315
0.34394,2595.73865,2604.64065,0.0615,2611.09299,-0.04294,0.32315
0.34459,2572.49044,2580.98149,0.0616,2610.87128,-0.04284,0.30959
0.34524,2565.79275,2574.8646,0.0617,2610.82852,-0.04275,0.30959
0.34588,2593.04676,2587.70036,0.0618,2610.51755,-0.04266,0.30959
0.34653,2593.50281,2610.21315,0.0619,2610.47497,-0.04257,0.32315
0.34718,2583.27161,2578.06712,0.062,2610.61132,-0.04247,0.29603
0.34783,2568.68323,2561.70774,0.0621,2610.56881,-0.04238,0.32994
0.34848,2565.10314,2565.18948,0.0622,2610.61584,-0.04229,0.30281
0.34913,2576.84642,2580.1261,0.0623,2610.75227,-0.0422,0.31637
0.34978,2598.03435,2626.64758,0.0624,2610.70989,-0.0421,0.29603
0.35043,2573.03142,2585.84029,0.0625,2610.22052,-0.04201,0.28246
0.35108,2570.06459,2551.05796,0.0626,2610.17835,-0.04192,0.28246
0.35173,2573.68001,2568.06154,0.0627,2609.95737,-0.04182,0.28925
0.35238,2580.38182,2586.21077,0.0628,2609.91535,-0.04173,0.30281
0.35303,2578.31015,2574.06551,0.0629,2609.87338,-0.04164,0.30959
0.35368,2570.96691,2561.96288,0.063,2609.83148,-0.04155,0.28925
0.35433,2550.42758,2555.14244,0.0631,2609.87901,-0.04145,0.30959
0.35498,2609.52375,2602.53954,0.0632,2609.83721,-0.04136,0.28246
0.35563,2583.56044,2584.45846,0.0633,2609.97429,-0.04127,0.30959
0.35628,2589.67114,2611.78918,0.0634,2609.93256,-0.04117,0.30959
0.35693,2592.68642,2600.54759,0.0635,2609.44385,-0.04108,0.33672
0.35758,2588.05224,2608.39851,0.0636,2609.31284,-0.04099,0.30281
0.35823,2599.96926,2621.64616,0.0637,2609.2714,-0.0409,0.32994
0.35888,2575.07828,2565.20892,0.0638,2608.96164,-0.0408,0.32994
0.35953,2562.44438,2600.49488,0.0639,2608.92036,-0.04071,0.32994
0.36018,2587.68148,2594.35718,0.064,2608.96863,-0.04062,0.32994
0.36083,2554.02229,2515.01638,0.0641,2608.92744,-0.04052,0.31637
0.36148,2566.93698,2564.76432,0.0642,2608.88631,-0.04043,0.28925
0.36212,2607.29597,2616.7325,0.0643,2608.84524,-0.04034,0.30959
0.36277,2560.57339,2567.13003,0.0644,2608.53587,-0.04025,0.29603
0.36342,2572.21501,2594.42277,0.0645,2608.49496,-0.04015,0.30959
0.36407,2584.12351,2594.67218,0.0646,2608.00689,-0.04006,0.30281
0.36472,2586.25095,2590.33716,0.0647,2607.96619,-0.03997,0.28246
0.36537,2574.10816,2569.5706,0.0648,2608.01504,-0.03988,0.30959
0.36602,2603.54941,2594.26579,0.0649,2608.06384,-0.03978,0.32994
0.36667,2578.99666,2572.15735,0.065,2608.02326,-0.03969,0.30959
0.36732,2570.39724,2573.7466,0.0651,2608.25101,-0.0396,0.30959
0.36797,2560.37272,2576.7707,0.0652,2608.2105,-0.0395,0.30959
0.36862,2576.53954,2574.24178,0.0653,2607.90169,-0.03941,0.28925
0.36927,2569.08488,2555.33265,0.0654,2607.86134,-0.03932,0.30959
0.36992,2598.741,2581.96512,0.0655,2607.64215,-0.03923,0.28925
0.37057,2575.20449,2577.27051,0.0656,2607.60195,-0.03913,0.28246
0.37122,2589.10612,2592.29406,0.0657,2607.65119,-0.03904,0.31637
0.37187,2559.57426,2589.42038,0.0658,2607.61108,-0.03895,0.27568
0.37252,2554.49536,2553.74343,0.0659,2607.30273,-0.03885,0.32315
0.37317,2597.50942,2599.44929,0.066,2607.26278,-0.03876,0.26212
0.37382,2589.50474,2601.57075,0.0661,2607.58063,-0.03867,0.28246
0.37447,2574.26827,2576.33161,0.0662,2607.71956,-0.03858,0.28246
0.37512,2592.05202,2568.05455,0.0663,2607.67967,-0.03848,0.31637
0.37577,2592.39988,2583.86505,0.0664,2607.37162,-0.03839,0.30959
0.37642,2602.75891,2614.70866,0.0665,2607.33189,-0.0383,0.30281
0.37707,2576.07237,2596.82287,0.0666,2607.38168,-0.0382,0.2689
0.37772,2588.36716,2579.08032,0.0667,2607.34204,-0.03811,0.29603
0.37836,2561.55598,2555.66243,0.0668,2606.76588,-0.03802,0.29603
0.37901,2611.76906,2615.77896,0.0669,2606.72645,-0.03793,0.32315
0.37966,2563.63883,2537.48087,0.067,2606.77656,-0.03783,0.29603
0.38031,2598.48619,2600.6107,0.0671,2606.73722,-0.03774,0.30959
0.38096,2591.12938,2590.00701,0.0672,2606.60845,-0.03765,0.30959
0.38161,2586.14672,2562.28916,0.0673,2606.56924,-0.03756,0.31637
0.38226,2555.99911,2563.47387,0.0674,2606.2618,-0.03746,0.30281
0.38291,2557.06981,2564.54185,0.0675,2606.40163,-0.03737,0.28925
0.38356,2599.29225,2588.48995,0.0676,2606.36259,-0.03728,0.29603
0.38421,2600.81772,2595.54591,0.0677,2606.41299,-0.03718,0.30281
0.38486,2560.25045,2543.61383,0.0678,2606.37404,-0.03709,0.31637
0.38551,2577.2217,2555.65676,0.0679,2606.51398,-0.037,0.31637
0.38616,2557.29351,2570.69677,0.068,2606.4751,-0.03691,0.29603
0.38681,2600.98164,2590.89284,0.0681,2606.25745,-0.03681,0.28925
0.38746,2590.60293,2557.54688,0.0682,2606.21871,-0.03672,0.28246
0.38811,2576.86831,2557.58506,0.0683,2606.00118,-0.03663,0.28246
0.38876,2598.5648,2585.86238,0.0684,2605.96258,-0.03653,0.28246
0.38941,2567.64609,2548.75707,0.0685,2605.83457,-0.03644,0.30281
0.39006,2583.10899,2584.13103,0.0686,2605.79609,-0.03635,0.28246
0.39071,2587.06389,2588.64004,0.0687,2605.48942,-0.03626,0.29603
0.39136,2576.20919,2602.31883,0.0688,2605.09331,-0.03616,0.30959
0.39201,2577.92614,2581.20028,0.0689,2605.0551,-0.03607,0.30959
0.39266,2571.21323,2547.85405,0.069,2605.19585,-0.03598,0.28246
0.39331,2605.22729,2614.91361,0.0691,2605.15771,-0.03588,0.30281
0.39396,2585.86647,2583.8442,0.0692,2605.2985,-0.03579,0.29603
0.3946,2587.41506,2583.75284,0.0693,2605.26044,-0.0357,0.28925
0.39525,2585.43886,2575.45428,0.0694,2605.22242,-0.03561,0.31637
0.3959,2591.12288,2603.95549,0.0695,2605.18446,-0.03551,0.30281
0.39655,2590.10956,2574.49712,0.0696,2605.14655,-0.03542,0.31637
0.3972,2558.26469,2542.99042,0.0697,2605.1087,-0.03533,0.30281
0.39785,2611.2464,2602.06927,0.0698,2605.16026,-0.03524,0.28925
0.3985,2594.1769,2558.85793,0.0699,2605.12249,-0.03514,0.30281
0.39915,2605.63565,2613.07092,0.07,2605.35293,-0.03505,0.29603
0.3998,2598.34805,2569.13019,0.0701,2605.13641,-0.03496,0.28925
0.40045,2576.71612,2593.40404,0.0702,2605.09877,-0.03486,0.27568
0.4011,2568.40392,2601.41676,0.0703,2605.06119,-0.03477,0.28925
0.40175,2606.06692,2608.31086,0.0704,2605.02365,-0.03468,0.29603
0.4024,2597.2552,2593.63314,0.0705,2605.07561,-0.03459,0.29603
0.40305,2594.09931,2564.1343,0.0706,2605.03816,-0.03449,0.27568
0.4037,2580.96677,2589.08458,0.0707,2605.35827,-0.0344,0.30959
0.40435,2594.25305,2605.99432,0.0708,2605.32085,-0.03431,0.30959
0.405,2546.15094,2538.50747,0.0709,2605.46221,-0.03421,0.30281
0.40565,2567.93981,2589.07544,0.071,2605.42486,-0.03412,0.30281
0.4063,2582.30624,2566.44424,0.0711,2605.03012,-0.03403,0.30959
0.40695,2574.18727,2573.09327,0.0712,2604.99294,-0.03394,0.31637
0.4076,2570.50273,2539.6831,0.0713,2604.8664,-0.03384,0.30959
0.40825,2578.93705,2575.95677,0.0714,2604.65059,-0.03375,0.32315
0.4089,2551.04118,2569.02458,0.0715,2604.61361,-0.03366,0.30959
0.40955,2589.12053,2587.25467,0.0716,2604.666,-0.03356,0.32315
0.4102,2583.96254,2590.67303,0.0717,2604.62911,-0.03347,0.30959
0.41084,2608.44169,2612.58428,0.0718,2604.32409,-0.03338,0.28925
0.41149,2609.47316,2621.01269,0.0719,2604.28734,-0.03329,0.32315
0.41214,2574.45675,2596.09714,0.072,2604.07187,-0.03319,0.30281
0.41279,2577.28847,2561.52607,0.0721,2604.03525,-0.0331,0.30959
0.41344,2584.11472,2575.35576,0.0722,2604.08811,-0.03301,0.33672
0.41409,2594.91429,2563.4919,0.0723,2604.05158,-0.03292,0.30959
0.41474,2576.39168,2562.08255,0.0724,2603.83633,-0.03282,0.31637
0.41539,2591.01751,2591.14724,0.0725,2603.79992,-0.03273,0.31637
0.41604,2582.62672,2568.44735,0.0726,2603.8529,-0.03264,0.31637
0.41669,2581.16528,2556.08982,0.0727,2603.81658,-0.03254,0.30959
0.41734,2605.07994,2594.58919,0.0728,2603.7803,-0.03245,0.29603
0.41799,2580.70666,2557.89264,0.0729,2603.74408,-0.03236,0.29603
0.41864,2585.46972,2597.34628,0.073,2603.7079,-0.03227,0.30959
0.41929,2601.44171,2586.98013,0.0731,2603.40359,-0.03217,0.30281
0.41994,2598.00799,2567.72313,0.0732,2603.36756,-0.03208,0.30959
0.42059,2560.67186,2563.18156,0.0733,2603.06336,-0.03199,0.32315
0.42124,2571.09969,2553.84353,0.0734,2603.02747,-0.03189,0.30959
0.42189,2564.25473,2552.25442,0.0735,2603.34917,-0.0318,0.31637
0.42254,2568.47314,2569.44122,0.0736,2603.31331,-0.03171,0.30959
0.42319,2594.76455,2593.87075,0.0737,2603.36683,-0.03162,0.32994
0.42384,2593.5821,2593.62614,0.0738,2603.33105,-0.03152,0.31637
0.42449,2586.5142,2597.9812,0.0739,2603.20591,-0.03143,0.30959
0.42514,2581.78393,2588.52001,0.074,2603.08093,-0.03134,0.31637
0.42579,2595.98958,2588.57291,0.0741,2603.04533,-0.03124,0.33672
0.42644,2590.97939,2596.81004,0.0742,2603.00978,-0.03115,0.30281
0.42708,2583.58914,2599.86929,0.0743,2602.97427,-0.03106,0.31637
0.42773,2588.32682,2591.03413,0.0744,2603.56428,-0.03097,0.30281
0.42838,2587.56122,2559.47601,0.0745,2603.52876,-0.03087,0.31637
0.42903,2577.63146,2557.27723,0.0746,2604.20773,-0.03078,0.30959
0.42968,2596.79084,2589.60032,0.0747,2604.17217,-0.03069,0.31637
0.43033,2576.93279,2550.05383,0.0748,2604.49375,-0.0306,0.28925
0.43098,2562.36713,2575.24085,0.0749,2604.45823,-0.0305,0.31637
0.43163,2576.9261,2535.7688,0.075,2605.22591,-0.03041,0.30959
0.43228,2591.75708,2574.37866,0.0751,2605.19034,-0.03032,0.30959
0.43293,2581.39023,2563.97733,0.0752,2605.06557,-0.03022,0.31637
0.43358,2570.07444,2543.86464,0.0753,2605.20852,-0.03013,0.32315
0.43423,2554.54386,2580.02098,0.0754,2605.17308,-0.03004,0.32315
0.43488,2562.70296,2546.51121,0.0755,2605.58357,-0.02995,0.33672
0.43553,2563.71104,2533.20677,0.0756,2605.54814,-0.02985,0.31637
0.43618,2600.45605,2590.27332,0.0757,2605.7802,-0.02976,0.32994
0.43683,2588.02018,2582.84652,0.0758,2605.74482,-0.02967,0.33672
0.43748,2566.77859,2561.75079,0.0759,2605.97688,-0.02957,0.31637
0.43813,2597.13348,2552.90797,0.076,2605.94155,-0.02948,0.32994
0.43878,2601.19938,2583.87495,0.0761,2605.81708,-0.02939,0.32315
0.43943,2562.95179,2561.06284,0.0762,2605.78186,-0.0293,0.28925
0.44008,2589.75352,2566.33693,0.0763,2606.10319,-0.0292,0.31637
0.44073,2566.64447,2554.16337,0.0764,2606.068,-0.02911,0.31637
0.44138,2600.838,2607.01512,0.0765,2606.03286,-0.02902,0.30959
0.44203,2594.18859,2531.26565,0.0766,2606.17597,-0.02892,0.28925
0.44268,2597.18001,2575.25014,0.0767,2606.14089,-0.02883,0.29603
0.44332,2593.9923,2566.15632,0.0768,2606.28404,-0.02874,0.28246
0.44397,2593.7191,2578.99886,0.0769,2606.24903,-0.02865,0.31637
0.44462,2621.28498,2619.85734,0.077,2606.03588,-0.02855,0.30281
0.44527,2603.01707,2604.1813,0.0771,2606.00099,-0.02846,0.30959
0.44592,2572.9656,2563.99515,0.0772,2605.96615,-0.02837,0.29603
0.44657,2592.10312,2590.64524,0.0773,2605.93135,-0.02828,0.30959
0.44722,2588.19036,2572.47934,0.0774,2605.8966,-0.02818,0.30281
0.44787,2572.58543,2570.59061,0.0775,2605.8619,-0.02809,0.30959
0.44852,2562.18467,2567.41803,0.0776,2606.18354,-0.028,0.29603
0.44917,2598.8178,2606.79627,0.0777,2606.14887,-0.0279,0.30959
0.44982,2592.17528,2554.16855,0.0778,2606.55943,-0.02781,0.30959
0.45047,2569.48322,2521.54652,0.0779,2606.7918,-0.02772,0.30959
0.45112,2590.1923,2561.43814,0.078,2606.75715,-0.02763,0.29603
0.45177,2571.29438,2567.71698,0.0781,2607.25662,-0.02753,0.32315
0.45242,2542.13995,2530.56406,0.0782,2607.22197,-0.02744,0.32315
0.45307,2568.54662,2531.85386,0.0783,2607.54324,-0.02735,0.32315
0.45372,2570.24231,2534.09216,0.0784,2607.50861,-0.02725,0.30281
0.45437,2578.07414,2561.73399,0.0785,2607.9188,-0.02716,0.32994
0.45502,2560.99291,2575.06508,0.0786,2607.88419,-0.02707,0.32315
0.45567,2596.73744,2592.47372,0.0787,2608.2053,-0.02698,0.32994
0.45632,2592.79055,2562.20402,0.0788,2608.17072,-0.02688,0.29603
0.45697,2557.18231,2563.163,0.0789,2608.5807,-0.02679,0.30959
0.45762,2597.94463,2573.5349,0.079,2608.54613,-0.0267,0.31637
0.45827,2599.29209,2578.36094,0.0791,2608.245,-0.0266,0.32315
0.45892,2569.50353,2565.80705,0.0792,2608.21058,-0.02651,0.29603
0.45956,2574.96427,2557.2485,0.0793,2608.1762,-0.02642,0.28925
0.46021,2578.24222,2572.40875,0.0794,2608.31963,-0.02633,0.28925
0.46086,2596.76342,2567.10203,0.0795,2608.28531,-0.02623,0.30281
0.46151,2572.12807,2563.89234,0.0796,2608.16212,-0.02614,0.2689
0.46216,2579.16662,2555.92461,0.0797,2608.12791,-0.02605,0.29603
0.46281,2568.86371,2537.2112,0.0798,2608.09374,-0.02596,0.28246
0.46346,2569.36109,2559.00734,0.0799,2608.05963,-0.02586,0.29603
0.46411,2597.98106,2599.95841,0.08,2607.8478,-0.02577,0.28925
0.46476,2561.88918,2556.21292,0.0801,2607.81381,-0.02568,0.31637
0.46541,2560.59695,2529.14277,0.0802,2608.31305,-0.02558,0.30281
0.46606,2597.99624,2567.12143,0.0803,2608.27906,-0.02549,0.32315
0.46671,2569.31057,2564.36743,0.0804,2608.42279,-0.0254,0.29603
0.46736,2586.67654,2583.535,0.0805,2608.56652,-0.02531,0.30959
0.46801,2570.38732,2538.30367,0.0806,2608.5326,-0.02521,0.30959
0.46866,2581.36306,2558.75281,0.0807,2608.85397,-0.02512,0.30959
0.46931,2565.68955,2560.27191,0.0808,2608.82008,-0.02503,0.28925
0.46996,2589.69152,2564.75408,0.0809,2609.31895,-0.02493,0.31637
0.47061,2568.67642,2547.43797,0.081,2609.28505,-0.02484,0.30959
0.47126,2575.58982,2536.96382,0.0811,2609.34002,-0.02475,0.30959
0.47191,2570.57529,2563.68131,0.0812,2609.3062,-0.02466,0.30959
0.47256,2593.57403,2564.1926,0.0813,2609.44994,-0.02456,0.29603
0.47321,2580.9339,2581.89808,0.0814,2609.41619,-0.02447,0.28925
0.47386,2572.1258,2568.05651,0.0815,2609.47118,-0.02438,0.31637
0.47451,2561.06575,2558.21955,0.0816,2609.79241,-0.02428,0.28925
0.47516,2605.86482,2581.86538,0.0817,2609.75872,-0.02419,0.29603
0.4758,2571.69807,2576.93336,0.0818,2610.16863,-0.0241,0.28246
0.47645,2574.66975,2576.29711,0.0819,2610.13495,-0.02401,0.28925
0.4771,2583.72558,2569.11692,0.082,2610.72205,-0.02391,0.28246
0.47775,2593.00616,2587.49844,0.0821,2610.68835,-0.02382,0.30281
0.4784,2570.17728,2549.79501,0.0822,2610.83199,-0.02373,0.30959
0.47905,2587.1213,2567.29329,0.0823,2610.79835,-0.02364,0.28246
0.4797,2590.27324,2597.72619,0.0824,2611.03069,-0.02354,0.28246
0.48035,2573.33188,2542.95607,0.0825,2610.9971,-0.02345,0.29603
0.481,2578.39904,2555.23845,0.0826,2610.87498,-0.02336,0.30959
0.48165,2604.72158,2610.41132,0.0827,2610.8415,-0.02326,0.28925
0.4823,2598.97074,2587.3698,0.0828,2610.89673,-0.02317,0.30281
0.48295,2574.59679,2548.37311,0.0829,2610.86332,-0.02308,0.29603
0.4836,2544.79467,2546.09691,0.083,2610.82996,-0.02299,0.30281
0.48425,2599.08413,2553.28655,0.0831,2610.97385,-0.02289,0.30959
0.4849,2585.86029,2544.2789,0.0832,2610.94055,-0.0228,0.29603
0.48555,2571.46495,2552.7113,0.0833,2610.37562,-0.02271,0.30281
0.4862,2563.3552,2552.49581,0.0834,2610.3425,-0.02261,0.30959
0.48685,2571.98844,2574.11847,0.0835,2609.8662,-0.02252,0.29603
0.4875,2560.79099,2577.47687,0.0836,2609.83324,-0.02243,0.29603
0.48815,2565.10898,2546.83402,0.0837,2609.09101,-0.02234,0.28925
0.4888,2569.19745,2556.50781,0.0838,2609.05827,-0.02224,0.2689
0.48945,2584.40737,2583.49995,0.0839,2608.75955,-0.02215,0.30959
0.4901,2576.63878,2563.68182,0.084,2608.72694,-0.02206,0.28925
0.49075,2574.01539,2575.66602,0.0841,2608.07334,-0.02196,0.30281
0.4914,2579.81875,2575.14236,0.0842,2607.77477,-0.02187,0.28246
0.49204,2603.23099,2584.28451,0.0843,2607.74244,-0.02178,0.30959
0.49269,2570.32239,2545.63737,0.0844,2607.44387,-0.02169,0.30959
0.49334,2616.84277,2583.77288,0.0845,2607.41168,-0.02159,0.28925
0.49399,2574.93729,2543.86999,0.0846,2607.20201,-0.0215,0.28246
0.49464,2589.03294,2568.52121,0.0847,2607.16994,-0.02141,0.30281
0.49529,2580.60363,2565.56585,0.0848,2606.78282,-0.02132,0.28246
0.49594,2588.01453,2595.86592,0.0849,2606.75089,-0.02122,0.30959
0.49659,2570.01042,2556.8042,0.085,2606.89655,-0.02113,0.30959
0.49724,2582.20842,2579.07638,0.0851,2606.86467,-0.02104,0.30281
0.49789,2611.04363,2595.63464,0.0852,2607.09915,-0.02094,0.28925
0.49854,2587.44264,2574.74976,0.0853,2607.06732,-0.02085,0.29603
0.49919,2572.69536,2539.66052,0.0854,2606.76931,-0.02076,0.28925
0.49984,2562.32744,2562.6241,0.0855,2606.82632,-0.02067,0.31637
0.50049,2591.56019,2579.76371,0.0856,2606.79464,-0.02057,0.28925
,,,0.0857,2606.58549,-0.02048,0.31637
,,,0.0858,2606.55393,-0.02039,0.29603
,,,0.0859,2606.61121,-0.02029,0.32994
,,,0.086,2606.57972,-0.0202,0.29603
,,,0.0861,2606.37076,-0.02011,0.30281
,,,0.0862,2606.33938,-0.02002,0.28925
,,,0.0863,2606.30805,-0.01992,0.30281
,,,0.0864,2606.27675,-0.01983,0.29603
,,,0.0865,2606.06798,-0.01974,0.28925
,,,0.0866,2606.0368,-0.01964,0.30959
,,,0.0867,2605.7394,-0.01955,0.28925
,,,0.0868,2605.44204,-0.01946,0.28925
,,,0.0869,2605.41108,-0.01937,0.31637
,,,0.087,2605.11381,-0.01927,0.28246
,,,0.0871,2605.08297,-0.01918,0.29603
,,,0.0872,2604.60807,-0.01909,0.29603
,,,0.0873,2604.57738,-0.019,0.29603
,,,0.0874,2603.92482,-0.0189,0.30281
,,,0.0875,2603.89431,-0.01881,0.30959
,,,0.0876,2603.33064,-0.01872,0.28246
,,,0.0877,2603.3003,-0.01862,0.29603
,,,0.0878,2602.64776,-0.01853,0.28925
,,,0.0879,2602.61761,-0.01844,0.31637
,,,0.088,2602.14282,-0.01835,0.28925
,,,0.0881,2602.20171,-0.01825,0.30959
,,,0.0882,2602.17173,-0.01816,0.30281
,,,0.0883,2602.05291,-0.01807,0.30959
,,,0.0884,2602.02303,-0.01797,0.29603
,,,0.0885,2601.63742,-0.01788,0.28925
,,,0.0886,2601.60767,-0.01779,0.30281
,,,0.0887,2601.57796,-0.0177,0.28246
,,,0.0888,2601.5483,-0.0176,0.27568
,,,0.0889,2601.51867,-0.01751,0.31637
,,,0.089,2601.48908,-0.01742,0.29603
,,,0.0891,2601.6374,-0.01732,0.30281
,,,0.0892,2601.60786,-0.01723,0.30281
,,,0.0893,2601.48938,-0.01714,0.30959
,,,0.0894,2601.37104,-0.01705,0.29603
,,,0.0895,2601.34165,-0.01695,0.29603
,,,0.0896,2601.31229,-0.01686,0.29603
,,,0.0897,2601.28297,-0.01677,0.29603
,,,0.0898,2600.809,-0.01668,0.30281
,,,0.0899,2600.77983,-0.01658,0.30959
,,,0.09,2600.48386,-0.01649,0.30959
,,,0.0901,2600.4548,-0.0164,0.31637
,,,0.0902,2600.69263,-0.0163,0.27568
,,,0.0903,2600.66361,-0.01621,0.30281
,,,0.0904,2600.63463,-0.01612,0.28925
,,,0.0905,2600.60569,-0.01603,0.32315
,,,0.0906,2600.75467,-0.01593,0.28925
,,,0.0907,2600.63689,-0.01584,0.30959
,,,0.0908,2600.60805,-0.01575,0.28925
,,,0.0909,2600.57924,-0.01565,0.29603
,,,0.091,2600.55048,-0.01556,0.27568
,,,0.0911,2600.16596,-0.01547,0.29603
,,,0.0912,2600.13733,-0.01538,0.30959
,,,0.0913,2600.19773,-0.01528,0.2689
,,,0.0914,2600.16916,-0.01519,0.2689
,,,0.0915,2600.3185,-0.0151,0.29603
,,,0.0916,2600.28998,-0.015,0.27568
,,,0.0917,2600.26149,-0.01491,0.29603
,,,0.0918,2600.23304,-0.01482,0.28246
,,,0.0919,2600.20462,-0.01473,0.30281
,,,0.092,2600.3541,-0.01463,0.28246
,,,0.0921,2600.32573,-0.01454,0.28925
,,,0.0922,2600.47522,-0.01445,0.28246
,,,0.0923,2600.4469,-0.01436,0.26212
,,,0.0924,2600.86312,-0.01426,0.28246
,,,0.0925,2600.83481,-0.01417,0.28246
,,,0.0926,2600.98427,-0.01408,0.27568
,,,0.0927,2600.956,-0.01398,0.31637
,,,0.0928,2601.19429,-0.01389,0.28925
,,,0.0929,2601.16606,-0.0138,0.28925
,,,0.093,2601.22665,-0.01371,0.28246
,,,0.0931,2601.19848,-0.01361,0.30281
,,,0.0932,2601.25913,-0.01352,0.28246
,,,0.0933,2601.5863,-0.01343,0.32315
,,,0.0934,2601.55817,-0.01333,0.29603
,,,0.0935,2601.70768,-0.01324,0.28246
,,,0.0936,2601.67959,-0.01315,0.27568
,,,0.0937,2601.65154,-0.01306,0.32315
,,,0.0938,2601.62352,-0.01296,0.30281
,,,0.0939,2602.0395,-0.01287,0.30959
,,,0.094,2602.01149,-0.01278,0.27568
,,,0.0941,2601.98351,-0.01268,0.29603
,,,0.0942,2601.95558,-0.01259,0.28925
,,,0.0943,2602.1052,-0.0125,0.30281
,,,0.0944,2602.07731,-0.01241,0.28246
,,,0.0945,2602.58187,-0.01231,0.29603
,,,0.0946,2602.64273,-0.01222,0.29603
,,,0.0947,2602.61486,-0.01213,0.28925
,,,0.0948,2603.03056,-0.01204,0.28925
,,,0.0949,2603.00269,-0.01194,0.28925
,,,0.095,2602.88612,-0.01185,0.28925
,,,0.0951,2602.85834,-0.01176,0.32315
,,,0.0952,2603.09667,-0.01166,0.28246
,,,0.0953,2603.06892,-0.01157,0.28246
,,,0.0954,2603.21853,-0.01148,0.30281
,,,0.0955,2603.19083,-0.01139,0.28925
,,,0.0956,2603.42915,-0.01129,0.28246
,,,0.0957,2603.40147,-0.0112,0.30959
,,,0.0958,2603.19654,-0.01111,0.28925
,,,0.0959,2603.43485,-0.01101,0.28246
,,,0.096,2603.40727,-0.01092,0.30281
,,,0.0961,2603.64555,-0.01083,0.31637
,,,0.0962,2603.618,-0.01074,0.28925
,,,0.0963,2603.9449,-0.01064,0.30281
,,,0.0964,2603.91737,-0.01055,0.27568
,,,0.0965,2604.50994,-0.01046,0.30959
,,,0.0966,2604.48239,-0.01036,0.29603
,,,0.0967,2604.89753,-0.01027,0.28925
,,,0.0968,2604.86998,-0.01018,0.28925
,,,0.0969,2605.37354,-0.01009,0.29603
,,,0.097,2605.34598,-0.00999,0.27568
,,,0.0971,2605.84942,-0.0099,0.28925
,,,0.0972,2606.17566,-0.00981,0.30281
,,,0.0973,2606.14808,-0.00972,0.31637
,,,0.0974,2606.65108,-0.00962,0.29603
,,,0.0975,2606.62348,-0.00953,0.30959
,,,0.0976,2607.03795,-0.00944,0.27568
,,,0.0977,2607.01036,-0.00934,0.30959
,,,0.0978,2607.15956,-0.00925,0.28925
,,,0.0979,2607.13201,-0.00916,0.30281
,,,0.098,2607.54633,-0.00907,0.29603
,,,0.0981,2607.51879,-0.00897,0.30959
,,,0.0982,2608.1096,-0.00888,0.28925
,,,0.0983,2608.08204,-0.00879,0.29603
,,,0.0984,2608.23111,-0.00869,0.30959
,,,0.0985,2608.55672,-0.0086,0.30281
,,,0.0986,2608.52919,-0.00851,0.30281
,,,0.0987,2608.85474,-0.00842,0.28246
,,,0.0988,2608.82722,-0.00832,0.28925
,,,0.0989,2608.79974,-0.00823,0.30959
,,,0.099,2608.7723,-0.00814,0.29603
,,,0.0991,2608.8331,-0.00804,0.30281
,,,0.0992,2608.80572,-0.00795,0.28246
,,,0.0993,2608.77837,-0.00786,0.30959
,,,0.0994,2608.75107,-0.00777,0.28925
,,,0.0995,2608.63551,-0.00767,0.30959
,,,0.0996,2608.60829,-0.00758,0.30959
,,,0.0997,2608.75757,-0.00749,0.30281
,,,0.0998,2608.81858,-0.0074,0.30281
,,,0.0999,2608.79143,-0.0073,0.30959
,,,0.1,2608.67604,-0.00721,0.30281
,,,0.1001,2608.64898,-0.00712,0.30959
,,,0.1002,2608.88655,-0.00702,0.30281
,,,0.1003,2608.85951,-0.00693,0.31637
,,,0.1004,2609.18529,-0.00684,0.30959
,,,0.1005,2609.15828,-0.00675,0.29603
,,,0.1006,2609.30765,-0.00665,0.28246
,,,0.1007,2609.28068,-0.00656,0.30959
,,,0.1008,2609.78268,-0.00647,0.28925
,,,0.1009,2609.7557,-0.00637,0.31637
,,,0.101,2610.08127,-0.00628,0.28246
,,,0.1011,2610.23053,-0.00619,0.30281
,,,0.1012,2610.20358,-0.0061,0.28925
,,,0.1013,2610.17666,-0.006,0.29603
,,,0.1014,2610.14978,-0.00591,0.31637
,,,0.1015,2610.47531,-0.00582,0.30281
,,,0.1016,2610.44845,-0.00572,0.28246
,,,0.1017,2610.33359,-0.00563,0.28925
,,,0.1018,2610.30681,-0.00554,0.28925
,,,0.1019,2610.54434,-0.00545,0.30959
,,,0.102,2610.5176,-0.00535,0.29603
,,,0.1021,2610.66701,-0.00526,0.28925
,,,0.1022,2610.64031,-0.00517,0.28246
,,,0.1023,2610.96591,-0.00508,0.30281
,,,0.1024,2611.20335,-0.00498,0.28246
,,,0.1025,2611.17666,-0.00489,0.31637
,,,0.1026,2611.32612,-0.0048,0.28246
,,,0.1027,2611.29948,-0.0047,0.28925
,,,0.1028,2611.53691,-0.00461,0.30281
,,,0.1029,2611.5103,-0.00452,0.30959
,,,0.103,2611.57175,-0.00443,0.31637
,,,0.1031,2611.5452,-0.00433,0.30959
,,,0.1032,2611.51869,-0.00424,0.30281
,,,0.1033,2611.49221,-0.00415,0.28246
,,,0.1034,2611.37774,-0.00405,0.29603
,,,0.1035,2611.35134,-0.00396,0.30281
,,,0.1036,2611.23696,-0.00387,0.29603
,,,0.1037,2611.3866,-0.00378,0.29603
,,,0.1038,2611.3603,-0.00368,0.28246
,,,0.1039,2611.33404,-0.00359,0.32315
,,,0.104,2611.3078,-0.0035,0.30281
,,,0.1041,2611.36962,-0.0034,0.30959
,,,0.1042,2611.34345,-0.00331,0.30281
,,,0.1043,2611.58121,-0.00322,0.31637
,,,0.1044,2611.55507,-0.00313,0.27568
,,,0.1045,2611.79282,-0.00303,0.26212
,,,0.1046,2611.7667,-0.00294,0.28246
,,,0.1047,2611.91647,-0.00285,0.28925
,,,0.1048,2612.15408,-0.00276,0.31637
,,,0.1049,2612.12801,-0.00266,0.32315
,,,0.105,2612.18991,-0.00257,0.28925
,,,0.1051,2612.16389,-0.00248,0.30281
,,,0.1052,2612.48953,-0.00238,0.29603
,,,0.1053,2612.46353,-0.00229,0.33672
,,,0.1054,2612.26182,-0.0022,0.33672
,,,0.1055,2612.23591,-0.00211,0.33672
,,,0.1056,2612.38579,-0.00201,0.36384
,,,0.1057,2612.35993,-0.00192,0.3435
,,,0.1058,2612.42201,-0.00183,0.35706
,,,0.1059,2612.39621,-0.00173,0.37741
,,,0.106,2612.54615,-0.00164,0.39097
,,,0.1061,2612.69607,-0.00155,0.39097
,,,0.1062,2612.67032,-0.00146,0.38419
,,,0.1063,2612.73248,-0.00136,0.41132
,,,0.1064,2612.70679,-0.00127,0.42488
,,,0.1065,2612.769,-0.00118,0.42488
,,,0.1066,2612.74336,-0.00108,0.4181
,,,0.1067,2612.45423,-9.92E-04,0.42488
,,,0.1068,2612.4287,-8.99E-04,0.45201
,,,0.1069,2612.66673,-8.06E-04,0.45201
,,,0.107,2612.64123,-7.14E-04,0.46557
,,,0.1071,2612.35225,-6.21E-04,0.47235
,,,0.1072,2612.32686,-5.28E-04,0.46557
,,,0.1073,2612.03796,-4.35E-04,0.47235
,,,0.1074,2612.36409,-3.42E-04,0.47913
,,,0.1075,2612.33879,-2.50E-04,0.50626
,,,0.1076,2612.40138,-1.57E-04,0.4927
,,,0.1077,2612.37614,-6.40E-05,0.51304
,,,0.1078,2612.78997,2.88E-05,0.51304
,,,0.1079,2612.76473,1.22E-04,0.55373
,,,0.108,2613.52943,2.14E-04,0.53339
,,,0.1081,2613.50414,3.07E-04,0.57408
,,,0.1082,2613.91756,4.00E-04,0.57408
,,,0.1083,2613.89227,4.93E-04,0.58086
,,,0.1084,2614.04243,5.86E-04,0.61477
,,,0.1085,2614.01718,6.78E-04,0.60798
,,,0.1086,2614.25509,7.71E-04,0.60798
,,,0.1087,2614.3176,8.64E-04,0.62833
,,,0.1088,2614.2924,9.57E-04,0.64867
,,,0.1089,2614.35496,0.00105,0.64189
,,,0.109,2614.32981,0.00114,0.6758
,,,0.1091,2614.48013,0.00124,0.66902
,,,0.1092,2614.45502,0.00133,0.66902
,,,0.1093,2614.51766,0.00142,0.70293
,,,0.1094,2614.49261,0.00151,0.70293
,,,0.1095,2614.6429,0.00161,0.73006
,,,0.1096,2614.61789,0.0017,0.75718
,,,0.1097,2614.68061,0.00179,0.78431
,,,0.1098,2614.65566,0.00188,0.78431
,,,0.1099,2614.63074,0.00198,0.81822
,,,0.11,2614.86878,0.00207,0.81144
,,,0.1101,2614.84389,0.00216,0.84535
,,,0.1102,2614.81904,0.00226,0.85212
,,,0.1103,2614.79422,0.00235,0.87925
,,,0.1104,2614.76944,0.00244,0.86569
,,,0.1105,2614.74469,0.00253,0.8996
,,,0.1106,2614.6324,0.00263,0.91994
,,,0.1107,2614.60773,0.00272,0.92672
,,,0.1108,2614.67066,0.00281,0.92672
,,,0.1109,2614.64605,0.00291,0.95385
,,,0.111,2614.44624,0.003,0.92672
,,,0.1111,2614.42172,0.00309,1.00132
,,,0.1112,2614.74773,0.00318,0.99454
,,,0.1113,2614.63559,0.00328,1.01489
,,,0.1114,2614.61112,0.00337,1.02845
,,,0.1115,2614.67424,0.00346,1.03523
,,,0.1116,2614.64983,0.00356,1.06236
,,,0.1117,2614.53782,0.00365,1.10305
,,,0.1118,2614.51349,0.00374,1.06236
,,,0.1119,2614.57683,0.00383,1.10305
,,,0.112,2614.55256,0.00393,1.13017
,,,0.1121,2614.61585,0.00402,1.13017
,,,0.1122,2614.59163,0.00411,1.13696
,,,0.1123,2615.0053,0.0042,1.16408
,,,0.1124,2614.98108,0.0043,1.14374
,,,0.1125,2615.04449,0.00439,1.18443
,,,0.1126,2615.10791,0.00448,1.17087
,,,0.1127,2615.08376,0.00458,1.19799
,,,0.1128,2615.23471,0.00467,1.19121
,,,0.1129,2615.2106,0.00476,1.2319
,,,0.113,2615.18652,0.00485,1.21833
,,,0.1131,2615.16248,0.00495,1.25224
,,,0.1132,2615.22604,0.00504,1.25224
,,,0.1133,2615.20205,0.00513,1.27259
,,,0.1134,2615.26556,0.00523,1.27259
,,,0.1135,2615.24162,0.00532,1.3065
,,,0.1136,2615.30518,0.00541,1.32006
,,,0.1137,2615.28129,0.0055,1.32684
,,,0.1138,2615.25744,0.0056,1.32684
,,,0.1139,2615.67111,0.00569,1.33362
,,,0.114,2615.64726,0.00578,1.36075
,,,0.1141,2615.71096,0.00588,1.35397
,,,0.1142,2615.68716,0.00597,1.36075
,,,0.1143,2615.66339,0.00606,1.35397
,,,0.1144,2615.63966,0.00615,1.36075
,,,0.1145,2616.05327,0.00625,1.36753
,,,0.1146,2616.02953,0.00634,1.3811
,,,0.1147,2615.83095,0.00643,1.41501
,,,0.1148,2615.8073,0.00652,1.40144
,,,0.1149,2616.04605,0.00662,1.3811
,,,0.115,2616.02244,0.00671,1.3811
,,,0.1151,2616.08633,0.0068,1.40822
,,,0.1152,2615.8879,0.0069,1.42857
,,,0.1153,2615.86439,0.00699,1.41501
,,,0.1154,2615.75344,0.00708,1.41501
,,,0.1155,2615.73001,0.00717,1.42857
,,,0.1156,2615.61913,0.00727,1.44213
,,,0.1157,2615.59577,0.00736,1.44892
,,,0.1158,2615.83479,0.00745,1.44213
,,,0.1159,2615.81146,0.00755,1.45569
,,,0.116,2615.78816,0.00764,1.44892
,,,0.1161,2615.7649,0.00773,1.46248
,,,0.1162,2615.82912,0.00782,1.47604
,,,0.1163,2615.80591,0.00792,1.47604
,,,0.1164,2615.78273,0.00801,1.49639
,,,0.1165,2615.49728,0.0081,1.45569
,,,0.1166,2615.47419,0.0082,1.4896
,,,0.1167,2615.10132,0.00829,1.49639
,,,0.1168,2615.07835,0.00838,1.46248
,,,0.1169,2614.44317,0.00847,1.48282
,,,0.117,2614.42035,0.00857,1.47604
,,,0.1171,2614.2226,0.00866,1.49639
,,,0.1172,2614.19987,0.00875,1.49639
,,,0.1173,2614.08973,0.00884,1.50995
,,,0.1174,2614.06708,0.00894,1.49639
,,,0.1175,2614.21949,0.00903,1.52351
,,,0.1176,2614.19687,0.00912,1.53029
,,,0.1177,2613.99933,0.00922,1.4896
,,,0.1178,2613.9768,0.00931,1.50995
,,,0.1179,2613.95429,0.0094,1.52351
,,,0.118,2613.93182,0.00949,1.50317
,,,0.1181,2613.90937,0.00959,1.52351
,,,0.1182,2613.79944,0.00968,1.49639
,,,0.1183,2613.77707,0.00977,1.52351
,,,0.1184,2613.75473,0.00987,1.51673
,,,0.1185,2613.73242,0.00996,1.51673
,,,0.1186,2613.6227,0.01005,1.51673
,,,0.1187,2613.60046,0.01014,1.50995
,,,0.1188,2613.57826,0.01024,1.51673
,,,0.1189,2613.55608,0.01033,1.53708
,,,0.119,2613.00898,0.01042,1.50995
,,,0.1191,2612.5493,0.01052,1.50317
,,,0.1192,2612.52734,0.01061,1.51673
,,,0.1193,2612.59299,0.0107,1.52351
,,,0.1194,2612.57109,0.01079,1.54385
,,,0.1195,2612.54921,0.01089,1.47604
,,,0.1196,2612.52736,0.01098,1.53029
,,,0.1197,2612.24292,0.01107,1.51673
,,,0.1198,2612.22117,0.01116,1.50317
,,,0.1199,2612.28702,0.01126,1.51673
,,,0.12,2612.26532,0.01135,1.53708
,,,0.1201,2612.24364,0.01144,1.52351
,,,0.1202,2612.222,0.01154,1.51673
,,,0.1203,2612.02532,0.01163,1.4896
,,,0.1204,2612.00376,0.01172,1.50995
,,,0.1205,2611.98223,0.01181,1.49639
,,,0.1206,2611.52296,0.01191,1.51673
,,,0.1207,2611.50154,0.012,1.54385
,,,0.1208,2611.21743,0.01209,1.52351
,,,0.1209,2611.19611,0.01219,1.51673
,,,0.121,2611.26233,0.01228,1.52351
,,,0.1211,2611.24106,0.01237,1.50995
,,,0.1212,2610.95706,0.01246,1.50317
,,,0.1213,2610.93588,0.01256,1.52351
,,,0.1214,2610.5644,0.01265,1.51673
,,,0.1215,2610.54332,0.01274,1.53029
,,,0.1216,2610.34708,0.01284,1.52351
,,,0.1217,2610.23843,0.01293,1.53708
,,,0.1218,2610.21747,0.01302,1.51673
,,,0.1219,2609.49557,0.01311,1.53029
,,,0.122,2609.47477,0.01321,1.51673
,,,0.1221,2609.3663,0.0133,1.52351
,,,0.1222,2609.34556,0.01339,1.50995
,,,0.1223,2609.06186,0.01348,1.54385
,,,0.1224,2609.04121,0.01358,1.53708
,,,0.1225,2608.66993,0.01367,1.54385
,,,0.1226,2608.64938,0.01376,1.50995
,,,0.1227,2608.10274,0.01386,1.50995
,,,0.1228,2608.08232,0.01395,1.50317
,,,0.1229,2607.97418,0.01404,1.48282
,,,0.123,2607.60297,0.01413,1.50995
,,,0.1231,2607.58269,0.01423,1.4896
,,,0.1232,2607.47467,0.01432,1.52351
,,,0.1233,2607.45445,0.01441,1.52351
,,,0.1234,2607.08323,0.01451,1.52351
,,,0.1235,2607.06312,0.0146,1.52351
,,,0.1236,2606.60421,0.01469,1.52351
,,,0.1237,2606.58421,0.01478,1.51673
,,,0.1238,2606.21313,0.01488,1.52351
,,,0.1239,2606.19322,0.01497,1.52351
,,,0.124,2605.64647,0.01506,1.51673
,,,0.1241,2605.62669,0.01516,1.53708
,,,0.1242,2605.51907,0.01525,1.53029
,,,0.1243,2605.23584,0.01534,1.53708
,,,0.1244,2605.21618,0.01543,1.52351
,,,0.1245,2605.28442,0.01553,1.55064
,,,0.1246,2605.26481,0.01562,1.52351
,,,0.1247,2604.98168,0.01571,1.54385
,,,0.1248,2604.96215,0.0158,1.53029
,,,0.1249,2604.67908,0.0159,1.52351
,,,0.125,2604.65963,0.01599,1.54385
,,,0.1251,2604.3766,0.01608,1.53708
,,,0.1252,2604.35724,0.01618,1.55064
,,,0.1253,2604.07426,0.01627,1.54385
,,,0.1254,2604.05498,0.01636,1.55064
,,,0.1255,2603.94781,0.01645,1.54385
,,,0.1256,2603.75284,0.01655,1.54385
,,,0.1257,2603.73367,0.01664,1.55742
,,,0.1258,2603.89029,0.01673,1.54385
,,,0.1259,2603.87115,0.01683,1.54385
,,,0.126,2603.93987,0.01692,1.53029
,,,0.1261,2603.92077,0.01701,1.55064
,,,0.1262,2603.90169,0.0171,1.52351
,,,0.1263,2603.88264,0.0172,1.55064
,,,0.1264,2603.77571,0.01729,1.55064
,,,0.1265,2603.75672,0.01738,1.53708
,,,0.1266,2603.64984,0.01748,1.53708
,,,0.1267,2603.63091,0.01757,1.54385
,,,0.1268,2603.87565,0.01766,1.53708
,,,0.1269,2604.03244,0.01775,1.55742
,,,0.127,2604.01353,0.01785,1.53708
,,,0.1271,2604.17033,0.01794,1.55064
,,,0.1272,2604.15145,0.01803,1.54385
,,,0.1273,2603.95691,0.01812,1.54385
,,,0.1274,2603.9381,0.01822,1.54385
,,,0.1275,2604.09499,0.01831,1.5642
,,,0.1276,2604.0762,0.0184,1.57099
,,,0.1277,2603.96957,0.0185,1.57099
,,,0.1278,2603.95084,0.01859,1.57099
,,,0.1279,2604.01993,0.01868,1.57776
,,,0.128,2604.00125,0.01877,1.55742
,,,0.1281,2604.5973,0.01887,1.57776
,,,0.1282,2604.49074,0.01896,1.57099
,,,0.1283,2604.47206,0.01905,1.57776
,,,0.1284,2604.45341,0.01915,1.55064
,,,0.1285,2604.43478,0.01924,1.57099
,,,0.1286,2604.41617,0.01933,1.5642
,,,0.1287,2604.39759,0.01942,1.57776
,,,0.1288,2604.29119,0.01952,1.57099
,,,0.1289,2604.27267,0.01961,1.58455
,,,0.129,2604.25417,0.0197,1.59811
,,,0.1291,2604.2357,0.0198,1.57776
,,,0.1292,2604.21725,0.01989,1.57776
,,,0.1293,2603.84752,0.01998,1.59133
,,,0.1294,2603.82917,0.02007,1.58455
,,,0.1295,2603.54733,0.02017,1.59811
,,,0.1296,2603.52906,0.02026,1.58455
,,,0.1297,2603.68645,0.02035,1.6049
,,,0.1298,2603.6682,0.02044,1.59133
,,,0.1299,2603.5622,0.02054,1.59811
,,,0.13,2603.54401,0.02063,1.58455
,,,0.1301,2603.08666,0.02072,1.57776
,,,0.1302,2603.06857,0.02082,1.59811
,,,0.1303,2603.05051,0.02091,1.61846
,,,0.1304,2603.03247,0.021,1.58455
,,,0.1305,2602.75087,0.02109,1.61167
,,,0.1306,2602.64501,0.02119,1.58455
,,,0.1307,2602.62709,0.02128,1.59133
,,,0.1308,2602.43347,0.02137,1.59811
,,,0.1309,2602.41561,0.02147,1.59133
,,,0.131,2602.74919,0.02156,1.57099
,,,0.1311,2602.73133,0.02165,1.59133
,,,0.1312,2602.62561,0.02174,1.61846
,,,0.1313,2602.60782,0.02184,1.6049
,,,0.1314,2602.76572,0.02193,1.59811
,,,0.1315,2602.74795,0.02202,1.59133
,,,0.1316,2602.55452,0.02212,1.61167
,,,0.1317,2602.53682,0.02221,1.61846
,,,0.1318,2602.87046,0.0223,1.59811
,,,0.1319,2602.85276,0.02239,1.58455
,,,0.132,2602.83508,0.02249,1.6049
,,,0.1321,2602.72956,0.02258,1.6049
,,,0.1322,2602.71194,0.02267,1.5642
,,,0.1323,2602.69434,0.02276,1.61167
,,,0.1324,2602.67676,0.02286,1.6049
,,,0.1325,2602.83484,0.02295,1.61167
,,,0.1326,2602.81729,0.02304,1.59811
,,,0.1327,2602.62413,0.02314,1.59811
,,,0.1328,2602.60664,0.02323,1.59133
,,,0.1329,2602.76481,0.02332,1.61167
,,,0.133,2602.74735,0.02341,1.59811
,,,0.1331,2602.90551,0.02351,1.6049
,,,0.1332,2602.71247,0.0236,1.59811
,,,0.1333,2602.69508,0.02369,1.59811
,,,0.1334,2602.58985,0.02379,1.59133
,,,0.1335,2602.57252,0.02388,1.6049
,,,0.1336,2602.46735,0.02397,1.58455
,,,0.1337,2602.45007,0.02406,1.61846
,,,0.1338,2602.60842,0.02416,1.61167
,,,0.1339,2602.59116,0.02425,1.61167
,,,0.134,2602.74952,0.02434,1.59811
,,,0.1341,2602.73228,0.02444,1.6049
,,,0.1342,2602.62732,0.02453,1.59811
,,,0.1343,2602.61015,0.02462,1.61846
,,,0.1344,2602.59299,0.02471,1.58455
,,,0.1345,2602.57585,0.02481,1.6049
,,,0.1346,2602.55874,0.0249,1.59811
,,,0.1347,2602.6294,0.02499,1.61846
,,,0.1348,2602.61232,0.02508,1.59811
,,,0.1349,2602.50752,0.02518,1.6049
,,,0.135,2602.4905,0.02527,1.57776
,,,0.1351,2602.38575,0.02536,1.61167
,,,0.1352,2602.36878,0.02546,1.59811
,,,0.1353,2602.0884,0.02555,1.61167
,,,0.1354,2602.07151,0.02564,1.6049
,,,0.1355,2601.87902,0.02573,1.61846
,,,0.1356,2601.8622,0.02583,1.59811
,,,0.1357,2601.66976,0.02592,1.62524
,,,0.1358,2601.56513,0.02601,1.59811
,,,0.1359,2601.5484,0.02611,1.6049
,,,0.136,2601.26816,0.0262,1.6049
,,,0.1361,2601.2515,0.02629,1.61167
,,,0.1362,2601.05919,0.02638,1.59811
,,,0.1363,2601.0426,0.02648,1.59811
,,,0.1364,2600.93814,0.02657,1.59811
,,,0.1365,2600.9216,0.02666,1.61167
,,,0.1366,2600.72938,0.02676,1.6049
,,,0.1367,2600.71291,0.02685,1.6049
,,,0.1368,2600.60855,0.02694,1.59133
,,,0.1369,2600.59214,0.02703,1.61846
,,,0.137,2600.13633,0.02713,1.59811
,,,0.1371,2599.59252,0.02722,1.59811
,,,0.1372,2599.57628,0.02731,1.6049
,,,0.1373,2599.82382,0.0274,1.59811
,,,0.1374,2599.8076,0.0275,1.59133
,,,0.1375,2599.61559,0.02759,1.59133
,,,0.1376,2599.59942,0.02768,1.59811
,,,0.1377,2599.58328,0.02778,1.58455
,,,0.1378,2599.56715,0.02787,1.59133
,,,0.1379,2599.99056,0.02796,1.58455
,,,0.138,2599.97442,0.02805,1.59811
,,,0.1381,2599.87038,0.02815,1.59811
,,,0.1382,2599.8543,0.02824,1.57776
,,,0.1383,2599.75031,0.02833,1.57776
,,,0.1384,2599.99796,0.02843,1.59811
,,,0.1385,2599.98192,0.02852,1.59133
,,,0.1386,2600.14163,0.02861,1.59133
,,,0.1387,2600.12561,0.0287,1.57776
,,,0.1388,2600.19751,0.0288,1.59811
,,,0.1389,2600.18152,0.02889,1.59811
,,,0.139,2600.34124,0.02898,1.57776
,,,0.1391,2600.32527,0.02908,1.59133
,,,0.1392,2600.57287,0.02917,1.59133
,,,0.1393,2600.55691,0.02926,1.55742
,,,0.1394,2600.54097,0.02935,1.57099
,,,0.1395,2600.52505,0.02945,1.59811
,,,0.1396,2600.59701,0.02954,1.58455
,,,0.1397,2600.75675,0.02963,1.59133
,,,0.1398,2600.74086,0.02972,1.55742
,,,0.1399,2600.98843,0.02982,1.59133
,,,0.14,2600.97256,0.02991,1.59133
,,,0.1401,2601.13227,0.03,1.58455
,,,0.1402,2601.11641,0.0301,1.57099
,,,0.1403,2601.27621,0.03019,1.57776
,,,0.1404,2601.26037,0.03028,1.58455
,,,0.1405,2601.24455,0.03037,1.57099
,,,0.1406,2601.22875,0.03047,1.57776
,,,0.1407,2601.3885,0.03056,1.5642
,,,0.1408,2601.37272,0.03065,1.57099
,,,0.1409,2601.44476,0.03075,1.55742
,,,0.141,2601.69228,0.03084,1.53029
,,,0.1411,2601.67652,0.03093,1.55742
,,,0.1412,2601.924,0.03102,1.55064
,,,0.1413,2601.90826,0.03112,1.55064
,,,0.1414,2601.80476,0.03121,1.5642
,,,0.1415,2601.78906,0.0313,1.55064
,,,0.1416,2601.86115,0.0314,1.5642
,,,0.1417,2601.84548,0.03149,1.55064
,,,0.1418,2602.26839,0.03158,1.57099
,,,0.1419,2602.25271,0.03167,1.55064
,,,0.142,2602.41242,0.03177,1.53708
,,,0.1421,2602.39676,0.03186,1.57099
,,,0.1422,2602.20576,0.03195,1.5642
,,,0.1423,2602.45324,0.03204,1.58455
,,,0.1424,2602.43763,0.03214,1.57099
,,,0.1425,2602.50975,0.03223,1.58455
,,,0.1426,2602.49417,0.03232,1.55064
,,,0.1427,2602.56632,0.03242,1.5642
,,,0.1428,2602.55077,0.03251,1.53708
,,,0.1429,2602.88593,0.0326,1.57776
,,,0.143,2602.87038,0.03269,1.55064
,,,0.1431,2602.85485,0.03279,1.57099
,,,0.1432,2602.83934,0.03288,1.55064
,,,0.1433,2603.08669,0.03297,1.55742
,,,0.1434,2603.07118,0.03307,1.55064
,,,0.1435,2603.23093,0.03316,1.55064
,,,0.1436,2603.3031,0.03325,1.57099
,,,0.1437,2603.28763,0.03334,1.55742
,,,0.1438,2603.27218,0.03344,1.55742
,,,0.1439,2603.25675,0.03353,1.57099
,,,0.144,2603.15369,0.03362,1.57099
,,,0.1441,2603.13831,0.03372,1.5642
,,,0.1442,2603.21051,0.03381,1.55064
,,,0.1443,2603.19516,0.0339,1.55742
,,,0.1444,2603.6178,0.03399,1.54385
,,,0.1445,2603.60244,0.03409,1.59133
,,,0.1446,2603.76223,0.03418,1.54385
,,,0.1447,2603.74689,0.03427,1.57776
,,,0.1448,2603.90668,0.03436,1.55742
,,,0.1449,2603.89135,0.03446,1.57776
,,,0.145,2603.87605,0.03455,1.55064
,,,0.1451,2603.94836,0.03464,1.57099
,,,0.1452,2603.93308,0.03474,1.55064
,,,0.1453,2603.83024,0.03483,1.58455
,,,0.1454,2603.81501,0.03492,1.57099
,,,0.1455,2603.8874,0.03501,1.57776
,,,0.1456,2603.8722,0.03511,1.57099
,,,0.1457,2604.20715,0.0352,1.59133
,,,0.1458,2604.19195,0.03529,1.55064
,,,0.1459,2604.3519,0.03539,1.57776
,,,0.146,2604.33672,0.03548,1.55742
,,,0.1461,2604.58411,0.03557,1.55742
,,,0.1462,2604.74392,0.03566,1.58455
,,,0.1463,2604.72875,0.03576,1.57099
,,,0.1464,2604.62607,0.03585,1.57776
,,,0.1465,2604.61095,0.03594,1.5642
,,,0.1466,2604.42087,0.03604,1.55064
,,,0.1467,2604.40581,0.03613,1.57099
,,,0.1468,2604.30322,0.03622,1.53708
,,,0.1469,2604.28821,0.03631,1.57776
,,,0.147,2604.09822,0.03641,1.5642
,,,0.1471,2604.08327,0.0365,1.57776
,,,0.1472,2603.89331,0.03659,1.57099
,,,0.1473,2603.87842,0.03668,1.59133
,,,0.1474,2603.77608,0.03678,1.55742
,,,0.1475,2603.58619,0.03687,1.57776
,,,0.1476,2603.57138,0.03696,1.5642
,,,0.1477,2603.5566,0.03706,1.57099
,,,0.1478,2603.54184,0.03715,1.57099
,,,0.1479,2603.35203,0.03724,1.57776
,,,0.148,2603.33733,0.03733,1.58455
,,,0.1481,2603.41013,0.03743,1.57776
,,,0.1482,2603.39545,0.03752,1.57099
,,,0.1483,2603.38079,0.03761,1.57776
,,,0.1484,2603.36615,0.03771,1.57099
,,,0.1485,2603.35153,0.0378,1.5642
,,,0.1486,2603.33693,0.03789,1.57099
,,,0.1487,2603.49739,0.03798,1.58455
,,,0.1488,2603.48281,0.03808,1.55064
,,,0.1489,2603.46825,0.03817,1.58455
,,,0.149,2603.4537,0.03826,1.55742
,,,0.1491,2603.43918,0.03836,1.55064
,,,0.1492,2603.51222,0.03845,1.54385
,,,0.1493,2603.49773,0.03854,1.55064
,,,0.1494,2603.57071,0.03863,1.53029
,,,0.1495,2603.55624,0.03873,1.57099
,,,0.1496,2603.54178,0.03882,1.5642
,,,0.1497,2603.52735,0.03891,1.55064
,,,0.1498,2603.68793,0.039,1.55064
,,,0.1499,2603.67351,0.0391,1.55742
,,,0.15,2603.57158,0.03919,1.55064
,,,0.1501,2603.38221,0.03928,1.57099
,,,0.1502,2603.36788,0.03938,1.55064
,,,0.1503,2603.35357,0.03947,1.55742
,,,0.1504,2603.33928,0.03956,1.55064
,,,0.1505,2603.50009,0.03965,1.55742
,,,0.1506,2603.48581,0.03975,1.54385
,,,0.1507,2603.47156,0.03984,1.55742
,,,0.1508,2603.45732,0.03993,1.53708
,,,0.1509,2603.18057,0.04003,1.55064
,,,0.151,2603.1664,0.04012,1.55064
,,,0.1511,2603.15225,0.04021,1.55064
,,,0.1512,2603.40064,0.0403,1.55064
,,,0.1513,2603.38649,0.0404,1.57099
,,,0.1514,2603.54732,0.04049,1.54385
,,,0.1515,2603.53319,0.04058,1.55064
,,,0.1516,2603.69402,0.04068,1.54385
,,,0.1517,2603.67991,0.04077,1.57776
,,,0.1518,2603.66582,0.04086,1.53029
,,,0.1519,2603.65174,0.04095,1.55064
,,,0.152,2603.37523,0.04105,1.53708
,,,0.1521,2603.36122,0.04114,1.55064
,,,0.1522,2603.43475,0.04123,1.54385
,,,0.1523,2603.42077,0.04132,1.55064
,,,0.1524,2603.31938,0.04142,1.53708
,,,0.1525,2603.30544,0.04151,1.55742
,,,0.1526,2603.29152,0.0416,1.55064
,,,0.1527,2603.27762,0.0417,1.54385
,,,0.1528,2603.26374,0.04179,1.57099
,,,0.1529,2603.4249,0.04188,1.55064
,,,0.153,2603.41103,0.04197,1.53708
,,,0.1531,2603.74707,0.04207,1.54385
,,,0.1532,2603.7332,0.04216,1.53708
,,,0.1533,2603.71935,0.04225,1.55064
,,,0.1534,2603.70552,0.04235,1.54385
,,,0.1535,2603.60422,0.04244,1.55064
,,,0.1536,2603.59043,0.04253,1.53708
,,,0.1537,2603.57666,0.04262,1.52351
,,,0.1538,2603.47542,0.04272,1.53708
,,,0.1539,2603.4617,0.04281,1.54385
,,,0.154,2603.53548,0.0429,1.54385
,,,0.1541,2603.52178,0.043,1.55064
,,,0.1542,2603.42062,0.04309,1.55064
,,,0.1543,2603.40696,0.04318,1.55064
,,,0.1544,2603.48081,0.04327,1.55742
,,,0.1545,2603.46719,0.04337,1.55742
,,,0.1546,2603.80328,0.04346,1.55064
,,,0.1547,2603.78965,0.04355,1.55064
,,,0.1548,2603.16397,0.04364,1.53029
,,,0.1549,2603.15044,0.04374,1.54385
,,,0.155,2602.87452,0.04383,1.55064
,,,0.1551,2602.77355,0.04392,1.57099
,,,0.1552,2602.76011,0.04402,1.53029
,,,0.1553,2603.00912,0.04411,1.55064
,,,0.1554,2602.99569,0.0442,1.53708
,,,0.1555,2603.06977,0.04429,1.55064
,,,0.1556,2603.05636,0.04439,1.55064
,,,0.1557,2603.39272,0.04448,1.54385
,,,0.1558,2603.37931,0.04457,1.5642
,,,0.1559,2603.19106,0.04467,1.53708
,,,0.156,2603.1777,0.04476,1.52351
,,,0.1561,2603.16437,0.04485,1.54385
,,,0.1562,2603.15105,0.04494,1.51673
,,,0.1563,2603.40006,0.04504,1.54385
,,,0.1564,2603.29928,0.04513,1.52351
,,,0.1565,2603.286,0.04522,1.55064
,,,0.1566,2603.44756,0.04532,1.53708
,,,0.1567,2603.43428,0.04541,1.52351
,,,0.1568,2603.77071,0.0455,1.54385
,,,0.1569,2603.75744,0.04559,1.52351
,,,0.157,2603.83152,0.04569,1.50317
,,,0.1571,2603.81827,0.04578,1.50995
,,,0.1572,2603.71769,0.04587,1.53029
,,,0.1573,2603.70448,0.04596,1.52351
,,,0.1574,2603.42907,0.04606,1.52351
,,,0.1575,2603.41592,0.04615,1.50317
,,,0.1576,2603.22799,0.04624,1.53029
,,,0.1577,2603.04007,0.04634,1.50995
,,,0.1578,2603.02702,0.04643,1.52351
,,,0.1579,2602.75175,0.04652,1.52351
,,,0.158,2602.73876,0.04661,1.50995
,,,0.1581,2602.81326,0.04671,1.50995
,,,0.1582,2602.80029,0.0468,1.52351
,,,0.1583,2602.69987,0.04689,1.55064
,,,0.1584,2602.68695,0.04699,1.54385
,,,0.1585,2602.49917,0.04708,1.53708
,,,0.1586,2602.4863,0.04717,1.53708
,,,0.1587,2602.12366,0.04726,1.53029
,,,0.1588,2602.11086,0.04736,1.52351
,,,0.1589,2601.83565,0.04745,1.50317
,,,0.159,2601.82291,0.04754,1.52351
,,,0.1591,2601.81019,0.04764,1.53029
,,,0.1592,2601.53501,0.04773,1.52351
,,,0.1593,2601.52236,0.04782,1.52351
,,,0.1594,2601.50971,0.04791,1.51673
,,,0.1595,2601.49709,0.04801,1.52351
,,,0.1596,2601.39695,0.0481,1.52351
,,,0.1597,2601.38437,0.04819,1.54385
,,,0.1598,2601.02182,0.04828,1.53708
,,,0.1599,2601.00931,0.04838,1.51673
,,,0.16,2600.90926,0.04847,1.51673
,,,0.1601,2600.89679,0.04856,1.52351
,,,0.1602,2600.70931,0.04866,1.53708
,,,0.1603,2600.34679,0.04875,1.50995
,,,0.1604,2600.33442,0.04884,1.53029
,,,0.1605,2600.0594,0.04893,1.55064
,,,0.1606,2600.0471,0.04903,1.54385
,,,0.1607,2599.94721,0.04912,1.55064
,,,0.1608,2599.93495,0.04921,1.51673
,,,0.1609,2599.74758,0.04931,1.50317
,,,0.161,2599.73537,0.0494,1.53029
,,,0.1611,2599.28526,0.04949,1.52351
,,,0.1612,2599.27313,0.04958,1.53029
,,,0.1613,2599.17337,0.04968,1.54385
,,,0.1614,2599.16128,0.04977,1.52351
,,,0.1615,2598.97401,0.04986,1.53029
,,,0.1616,2599.04961,0.04996,1.53029
,,,0.1617,2599.03757,0.05005,1.51673
,,,0.1618,2598.58748,0.05014,1.53708
,,,0.1619,2598.57552,0.05023,1.54385
,,,0.162,2598.38825,0.05033,1.52351
,,,0.1621,2598.37633,0.05042,1.52351
,,,0.1622,2597.92621,0.05051,1.50995
,,,0.1623,2597.91438,0.0506,1.53708
,,,0.1624,2597.72726,0.0507,1.50995
,,,0.1625,2597.71547,0.05079,1.53029
,,,0.1626,2597.17768,0.05088,1.52351
,,,0.1627,2597.16597,0.05098,1.50317
,,,0.1628,2596.89117,0.05107,1.52351
,,,0.1629,2596.87953,0.05116,1.52351
,,,0.163,2596.8679,0.05125,1.49639
,,,0.1631,2596.32992,0.05135,1.52351
,,,0.1632,2596.31838,0.05144,1.52351
,,,0.1633,2595.86821,0.05153,1.50317
,,,0.1634,2595.85674,0.05163,1.53708
,,,0.1635,2595.58197,0.05172,1.50317
,,,0.1636,2595.57056,0.05181,1.51673
,,,0.1637,2595.03249,0.0519,1.50995
,,,0.1638,2595.02117,0.052,1.51673
,,,0.1639,2594.92211,0.05209,1.51673
,,,0.164,2594.91082,0.05218,1.53029
,,,0.1641,2594.98729,0.05228,1.53029
,,,0.1642,2595.06385,0.05237,1.52351
,,,0.1643,2595.05259,0.05246,1.50317
,,,0.1644,2594.51454,0.05255,1.53029
,,,0.1645,2594.50336,0.05265,1.51673
,,,0.1646,2594.31656,0.05274,1.52351
,,,0.1647,2594.30542,0.05283,1.54385
,,,0.1648,2593.94298,0.05292,1.53029
,,,0.1649,2593.93191,0.05302,1.51673
,,,0.165,2594.00873,0.05311,1.53029
,,,0.1651,2593.99768,0.0532,1.52351
,,,0.1652,2593.98664,0.0533,1.52351
,,,0.1653,2593.97562,0.05339,1.51673
,,,0.1654,2593.87673,0.05348,1.52351
,,,0.1655,2593.86574,0.05357,1.53708
,,,0.1656,2593.85477,0.05367,1.52351
,,,0.1657,2593.75592,0.05376,1.51673
,,,0.1658,2593.74499,0.05385,1.53708
,,,0.1659,2593.29475,0.05395,1.51673
,,,0.166,2593.28389,0.05404,1.50317
,,,0.1661,2593.00946,0.05413,1.51673
,,,0.1662,2592.99865,0.05422,1.52351
,,,0.1663,2593.16361,0.05432,1.52351
,,,0.1664,2593.15281,0.05441,1.53708
,,,0.1665,2593.05419,0.0545,1.50995
,,,0.1666,2593.04343,0.0546,1.53029
,,,0.1667,2593.20841,0.05469,1.53029
,,,0.1668,2593.37337,0.05478,1.52351
,,,0.1669,2593.36261,0.05487,1.53708
,,,0.167,2593.35187,0.05497,1.51673
,,,0.1671,2593.34113,0.05506,1.54385
,,,0.1672,2593.24252,0.05515,1.50995
,,,0.1673,2593.23182,0.05524,1.52351
,,,0.1674,2593.13323,0.05534,1.52351
,,,0.1675,2593.12257,0.05543,1.53708
,,,0.1676,2592.84828,0.05552,1.52351
,,,0.1677,2592.83768,0.05562,1.52351
,,,0.1678,2593.17853,0.05571,1.50995
,,,0.1679,2593.16791,0.0558,1.55064
,,,0.168,2592.9816,0.05589,1.53029
,,,0.1681,2592.79529,0.05599,1.54385
,,,0.1682,2592.78475,0.05608,1.52351
,,,0.1683,2592.77422,0.05617,1.53708
,,,0.1684,2592.76371,0.05627,1.51673
,,,0.1685,2592.48953,0.05636,1.50995
,,,0.1686,2592.47907,0.05645,1.52351
,,,0.1687,2592.38069,0.05654,1.53708
,,,0.1688,2592.37027,0.05664,1.55064
,,,0.1689,2592.35985,0.05673,1.55064
,,,0.169,2592.34945,0.05682,1.53708
,,,0.1691,2592.427,0.05692,1.53029
,,,0.1692,2592.41661,0.05701,1.51673
,,,0.1693,2592.40624,0.0571,1.52351
,,,0.1694,2592.48372,0.05719,1.53029
,,,0.1695,2592.47336,0.05729,1.53708
,,,0.1696,2592.3751,0.05738,1.50995
,,,0.1697,2592.36478,0.05747,1.50317
,,,0.1698,2592.09087,0.05756,1.51673
,,,0.1699,2592.0806,0.05766,1.52351
,,,0.17,2591.98241,0.05775,1.50995
,,,0.1701,2591.97218,0.05784,1.51673
,,,0.1702,2592.13774,0.05794,1.54385
,,,0.1703,2592.12752,0.05803,1.55064
,,,0.1704,2592.02946,0.05812,1.53708
,,,0.1705,2592.01927,0.05821,1.52351
,,,0.1706,2592.18487,0.05831,1.51673
,,,0.1707,2591.82313,0.0584,1.52351
,,,0.1708,2591.813,0.05849,1.50995
,,,0.1709,2592.24235,0.05859,1.52351
,,,0.171,2592.23219,0.05868,1.50995
,,,0.1711,2592.13422,0.05877,1.52351
,,,0.1712,2592.12411,0.05886,1.54385
,,,0.1713,2592.55337,0.05896,1.52351
,,,0.1714,2592.54323,0.05905,1.52351
,,,0.1715,2592.621,0.05914,1.53708
,,,0.1716,2592.61088,0.05924,1.52351
,,,0.1717,2592.95211,0.05933,1.49639
,,,0.1718,2592.94198,0.05942,1.51673
,,,0.1719,2593.19535,0.05951,1.55064
,,,0.172,2593.0096,0.05961,1.52351
,,,0.1721,2592.9995,0.0597,1.50995
,,,0.1722,2593.34064,0.05979,1.52351
,,,0.1723,2593.33053,0.05988,1.55064
,,,0.1724,2593.58375,0.05998,1.54385
,,,0.1725,2593.57364,0.06007,1.53029
,,,0.1726,2593.73909,0.06016,1.51673
,,,0.1727,2593.72899,0.06026,1.53029
,,,0.1728,2593.89443,0.06035,1.52351
,,,0.1729,2593.88433,0.06044,1.53029
,,,0.173,2593.87425,0.06053,1.52351
,,,0.1731,2593.86418,0.06063,1.54385
,,,0.1732,2593.85412,0.06072,1.53708
,,,0.1733,2593.93187,0.06081,1.53708
,,,0.1734,2593.92183,0.06091,1.53708
,,,0.1735,2594.26277,0.061,1.54385
,,,0.1736,2594.25272,0.06109,1.50995
,,,0.1737,2594.33037,0.06118,1.52351
,,,0.1738,2594.32033,0.06128,1.53029
,,,0.1739,2594.48575,0.06137,1.54385
,,,0.174,2594.47572,0.06146,1.50995
,,,0.1741,2594.64113,0.06156,1.53708
,,,0.1742,2594.63111,0.06165,1.52351
,,,0.1743,2594.44568,0.06174,1.53029
,,,0.1744,2594.43571,0.06183,1.53029
,,,0.1745,2594.2503,0.06193,1.53029
,,,0.1746,2594.50356,0.06202,1.51673
,,,0.1747,2594.49361,0.06211,1.50317
,,,0.1748,2594.57143,0.0622,1.55064
,,,0.1749,2594.56149,0.0623,1.52351
,,,0.175,2594.99007,0.06239,1.51673
,,,0.1751,2594.98011,0.06248,1.54385
,,,0.1752,2595.32084,0.06258,1.50995
,,,0.1753,2595.31088,0.06267,1.54385
,,,0.1754,2595.0379,0.06276,1.54385
,,,0.1755,2595.02799,0.06285,1.53708
,,,0.1756,2595.19342,0.06295,1.50995
,,,0.1757,2595.18352,0.06304,1.53708
,,,0.1758,2595.17363,0.06313,1.52351
,,,0.1759,2594.98842,0.06323,1.52351
,,,0.176,2594.97858,0.06332,1.53029
,,,0.1761,2595.75759,0.06341,1.53029
,,,0.1762,2595.74769,0.0635,1.53708
,,,0.1763,2595.65013,0.0636,1.52351
,,,0.1764,2595.64027,0.06369,1.54385
,,,0.1765,2595.89331,0.06378,1.51673
,,,0.1766,2595.88344,0.06388,1.52351
,,,0.1767,2596.13644,0.06397,1.49639
,,,0.1768,2596.12657,0.06406,1.53029
,,,0.1769,2596.6422,0.06415,1.55064
,,,0.177,2597.68282,0.06425,1.53708
,,,0.1771,2597.67283,0.06434,1.51673
,,,0.1772,2598.10036,0.06443,1.50317
,,,0.1773,2598.09035,0.06452,1.53029
,,,0.1774,2598.51774,0.06462,1.50995
,,,0.1775,2598.50771,0.06471,1.52351
,,,0.1776,2598.76008,0.0648,1.51673
,,,0.1777,2598.75005,0.0649,1.50995
,,,0.1778,2598.91499,0.06499,1.51673
,,,0.1779,2598.90497,0.06508,1.51673
,,,0.178,2599.15718,0.06517,1.50995
,,,0.1781,2599.14716,0.06527,1.50317
,,,0.1782,2599.31196,0.06536,1.50995
,,,0.1783,2599.73895,0.06545,1.50317
,,,0.1784,2599.7289,0.06555,1.53029
,,,0.1785,2600.06843,0.06564,1.54385
,,,0.1786,2600.05837,0.06573,1.53029
,,,0.1787,2600.22312,0.06582,1.54385
,,,0.1788,2600.21307,0.06592,1.51673
,,,0.1789,2600.63975,0.06601,1.50317
,,,0.179,2600.62968,0.0661,1.50317
,,,0.1791,2600.96897,0.0662,1.52351
,,,0.1792,2600.95889,0.06629,1.50995
,,,0.1793,2601.03617,0.06638,1.51673
,,,0.1794,2601.02611,0.06647,1.52351
,,,0.1795,2600.92872,0.06657,1.51673
,,,0.1796,2600.83135,0.06666,1.52351
,,,0.1797,2600.82134,0.06675,1.51673
,,,0.1798,2601.16053,0.06684,1.52351
,,,0.1799,2601.15051,0.06694,1.52351
,,,0.18,2601.31507,0.06703,1.50995
,,,0.1801,2601.30507,0.06712,1.53708
,,,0.1802,2601.73142,0.06722,1.52351
,,,0.1803,2601.7214,0.06731,1.51673
,,,0.1804,2601.62409,0.0674,1.51673
,,,0.1805,2601.6141,0.06749,1.53708
,,,0.1806,2602.04037,0.06759,1.51673
,,,0.1807,2602.03036,0.06768,1.51673
,,,0.1808,2602.02036,0.06777,1.52351
,,,0.1809,2602.01038,0.06787,1.49639
,,,0.181,2602.00041,0.06796,1.50995
,,,0.1811,2602.1649,0.06805,1.51673
,,,0.1812,2602.15493,0.06814,1.51673
,,,0.1813,2602.14499,0.06824,1.50995
,,,0.1814,2602.13505,0.06833,1.50317
,,,0.1815,2602.21238,0.06842,1.49639
,,,0.1816,2602.20246,0.06852,1.52351
,,,0.1817,2602.27981,0.06861,1.51673
,,,0.1818,2602.26991,0.0687,1.52351
,,,0.1819,2602.43441,0.06879,1.50317
,,,0.182,2602.42452,0.06889,1.50317
,,,0.1821,2602.67614,0.06898,1.52351
,,,0.1822,2602.57911,0.06907,1.50995
,,,0.1823,2602.56924,0.06916,1.52351
,,,0.1824,2602.38492,0.06926,1.52351
,,,0.1825,2602.37509,0.06935,1.52351
,,,0.1826,2602.53964,0.06944,1.53029
,,,0.1827,2602.52982,0.06954,1.52351
,,,0.1828,2602.78157,0.06963,1.54385
,,,0.1829,2602.77174,0.06972,1.54385
,,,0.183,2602.84905,0.06981,1.51673
,,,0.1831,2602.83924,0.06991,1.55064
,,,0.1832,2602.65512,0.07,1.52351
,,,0.1833,2602.64535,0.07009,1.53029
,,,0.1834,2602.80993,0.07019,1.51673
,,,0.1835,2602.88737,0.07028,1.53029
,,,0.1836,2602.87762,0.07037,1.50995
,,,0.1837,2602.86787,0.07046,1.49639
,,,0.1838,2602.85815,0.07056,1.53708
,,,0.1839,2603.02272,0.07065,1.53708
,,,0.184,2603.013,0.07074,1.53708
,,,0.1841,2602.74181,0.07084,1.52351
,,,0.1842,2602.73214,0.07093,1.50995
,,,0.1843,2602.80968,0.07102,1.50995
,,,0.1844,2602.80003,0.07111,1.52351
,,,0.1845,2602.70328,0.07121,1.50995
,,,0.1846,2602.69366,0.0713,1.50995
,,,0.1847,2602.85835,0.07139,1.50995
,,,0.1848,2602.84874,0.07148,1.52351
,,,0.1849,2602.83914,0.07158,1.52351
,,,0.185,2602.82955,0.07167,1.50317
,,,0.1851,2602.81998,0.07176,1.54385
,,,0.1852,2602.20027,0.07186,1.52351
,,,0.1853,2602.19078,0.07195,1.51673
,,,0.1854,2602.26852,0.07204,1.52351
,,,0.1855,2602.25905,0.07213,1.50995
,,,0.1856,2601.98802,0.07223,1.53029
,,,0.1857,2601.9786,0.07232,1.51673
,,,0.1858,2602.14354,0.07241,1.54385
,,,0.1859,2602.13413,0.07251,1.50317
,,,0.186,2601.4272,0.0726,1.52351
,,,0.1861,2600.80725,0.07269,1.49639
,,,0.1862,2600.79801,0.07278,1.53029
,,,0.1863,2600.17791,0.07288,1.53029
,,,0.1864,2600.16875,0.07297,1.51673
,,,0.1865,2599.72311,0.07306,1.51673
,,,0.1866,2599.71401,0.07316,1.50995
,,,0.1867,2599.44296,0.07325,1.51673
,,,0.1868,2599.43392,0.07334,1.50995
,,,0.1869,2599.16287,0.07343,1.52351
,,,0.187,2599.15388,0.07353,1.51673
,,,0.1871,2598.97022,0.07362,1.52351
,,,0.1872,2598.96127,0.07371,1.52351
,,,0.1873,2598.77764,0.0738,1.50995
,,,0.1874,2598.50662,0.0739,1.51673
,,,0.1875,2598.49773,0.07399,1.51673
,,,0.1876,2598.31405,0.07408,1.51673
,,,0.1877,2598.3052,0.07418,1.52351
,,,0.1878,2597.94677,0.07427,1.51673
,,,0.1879,2597.93799,0.07436,1.51673
,,,0.188,2597.57954,0.07445,1.53029
,,,0.1881,2597.57081,0.07455,1.52351
,,,0.1882,2597.29981,0.07464,1.51673
,,,0.1883,2597.29113,0.07473,1.52351
,,,0.1884,2597.28246,0.07483,1.53029
,,,0.1885,2597.2738,0.07492,1.53029
,,,0.1886,2597.52743,0.07501,1.52351
,,,0.1887,2597.781,0.0751,1.53029
,,,0.1888,2597.77232,0.0752,1.53029
,,,0.1889,2597.67622,0.07529,1.54385
,,,0.189,2597.66758,0.07538,1.52351
,,,0.1891,2597.48414,0.07548,1.51673
,,,0.1892,2597.47554,0.07557,1.49639
,,,0.1893,2597.20467,0.07566,1.54385
,,,0.1894,2597.19611,0.07575,1.51673
,,,0.1895,2596.83786,0.07585,1.51673
,,,0.1896,2596.82935,0.07594,1.50995
,,,0.1897,2596.29607,0.07603,1.49639
,,,0.1898,2596.28764,0.07612,1.51673
,,,0.1899,2596.19171,0.07622,1.51673
,,,0.19,2595.8334,0.07631,1.50317
,,,0.1901,2595.82504,0.0764,1.50995
,,,0.1902,2595.72924,0.0765,1.50317
,,,0.1903,2595.72092,0.07659,1.49639
,,,0.1904,2595.62515,0.07668,1.52351
,,,0.1905,2595.61685,0.07677,1.49639
,,,0.1906,2595.69601,0.07687,1.50995
,,,0.1907,2595.68772,0.07696,1.50995
,,,0.1908,2595.32945,0.07705,1.51673
,,,0.1909,2595.32121,0.07715,1.49639
,,,0.191,2595.13796,0.07724,1.51673
,,,0.1911,2595.12977,0.07733,1.4896
,,,0.1912,2594.85905,0.07742,1.50317
,,,0.1913,2595.02596,0.07752,1.51673
,,,0.1914,2595.0178,0.07761,1.50317
,,,0.1915,2595.09722,0.0777,1.51673
,,,0.1916,2595.08907,0.0778,1.50317
,,,0.1917,2594.81833,0.07789,1.54385
,,,0.1918,2594.81023,0.07798,1.53029
,,,0.1919,2594.62707,0.07807,1.50995
,,,0.192,2594.61901,0.07817,1.51673
,,,0.1921,2594.43587,0.07826,1.52351
,,,0.1922,2594.42784,0.07835,1.51673
,,,0.1923,2594.33223,0.07844,1.52351
,,,0.1924,2594.32424,0.07854,1.52351
,,,0.1925,2594.22865,0.07863,1.52351
,,,0.1926,2594.13308,0.07872,1.54385
,,,0.1927,2594.12513,0.07882,1.55742
,,,0.1928,2593.76691,0.07891,1.5642
,,,0.1929,2593.75901,0.079,1.55064
,,,0.193,2593.57595,0.07909,1.57776
,,,0.1931,2593.56809,0.07919,1.57776
,,,0.1932,2593.29741,0.07928,1.54385
,,,0.1933,2593.28959,0.07937,1.58455
,,,0.1934,2593.36934,0.07947,1.57099
,,,0.1935,2593.36153,0.07956,1.55742
,,,0.1936,2593.70409,0.07965,1.53029
,,,0.1937,2593.69627,0.07974,1.53708
,,,0.1938,2593.68846,0.07984,1.55064
,,,0.1939,2593.76828,0.07993,1.54385
,,,0.194,2593.76048,0.08002,1.54385
,,,0.1941,2593.57754,0.08012,1.53708
,,,0.1942,2593.56978,0.08021,1.54385
,,,0.1943,2593.56203,0.0803,1.55064
,,,0.1944,2593.55429,0.08039,1.53029
,,,0.1945,2593.45893,0.08049,1.54385
,,,0.1946,2593.45121,0.08058,1.51673
,,,0.1947,2593.26833,0.08067,1.54385
,,,0.1948,2593.26065,0.08076,1.53029
,,,0.1949,2593.07779,0.08086,1.53029
,,,0.195,2593.07014,0.08095,1.52351
,,,0.1951,2593.2377,0.08104,1.52351
,,,0.1952,2593.14242,0.08114,1.53708
,,,0.1953,2593.1348,0.08123,1.54385
,,,0.1954,2593.38991,0.08132,1.54385
,,,0.1955,2593.38228,0.08141,1.52351
,,,0.1956,2593.46228,0.08151,1.53029
,,,0.1957,2593.45467,0.0816,1.53029
,,,0.1958,2593.6222,0.08169,1.52351
,,,0.1959,2593.61458,0.08179,1.53029
,,,0.196,2593.7821,0.08188,1.53029
,,,0.1961,2593.77449,0.08197,1.5642
,,,0.1962,2593.85448,0.08206,1.54385
,,,0.1963,2593.84688,0.08216,1.52351
,,,0.1964,2593.75169,0.08225,1.54385
,,,0.1965,2593.39387,0.08234,1.55064
,,,0.1966,2593.38634,0.08244,1.53029
,,,0.1967,2593.20366,0.08253,1.57099
,,,0.1968,2593.19616,0.08262,1.55742
,,,0.1969,2593.10114,0.08271,1.55064
,,,0.197,2593.09367,0.08281,1.55064
,,,0.1971,2593.17383,0.0829,1.57099
,,,0.1972,2593.16638,0.08299,1.55064
,,,0.1973,2593.0713,0.08308,1.55064
,,,0.1974,2593.06387,0.08318,1.54385
,,,0.1975,2592.88126,0.08327,1.55742
,,,0.1976,2592.52345,0.08336,1.55064
,,,0.1977,2592.5161,0.08346,1.54385
,,,0.1978,2592.15826,0.08355,1.50995
,,,0.1979,2592.15095,0.08364,1.57099
,,,0.198,2592.05607,0.08373,1.51673
,,,0.1981,2592.04879,0.08383,1.53029
,,,0.1982,2591.77854,0.08392,1.54385
,,,0.1983,2591.7713,0.08401,1.53029
,,,0.1984,2591.32572,0.08411,1.51673
,,,0.1985,2591.31854,0.0842,1.51673
,,,0.1986,2591.13601,0.08429,1.53029
,,,0.1987,2591.12886,0.08438,1.54385
,,,0.1988,2591.03408,0.08448,1.50995
,,,0.1989,2590.93932,0.08457,1.54385
,,,0.199,2590.93222,0.08466,1.53708
,,,0.1991,2591.1005,0.08476,1.54385
,,,0.1992,2591.0934,0.08485,1.53029
,,,0.1993,2591.17394,0.08494,1.52351
,,,0.1994,2591.16685,0.08503,1.52351
,,,0.1995,2590.80902,0.08513,1.54385
,,,0.1996,2590.80198,0.08522,1.54385
,,,0.1997,2590.35645,0.08531,1.53029
,,,0.1998,2590.34946,0.0854,1.54385
,,,0.1999,2590.43016,0.0855,1.55064
,,,0.2,2590.42319,0.08559,1.50995
,,,0.2001,2590.24078,0.08568,1.54385
,,,0.2002,2590.23384,0.08578,1.53708
,,,0.2003,2590.22691,0.08587,1.53708
,,,0.2004,2589.78126,0.08596,1.51673
,,,0.2005,2589.77438,0.08605,1.53708
,,,0.2006,2589.5042,0.08615,1.54385
,,,0.2007,2589.49737,0.08624,1.53708
,,,0.2008,2589.22728,0.08633,1.55064
,,,0.2009,2589.22048,0.08643,1.53708
,,,0.201,2588.86255,0.08652,1.55064
,,,0.2011,2588.8558,0.08661,1.52351
,,,0.2012,2588.76131,0.0867,1.51673
,,,0.2013,2588.75459,0.0868,1.51673
,,,0.2014,2588.92346,0.08689,1.52351
,,,0.2015,2588.91674,0.08698,1.52351
,,,0.2016,2588.91003,0.08708,1.52351
,,,0.2017,2588.81557,0.08717,1.53708
,,,0.2018,2588.80889,0.08726,1.52351
,,,0.2019,2588.62661,0.08735,1.53029
,,,0.202,2588.61995,0.08745,1.51673
,,,0.2021,2588.34983,0.08754,1.54385
,,,0.2022,2588.34321,0.08763,1.53708
,,,0.2023,2588.16096,0.08772,1.50995
,,,0.2024,2588.15437,0.08782,1.50317
,,,0.2025,2587.70856,0.08791,1.55064
,,,0.2026,2587.70203,0.088,1.53029
,,,0.2027,2587.34406,0.0881,1.50317
,,,0.2028,2587.16183,0.08819,1.52351
,,,0.2029,2587.15537,0.08828,1.49639
,,,0.203,2586.97315,0.08837,1.52351
,,,0.2031,2586.96672,0.08847,1.49639
,,,0.2032,2586.9603,0.08856,1.52351
,,,0.2033,2586.95389,0.08865,1.53029
,,,0.2034,2586.7717,0.08875,1.50995
,,,0.2035,2586.76532,0.08884,1.53029
,,,0.2036,2586.49527,0.08893,1.53029
,,,0.2037,2586.48893,0.08902,1.52351
,,,0.2038,2586.48259,0.08912,1.53029
,,,0.2039,2586.47627,0.08921,1.53029
,,,0.204,2586.20615,0.0893,1.51673
,,,0.2041,2585.84812,0.0894,1.53708
,,,0.2042,2585.84187,0.08949,1.54385
,,,0.2043,2585.4838,0.08958,1.52351
,,,0.2044,2585.4776,0.08967,1.53708
,,,0.2045,2585.20753,0.08977,1.51673
,,,0.2046,2585.20136,0.08986,1.50995
,,,0.2047,2584.9312,0.08995,1.53708
,,,0.2048,2584.92507,0.09004,1.53029
,,,0.2049,2584.65499,0.09014,1.52351
,,,0.205,2584.6489,0.09023,1.52351
,,,0.2051,2584.20268,0.09032,1.55064
,,,0.2052,2584.19664,0.09042,1.55064
,,,0.2053,2583.83844,0.09051,1.50995
,,,0.2054,2583.39217,0.0906,1.51673
,,,0.2055,2583.38622,0.09069,1.52351
,,,0.2056,2583.20412,0.09079,1.52351
,,,0.2057,2583.1982,0.09088,1.49639
,,,0.2058,2583.01611,0.09097,1.51673
,,,0.2059,2583.01022,0.09107,1.51673
,,,0.206,2582.73998,0.09116,1.52351
,,,0.2061,2582.73413,0.09125,1.53708
,,,0.2062,2582.64013,0.09134,1.52351
,,,0.2063,2582.6343,0.09144,1.54385
,,,0.2064,2582.5404,0.09153,1.50995
,,,0.2065,2582.5346,0.09162,1.53708
,,,0.2066,2582.52879,0.09172,1.52351
,,,0.2067,2582.43483,0.09181,1.50317
,,,0.2068,2582.42905,0.0919,1.50317
,,,0.2069,2582.42328,0.09199,1.51673
,,,0.207,2582.41751,0.09209,1.50995
,,,0.2071,2582.05922,0.09218,1.52351
,,,0.2072,2582.0535,0.09227,1.49639
,,,0.2073,2581.69518,0.09236,1.53708
,,,0.2074,2581.6895,0.09246,1.51673
,,,0.2075,2581.59571,0.09255,1.49639
,,,0.2076,2581.59005,0.09264,1.51673
,,,0.2077,2581.67252,0.09274,1.50995
,,,0.2078,2581.66686,0.09283,1.50995
,,,0.2079,2581.66122,0.09292,1.50317
,,,0.208,2581.56737,0.09301,1.51673
,,,0.2081,2581.56175,0.09311,1.50317
,,,0.2082,2581.37979,0.0932,1.51673
,,,0.2083,2581.3742,0.09329,1.51673
,,,0.2084,2580.92772,0.09339,1.53029
,,,0.2085,2580.92218,0.09348,1.51673
,,,0.2086,2581.18116,0.09357,1.52351
,,,0.2087,2581.17561,0.09366,1.51673
,,,0.2088,2581.17006,0.09376,1.53029
,,,0.2089,2581.16452,0.09385,1.52351
,,,0.209,2580.80622,0.09394,1.52351
,,,0.2091,2580.80072,0.09404,1.54385
,,,0.2092,2580.97162,0.09413,1.52351
,,,0.2093,2580.78973,0.09422,1.52351
,,,0.2094,2580.78425,0.09431,1.50995
,,,0.2095,2580.77878,0.09441,1.52351
,,,0.2096,2580.77331,0.0945,1.52351
,,,0.2097,2580.50328,0.09459,1.52351
,,,0.2098,2580.49785,0.09468,1.53029
,,,0.2099,2580.22771,0.09478,1.54385
,,,0.21,2580.22231,0.09487,1.53708
,,,0.2101,2579.86397,0.09496,1.53708
,,,0.2102,2579.85861,0.09506,1.53029
,,,0.2103,2579.67676,0.09515,1.50317
,,,0.2104,2579.67143,0.09524,1.53708
,,,0.2105,2579.40136,0.09533,1.55064
,,,0.2106,2579.13127,0.09543,1.55064
,,,0.2107,2579.12601,0.09552,1.54385
,,,0.2108,2579.12075,0.09561,1.52351
,,,0.2109,2579.1155,0.09571,1.54385
,,,0.211,2579.11026,0.0958,1.52351
,,,0.2111,2579.10502,0.09589,1.55064
,,,0.2112,2579.01155,0.09598,1.53708
,,,0.2113,2579.00633,0.09608,1.54385
,,,0.2114,2579.00112,0.09617,1.52351
,,,0.2115,2578.99592,0.09626,1.55742
,,,0.2116,2578.90247,0.09636,1.52351
,,,0.2117,2578.89728,0.09645,1.53708
,,,0.2118,2578.80376,0.09654,1.53029
,,,0.2119,2578.2687,0.09663,1.53708
,,,0.212,2578.26358,0.09673,1.55064
,,,0.2121,2577.7284,0.09682,1.55064
,,,0.2122,2577.72334,0.09691,1.53708
,,,0.2123,2577.27637,0.097,1.54385
,,,0.2124,2577.27136,0.0971,1.54385
,,,0.2125,2577.26636,0.09719,1.53708
,,,0.2126,2577.26136,0.09728,1.54385
,,,0.2127,2576.99114,0.09738,1.55064
,,,0.2128,2576.98617,0.09747,1.53029
,,,0.2129,2576.71604,0.09756,1.57099
,,,0.213,2576.7111,0.09765,1.53029
,,,0.2131,2576.52934,0.09775,1.55064
,,,0.2132,2576.61281,0.09784,1.53708
,,,0.2133,2576.6079,0.09793,1.53708
,,,0.2134,2576.42615,0.09803,1.54385
,,,0.2135,2576.42127,0.09812,1.55742
,,,0.2136,2576.32791,0.09821,1.53029
,,,0.2137,2576.32305,0.0983,1.55064
,,,0.2138,2576.2298,0.0984,1.55064
,,,0.2139,2576.22496,0.09849,1.53708
,,,0.214,2575.77782,0.09858,1.54385
,,,0.2141,2575.77302,0.09868,1.55064
,,,0.2142,2575.94515,0.09877,1.55064
,,,0.2143,2575.94035,0.09886,1.53708
,,,0.2144,2576.11244,0.09895,1.55064
,,,0.2145,2576.3729,0.09905,1.5642
,,,0.2146,2576.36808,0.09914,1.53708
,,,0.2147,2576.09792,0.09923,1.55064
,,,0.2148,2576.09313,0.09932,1.55742
,,,0.2149,2576.35369,0.09942,1.55064
,,,0.215,2576.3489,0.09951,1.54385
,,,0.2151,2576.25572,0.0996,1.5642
,,,0.2152,2576.25095,0.0997,1.53708
,,,0.2153,2575.98091,0.09979,1.52351
,,,0.2154,2575.97616,0.09988,1.53708
,,,0.2155,2575.44057,0.09997,1.55742
,,,0.2156,2575.43588,0.10007,1.53708
,,,0.2157,2575.43119,0.10016,1.53708
,,,0.2158,2575.42651,0.10025,1.50995
,,,0.2159,2575.42184,0.10035,1.55064
,,,0.216,2575.5941,0.10044,1.54385
,,,0.2161,2575.58943,0.10053,1.55064
,,,0.2162,2575.76167,0.10062,1.53029
,,,0.2163,2575.75699,0.10072,1.53708
,,,0.2164,2576.01769,0.10081,1.55064
,,,0.2165,2576.013,0.1009,1.54385
,,,0.2166,2576.00831,0.101,1.55064
,,,0.2167,2576.00363,0.10109,1.53708
,,,0.2168,2575.91056,0.10118,1.54385
,,,0.2169,2575.9059,0.10127,1.55742
,,,0.217,2575.90124,0.10137,1.53708
,,,0.2171,2575.54279,0.10146,1.55064
,,,0.2172,2575.53817,0.10155,1.55742
,,,0.2173,2575.53356,0.10164,1.5642
,,,0.2174,2575.52895,0.10174,1.54385
,,,0.2175,2575.70126,0.10183,1.55064
,,,0.2176,2575.69665,0.10192,1.55064
,,,0.2177,2575.42672,0.10202,1.55064
,,,0.2178,2575.42214,0.10211,1.55064
,,,0.2179,2575.59448,0.1022,1.57099
,,,0.218,2575.5899,0.10229,1.53029
,,,0.2181,2576.02758,0.10239,1.55064
,,,0.2182,2576.02297,0.10248,1.5642
,,,0.2183,2576.10675,0.10257,1.57776
,,,0.2184,2576.19053,0.10267,1.57099
,,,0.2185,2576.18592,0.10276,1.55064
,,,0.2186,2576.53496,0.10285,1.54385
,,,0.2187,2576.53034,0.10294,1.5642
,,,0.2188,2576.7025,0.10304,1.55064
,,,0.2189,2576.69788,0.10313,1.55064
,,,0.219,2576.78169,0.10322,1.55064
,,,0.2191,2576.77707,0.10332,1.57099
,,,0.2192,2576.77245,0.10341,1.50995
,,,0.2193,2576.76784,0.1035,1.55064
,,,0.2194,2576.76324,0.10359,1.53029
,,,0.2195,2576.75864,0.10369,1.55064
,,,0.2196,2576.66562,0.10378,1.53029
,,,0.2197,2576.8378,0.10387,1.54385
,,,0.2198,2576.83321,0.10396,1.53029
,,,0.2199,2577.18208,0.10406,1.55064
,,,0.22,2577.17747,0.10415,1.54385
,,,0.2201,2577.61454,0.10424,1.55064
,,,0.2202,2577.6099,0.10434,1.54385
,,,0.2203,2577.8702,0.10443,1.55742
,,,0.2204,2577.86555,0.10452,1.54385
,,,0.2205,2577.94927,0.10461,1.5642
,,,0.2206,2577.94463,0.10471,1.54385
,,,0.2207,2577.85165,0.1048,1.55742
,,,0.2208,2577.84702,0.10489,1.55064
,,,0.2209,2577.75414,0.10499,1.5642
,,,0.221,2577.83781,0.10508,1.55064
,,,0.2211,2577.8332,0.10517,1.57099
,,,0.2212,2578.27006,0.10526,1.5642
,,,0.2213,2578.26543,0.10536,1.55742
,,,0.2214,2578.79043,0.10545,1.55064
,,,0.2215,2578.78577,0.10554,1.57099
,,,0.2216,2578.78112,0.10564,1.54385
,,,0.2217,2578.77647,0.10573,1.57776
,,,0.2218,2579.38954,0.10582,1.55064
,,,0.2219,2579.38485,0.10591,1.55742
,,,0.222,2579.82116,0.10601,1.5642
,,,0.2221,2579.99282,0.1061,1.5642
,,,0.2222,2579.9881,0.10619,1.53708
,,,0.2223,2579.98338,0.10628,1.55064
,,,0.2224,2579.97867,0.10638,1.5642
,,,0.2225,2580.15033,0.10647,1.55742
,,,0.2226,2580.14561,0.10656,1.54385
,,,0.2227,2580.31724,0.10666,1.57776
,,,0.2228,2580.31253,0.10675,1.55742
,,,0.2229,2580.39593,0.10684,1.55742
,,,0.223,2580.39122,0.10693,1.55742
,,,0.2231,2580.91537,0.10703,1.55064
,,,0.2232,2580.91062,0.10712,1.55742
,,,0.2233,2580.90588,0.10721,1.55742
,,,0.2234,2581.16546,0.10731,1.55064
,,,0.2235,2581.16072,0.1074,1.55742
,,,0.2236,2581.24413,0.10749,1.55742
,,,0.2237,2581.23938,0.10758,1.55064
,,,0.2238,2581.93933,0.10768,1.54385
,,,0.2239,2581.93454,0.10777,1.55064
,,,0.224,2582.10588,0.10786,1.54385
,,,0.2241,2582.10108,0.10796,1.55064
,,,0.2242,2582.44848,0.10805,1.54385
,,,0.2243,2582.44367,0.10814,1.5642
,,,0.2244,2582.61492,0.10823,1.55064
,,,0.2245,2582.61011,0.10833,1.59133
,,,0.2246,2582.95745,0.10842,1.55742
,,,0.2247,2583.04057,0.10851,1.55742
,,,0.2248,2583.03574,0.1086,1.55064
,,,0.2249,2582.94296,0.1087,1.57099
,,,0.225,2582.93814,0.10879,1.55742
,,,0.2251,2582.93334,0.10888,1.57776
,,,0.2252,2582.92853,0.10898,1.55742
,,,0.2253,2583.09973,0.10907,1.55064
,,,0.2254,2583.09493,0.10916,1.55064
,,,0.2255,2583.17808,0.10925,1.5642
,,,0.2256,2583.17328,0.10935,1.53029
,,,0.2257,2583.25642,0.10944,1.57099
,,,0.2258,2583.25162,0.10953,1.55064
,,,0.2259,2583.77464,0.10963,1.55064
,,,0.226,2583.76981,0.10972,1.55742
,,,0.2261,2583.76499,0.10981,1.57099
,,,0.2262,2584.11194,0.1099,1.53708
,,,0.2263,2584.1071,0.11,1.5642
,,,0.2264,2584.27811,0.11009,1.5642
,,,0.2265,2584.27327,0.11018,1.5642
,,,0.2266,2584.26844,0.11028,1.55064
,,,0.2267,2584.26361,0.11037,1.57099
,,,0.2268,2584.43461,0.11046,1.55064
,,,0.2269,2584.42978,0.11055,1.58455
,,,0.227,2584.42495,0.11065,1.57099
,,,0.2271,2584.42013,0.11074,1.55064
,,,0.2272,2584.23948,0.11083,1.55064
,,,0.2273,2584.14681,0.11092,1.57099
,,,0.2274,2584.14203,0.11102,1.55742
,,,0.2275,2584.31309,0.11111,1.57099
,,,0.2276,2584.30831,0.1112,1.53029
,,,0.2277,2583.86394,0.1113,1.54385
,,,0.2278,2583.85921,0.11139,1.55064
,,,0.2279,2583.94236,0.11148,1.55064
,,,0.228,2583.93763,0.11157,1.54385
,,,0.2281,2584.2846,0.11167,1.5642
,,,0.2282,2584.27985,0.11176,1.55064
,,,0.2283,2584.62671,0.11185,1.57776
,,,0.2284,2584.62194,0.11195,1.57099
,,,0.2285,2584.79295,0.11204,1.57776
,,,0.2286,2584.96394,0.11213,1.55742
,,,0.2287,2584.95916,0.11222,1.59811
,,,0.2288,2584.95438,0.11232,1.58455
,,,0.2289,2584.94962,0.11241,1.57099
,,,0.229,2584.59333,0.1125,1.57099
,,,0.2291,2584.5886,0.1126,1.58455
,,,0.2292,2584.58388,0.11269,1.5642
,,,0.2293,2584.57917,0.11278,1.55064
,,,0.2294,2584.66239,0.11287,1.54385
,,,0.2295,2584.65768,0.11297,1.57776
,,,0.2296,2584.82873,0.11306,1.55064
,,,0.2297,2584.82402,0.11315,1.57099
,,,0.2298,2584.90723,0.11324,1.55064
,,,0.2299,2585.16606,0.11334,1.57776
,,,0.23,2585.16133,0.11343,1.55064
,,,0.2301,2585.33231,0.11352,1.55742
,,,0.2302,2585.32758,0.11362,1.55742
,,,0.2303,2585.23505,0.11371,1.55742
,,,0.2304,2585.23034,0.1138,1.55064
,,,0.2305,2585.40132,0.11389,1.5642
,,,0.2306,2585.39661,0.11399,1.5642
,,,0.2307,2585.74322,0.11408,1.57776
,,,0.2308,2585.73848,0.11417,1.55742
,,,0.2309,2585.55811,0.11427,1.57099
,,,0.231,2585.55341,0.11436,1.5642
,,,0.2311,2585.54871,0.11445,1.57099
,,,0.2312,2585.89537,0.11454,1.57099
,,,0.2313,2585.89066,0.11464,1.57099
,,,0.2314,2585.88595,0.11473,1.54385
,,,0.2315,2585.88124,0.11482,1.55742
,,,0.2316,2585.87654,0.11492,1.55064
,,,0.2317,2585.87185,0.11501,1.57776
,,,0.2318,2585.69154,0.1151,1.55742
,,,0.2319,2585.68687,0.11519,1.55064
,,,0.232,2585.59444,0.11529,1.54385
,,,0.2321,2585.58979,0.11538,1.55064
,,,0.2322,2585.32171,0.11547,1.55064
,,,0.2323,2585.31709,0.11556,1.53708
,,,0.2324,2585.22469,0.11566,1.57099
,,,0.2325,2584.69297,0.11575,1.59133
,,,0.2326,2584.68842,0.11584,1.55064
,,,0.2327,2584.68388,0.11594,1.57099
,,,0.2328,2584.67934,0.11603,1.5642
,,,0.2329,2584.23545,0.11612,1.57776
,,,0.233,2584.23096,0.11621,1.55064
,,,0.2331,2583.69903,0.11631,1.57099
,,,0.2332,2583.69459,0.1164,1.55742
,,,0.2333,2583.69016,0.11649,1.5642
,,,0.2334,2583.68573,0.11659,1.5642
,,,0.2335,2583.41748,0.11668,1.57099
,,,0.2336,2583.41309,0.11677,1.57776
,,,0.2337,2583.4087,0.11686,1.55064
,,,0.2338,2582.87661,0.11696,1.55064
,,,0.2339,2582.87228,0.11705,1.55742
,,,0.234,2583.04387,0.11714,1.55064
,,,0.2341,2583.03953,0.11724,1.57099
,,,0.2342,2582.85927,0.11733,1.5642
,,,0.2343,2582.85496,0.11742,1.55064
,,,0.2344,2582.32277,0.11751,1.55742
,,,0.2345,2582.31851,0.11761,1.55064
,,,0.2346,2582.2263,0.1177,1.55742
,,,0.2347,2582.22206,0.11779,1.55064
,,,0.2348,2582.12987,0.11788,1.5642
,,,0.2349,2582.12564,0.11798,1.57099
,,,0.235,2581.76936,0.11807,1.5642
,,,0.2351,2581.76518,0.11816,1.57099
,,,0.2352,2581.76099,0.11826,1.55064
,,,0.2353,2581.58076,0.11835,1.57099
,,,0.2354,2581.5766,0.11844,1.5642
,,,0.2355,2581.39637,0.11853,1.5642
,,,0.2356,2581.39224,0.11863,1.55742
,,,0.2357,2581.21201,0.11872,1.57776
,,,0.2358,2581.2079,0.11881,1.55742
,,,0.2359,2580.85155,0.11891,1.57099
,,,0.236,2580.84748,0.119,1.57099
,,,0.2361,2580.66726,0.11909,1.55742
,,,0.2362,2580.66321,0.11918,1.55064
,,,0.2363,2580.65916,0.11928,1.58455
,,,0.2364,2580.567,0.11937,1.57099
,,,0.2365,2580.56297,0.11946,1.57099
,,,0.2366,2580.29471,0.11956,1.55742
,,,0.2367,2580.29071,0.11965,1.55064
,,,0.2368,2580.55096,0.11974,1.55742
,,,0.2369,2580.54695,0.11983,1.55742
,,,0.237,2580.36676,0.11993,1.54385
,,,0.2371,2580.36278,0.12002,1.57776
,,,0.2372,2580.1826,0.12011,1.55064
,,,0.2373,2580.17864,0.1202,1.57776
,,,0.2374,2580.17468,0.1203,1.55064
,,,0.2375,2580.17073,0.12039,1.55064
,,,0.2376,2580.25484,0.12048,1.55064
,,,0.2377,2580.16284,0.12058,1.5642
,,,0.2378,2580.1589,0.12067,1.55064
,,,0.2379,2580.15497,0.12076,1.5642
,,,0.238,2580.15104,0.12085,1.55064
,,,0.2381,2580.14711,0.12095,1.57099
,,,0.2382,2580.1432,0.12104,1.55064
,,,0.2383,2579.96307,0.12113,1.55064
,,,0.2384,2579.95917,0.12123,1.53029
,,,0.2385,2579.77905,0.12132,1.57776
,,,0.2386,2579.77517,0.12141,1.53708
,,,0.2387,2579.59505,0.1215,1.58455
,,,0.2388,2579.5912,0.1216,1.55742
,,,0.2389,2579.58736,0.12169,1.55064
,,,0.239,2579.67169,0.12178,1.55742
,,,0.2391,2579.66785,0.12188,1.55064
,,,0.2392,2579.84026,0.12197,1.55742
,,,0.2393,2579.83641,0.12206,1.55064
,,,0.2394,2580.00879,0.12215,1.53708
,,,0.2395,2580.00494,0.12225,1.53029
,,,0.2396,2579.56055,0.12234,1.55064
,,,0.2397,2579.55674,0.12243,1.55742
,,,0.2398,2579.28848,0.12252,1.55064
,,,0.2399,2579.2847,0.12262,1.55064
,,,0.24,2579.28093,0.12271,1.55064
,,,0.2401,2579.27716,0.1228,1.55742
,,,0.2402,2579.27339,0.1229,1.55064
,,,0.2403,2579.00513,0.12299,1.5642
,,,0.2404,2579.0014,0.12308,1.55742
,,,0.2405,2579.17397,0.12317,1.55064
,,,0.2406,2579.17024,0.12327,1.55742
,,,0.2407,2579.43097,0.12336,1.55064
,,,0.2408,2579.42722,0.12345,1.52351
,,,0.2409,2579.51165,0.12355,1.54385
,,,0.241,2579.5079,0.12364,1.53708
,,,0.2411,2579.76847,0.12373,1.57776
,,,0.2412,2579.76471,0.12382,1.55064
,,,0.2413,2580.11336,0.12392,1.55064
,,,0.2414,2580.10958,0.12401,1.55064
,,,0.2415,2580.10581,0.1241,1.55064
,,,0.2416,2580.36633,0.1242,1.53708
,,,0.2417,2580.36255,0.12429,1.53708
,,,0.2418,2580.44679,0.12438,1.55064
,,,0.2419,2580.44301,0.12447,1.53708
,,,0.242,2580.70338,0.12457,1.55064
,,,0.2421,2580.69958,0.12466,1.55064
,,,0.2422,2580.87189,0.12475,1.55742
,,,0.2423,2580.86809,0.12484,1.55064
,,,0.2424,2580.95229,0.12494,1.55064
,,,0.2425,2580.94849,0.12503,1.57099
,,,0.2426,2581.47285,0.12512,1.53029
,,,0.2427,2581.46902,0.12522,1.55064
,,,0.2428,2581.6412,0.12531,1.53029
,,,0.2429,2582.16527,0.1254,1.5642
,,,0.243,2582.1614,0.12549,1.5642
,,,0.2431,2582.15753,0.12559,1.53708
,,,0.2432,2582.15367,0.12568,1.54385
,,,0.2433,2582.32574,0.12577,1.5642
,,,0.2434,2582.32187,0.12587,1.55064
,,,0.2435,2582.84567,0.12596,1.54385
,,,0.2436,2582.84177,0.12605,1.53708
,,,0.2437,2582.92575,0.12614,1.53708
,,,0.2438,2582.92185,0.12624,1.54385
,,,0.2439,2583.18166,0.12633,1.53708
,,,0.244,2583.17775,0.12642,1.50995
,,,0.2441,2583.34965,0.12652,1.55742
,,,0.2442,2583.34574,0.12661,1.55064
,,,0.2443,2583.34183,0.1267,1.54385
,,,0.2444,2583.42586,0.12679,1.53708
,,,0.2445,2583.42195,0.12689,1.55064
,,,0.2446,2583.41805,0.12698,1.53708
,,,0.2447,2583.41415,0.12707,1.54385
,,,0.2448,2583.76179,0.12716,1.52351
,,,0.2449,2583.75787,0.12726,1.55064
,,,0.245,2584.19321,0.12735,1.54385
,,,0.2451,2584.18927,0.12744,1.55064
,,,0.2452,2584.44881,0.12754,1.53708
,,,0.2453,2584.26918,0.12763,1.53029
,,,0.2454,2584.26524,0.12772,1.55064
,,,0.2455,2584.17351,0.12781,1.55064
,,,0.2456,2584.16959,0.12791,1.53029
,,,0.2457,2584.34136,0.128,1.53708
,,,0.2458,2584.33744,0.12809,1.53708
,,,0.2459,2584.59705,0.12819,1.57099
,,,0.246,2584.59312,0.12828,1.52351
,,,0.2461,2584.76482,0.12837,1.55064
,,,0.2462,2584.76088,0.12846,1.53029
,,,0.2463,2584.84471,0.12856,1.55064
,,,0.2464,2584.84077,0.12865,1.55064
,,,0.2465,2584.83684,0.12874,1.55064
,,,0.2466,2584.74515,0.12884,1.53708
,,,0.2467,2584.74123,0.12893,1.55064
,,,0.2468,2585.00068,0.12902,1.55064
,,,0.2469,2584.99676,0.12911,1.5642
,,,0.247,2585.08058,0.12921,1.53029
,,,0.2471,2585.07666,0.1293,1.55742
,,,0.2472,2585.24831,0.12939,1.53029
,,,0.2473,2585.24438,0.12948,1.54385
,,,0.2474,2585.24045,0.12958,1.53029
,,,0.2475,2585.23653,0.12967,1.54385
,,,0.2476,2585.14479,0.12976,1.53029
,,,0.2477,2585.14089,0.12986,1.54385
,,,0.2478,2585.48809,0.12995,1.54385
,,,0.2479,2585.65968,0.13004,1.53708
,,,0.248,2585.65575,0.13013,1.53708
,,,0.2481,2585.65182,0.13023,1.55064
,,,0.2482,2585.6479,0.13032,1.54385
,,,0.2483,2585.99505,0.13041,1.55064
,,,0.2484,2585.99111,0.13051,1.54385
,,,0.2485,2585.98717,0.1306,1.57099
,,,0.2486,2585.98324,0.13069,1.55742
,,,0.2487,2586.50562,0.13078,1.55742
,,,0.2488,2586.50166,0.13088,1.55064
,,,0.2489,2586.41004,0.13097,1.55064
,,,0.249,2586.40609,0.13106,1.55064
,,,0.2491,2586.66529,0.13116,1.5642
,,,0.2492,2586.74907,0.13125,1.55742
,,,0.2493,2586.74511,0.13134,1.55742
,,,0.2494,2586.74116,0.13143,1.5642
,,,0.2495,2586.73721,0.13153,1.55064
,,,0.2496,2586.64562,0.13162,1.5642
,,,0.2497,2586.64169,0.13171,1.55742
,,,0.2498,2586.98848,0.1318,1.53708
,,,0.2499,2586.98453,0.1319,1.55064
,,,0.25,2587.24352,0.13199,1.5642
,,,0.2501,2587.23956,0.13208,1.55742
,,,0.2502,2587.3233,0.13218,1.55064
,,,0.2503,2587.31934,0.13227,1.54385
,,,0.2504,2587.49067,0.13236,1.5642
,,,0.2505,2587.66198,0.13245,1.55064
,,,0.2506,2587.658,0.13255,1.57099
,,,0.2507,2587.74162,0.13264,1.57099
,,,0.2508,2587.73765,0.13273,1.53029
,,,0.2509,2587.90892,0.13283,1.55064
,,,0.251,2587.90494,0.13292,1.55064
,,,0.2511,2588.07619,0.13301,1.55064
,,,0.2512,2588.07221,0.1331,1.55064
,,,0.2513,2588.33098,0.1332,1.55064
,,,0.2514,2588.32699,0.13329,1.53029
,,,0.2515,2588.49817,0.13338,1.55064
,,,0.2516,2588.49417,0.13348,1.55064
,,,0.2517,2588.75294,0.13357,1.55064
,,,0.2518,2588.92405,0.13366,1.55064
,,,0.2519,2588.92003,0.13375,1.55064
,,,0.252,2589.09112,0.13385,1.53029
,,,0.2521,2589.08709,0.13394,1.55064
,,,0.2522,2589.43321,0.13403,1.53029
,,,0.2523,2589.42917,0.13412,1.54385
,,,0.2524,2589.60017,0.13422,1.54385
,,,0.2525,2589.59613,0.13431,1.55064
,,,0.2526,2589.9421,0.1344,1.52351
,,,0.2527,2589.93804,0.1345,1.54385
,,,0.2528,2590.19648,0.13459,1.53029
,,,0.2529,2590.19241,0.13468,1.55064
,,,0.253,2590.5383,0.13477,1.54385
,,,0.2531,2590.70912,0.13487,1.57776
,,,0.2532,2590.70502,0.13496,1.53029
,,,0.2533,2591.31298,0.13505,1.55064
,,,0.2534,2591.30884,0.13515,1.53029
,,,0.2535,2591.91652,0.13524,1.53029
,,,0.2536,2591.91234,0.13533,1.53029
,,,0.2537,2592.51974,0.13542,1.50995
,,,0.2538,2592.51551,0.13552,1.53708
,,,0.2539,2592.68598,0.13561,1.55064
,,,0.254,2592.68175,0.1357,1.54385
,,,0.2541,2593.37613,0.1358,1.53708
,,,0.2542,2593.37186,0.13589,1.55064
,,,0.2543,2593.80405,0.13598,1.50995
,,,0.2544,2594.41056,0.13607,1.52351
,,,0.2545,2594.40622,0.13617,1.55064
,,,0.2546,2594.92521,0.13626,1.55064
,,,0.2547,2594.92083,0.13635,1.52351
,,,0.2548,2595.4396,0.13644,1.54385
,,,0.2549,2595.43519,0.13654,1.5642
,,,0.255,2595.43079,0.13663,1.53029
,,,0.2551,2595.42639,0.13672,1.55064
,,,0.2552,2595.85786,0.13682,1.55064
,,,0.2553,2595.85344,0.13691,1.53029
,,,0.2554,2596.28476,0.137,1.54385
,,,0.2555,2596.28031,0.13709,1.55064
,,,0.2556,2596.62433,0.13719,1.52351
,,,0.2557,2597.05538,0.13728,1.54385
,,,0.2558,2597.05088,0.13737,1.53708
,,,0.2559,2597.48178,0.13747,1.57099
,,,0.256,2597.47726,0.13756,1.54385
,,,0.2561,2597.47274,0.13765,1.53708
,,,0.2562,2597.46823,0.13774,1.53708
,,,0.2563,2597.81191,0.13784,1.51673
,,,0.2564,2597.80738,0.13793,1.53029
,,,0.2565,2598.06399,0.13802,1.55064
,,,0.2566,2598.05945,0.13812,1.54385
,,,0.2567,2598.49001,0.13821,1.55064
,,,0.2568,2598.48544,0.1383,1.54385
,,,0.2569,2598.91585,0.13839,1.53708
,,,0.257,2599.34611,0.13849,1.54385
,,,0.2571,2599.34149,0.13858,1.53708
,,,0.2572,2599.51076,0.13867,1.52351
,,,0.2573,2599.50614,0.13876,1.55064
,,,0.2574,2599.67538,0.13886,1.53029
,,,0.2575,2599.67075,0.13895,1.54385
,,,0.2576,2600.10076,0.13904,1.54385
,,,0.2577,2600.0961,0.13914,1.55742
,,,0.2578,2600.26525,0.13923,1.54385
,,,0.2579,2600.2606,0.13932,1.52351
,,,0.258,2600.60348,0.13941,1.53708
,,,0.2581,2600.59881,0.13951,1.53708
,,,0.2582,2600.76788,0.1396,1.53708
,,,0.2583,2600.93692,0.13969,1.55064
,,,0.2584,2600.93223,0.13979,1.53708
,,,0.2585,2601.27493,0.13988,1.54385
,,,0.2586,2601.27022,0.13997,1.53708
,,,0.2587,2601.61283,0.14006,1.54385
,,,0.2588,2601.6081,0.14016,1.53708
,,,0.2589,2601.51661,0.14025,1.54385
,,,0.259,2601.51191,0.14034,1.55064
,,,0.2591,2601.59408,0.14044,1.53708
,,,0.2592,2601.58938,0.14053,1.54385
,,,0.2593,2602.01874,0.14062,1.54385
,,,0.2594,2602.01402,0.14071,1.55064
,,,0.2595,2602.09613,0.14081,1.53708
,,,0.2596,2602.35179,0.1409,1.53029
,,,0.2597,2602.34706,0.14099,1.55064
,,,0.2598,2602.77616,0.14108,1.55064
,,,0.2599,2602.7714,0.14118,1.54385
,,,0.26,2602.85343,0.14127,1.54385
,,,0.2601,2602.84868,0.14136,1.55064
,,,0.2602,2603.10417,0.14146,1.53029
,,,0.2603,2603.09941,0.14155,1.55064
,,,0.2604,2603.26818,0.14164,1.53029
,,,0.2605,2603.26341,0.14173,1.55742
,,,0.2606,2603.43216,0.14183,1.55064
,,,0.2607,2603.42739,0.14192,1.5642
,,,0.2608,2603.68276,0.14201,1.53708
,,,0.2609,2603.85135,0.14211,1.55064
,,,0.261,2603.84656,0.1422,1.55064
,,,0.2611,2604.10184,0.14229,1.55064
,,,0.2612,2604.09704,0.14238,1.5642
,,,0.2613,2604.17895,0.14248,1.54385
,,,0.2614,2604.17416,0.14257,1.54385
,,,0.2615,2604.34268,0.14266,1.5642
,,,0.2616,2604.33788,0.14276,1.54385
,,,0.2617,2604.15978,0.14285,1.55742
,,,0.2618,2604.15501,0.14294,1.55064
,,,0.2619,2604.23695,0.14303,1.55064
,,,0.262,2604.23218,0.14313,1.54385
,,,0.2621,2604.14072,0.14322,1.55064
,,,0.2622,2604.39598,0.14331,1.55064
,,,0.2623,2604.39122,0.1434,1.55064
,,,0.2624,2604.12646,0.1435,1.53708
,,,0.2625,2604.12173,0.14359,1.55742
,,,0.2626,2604.11701,0.14368,1.55064
,,,0.2627,2604.1123,0.14378,1.57099
,,,0.2628,2603.84755,0.14387,1.54385
,,,0.2629,2603.84287,0.14396,1.57099
,,,0.263,2603.8382,0.14405,1.53708
,,,0.2631,2603.83353,0.14415,1.5642
,,,0.2632,2603.56879,0.14424,1.54385
,,,0.2633,2603.56415,0.14433,1.57099
,,,0.2634,2603.2994,0.14443,1.55064
,,,0.2635,2603.20806,0.14452,1.57776
,,,0.2636,2603.20347,0.14461,1.55064
,,,0.2637,2603.02547,0.1447,1.55742
,,,0.2638,2603.02092,0.1448,1.55742
,,,0.2639,2603.01636,0.14489,1.55064
,,,0.264,2603.01182,0.14498,1.55064
,,,0.2641,2602.92052,0.14508,1.55742
,,,0.2642,2602.91599,0.14517,1.53708
,,,0.2643,2602.73802,0.14526,1.54385
,,,0.2644,2602.73352,0.14535,1.55742
,,,0.2645,2602.55556,0.14545,1.5642
,,,0.2646,2602.55109,0.14554,1.5642
,,,0.2647,2602.54662,0.14563,1.5642
,,,0.2648,2602.45537,0.14572,1.55064
,,,0.2649,2602.45092,0.14582,1.55064
,,,0.265,2602.18628,0.14591,1.54385
,,,0.2651,2602.18187,0.146,1.57099
,,,0.2652,2602.43774,0.1461,1.55064
,,,0.2653,2602.43331,0.14619,1.55064
,,,0.2654,2602.2554,0.14628,1.55742
,,,0.2655,2602.251,0.14637,1.55064
,,,0.2656,2602.24661,0.14647,1.55064
,,,0.2657,2602.24222,0.14656,1.55742
,,,0.2658,2602.15113,0.14665,1.53029
,,,0.2659,2602.14676,0.14675,1.55742
,,,0.266,2601.70853,0.14684,1.55742
,,,0.2661,2601.35697,0.14693,1.57099
,,,0.2662,2601.35268,0.14702,1.53708
,,,0.2663,2601.43524,0.14712,1.54385
,,,0.2664,2601.43095,0.14721,1.55064
,,,0.2665,2601.16624,0.1473,1.55742
,,,0.2666,2601.16199,0.1474,1.57099
,,,0.2667,2601.07089,0.14749,1.55742
,,,0.2668,2601.06666,0.14758,1.54385
,,,0.2669,2601.06243,0.14767,1.55064
,,,0.267,2601.05821,0.14777,1.54385
,,,0.2671,2601.05399,0.14786,1.55742
,,,0.2672,2601.04978,0.14795,1.54385
,,,0.2673,2600.95872,0.14804,1.55064
,,,0.2674,2601.04138,0.14814,1.55064
,,,0.2675,2601.03719,0.14823,1.55064
,,,0.2676,2600.85937,0.14832,1.54385
,,,0.2677,2600.85521,0.14842,1.54385
,,,0.2678,2600.41685,0.14851,1.53029
,,,0.2679,2600.41273,0.1486,1.57099
,,,0.268,2600.23483,0.14869,1.54385
,,,0.2681,2600.23074,0.14879,1.5642
,,,0.2682,2600.40033,0.14888,1.57099
,,,0.2683,2600.39623,0.14897,1.55064
,,,0.2684,2600.13155,0.14907,1.55064
,,,0.2685,2600.04058,0.14916,1.55742
,,,0.2686,2600.03653,0.14925,1.55064
,,,0.2687,2599.94557,0.14934,1.55064
,,,0.2688,2599.94153,0.14944,1.55064
,,,0.2689,2599.76376,0.14953,1.57776
,,,0.269,2599.75975,0.14962,1.55064
,,,0.2691,2599.66882,0.14972,1.55064
,,,0.2692,2599.66482,0.14981,1.54385
,,,0.2693,2599.40013,0.1499,1.55064
,,,0.2694,2599.39617,0.14999,1.53708
,,,0.2695,2599.21833,0.15009,1.5642
,,,0.2696,2599.21439,0.15018,1.57776
,,,0.2697,2599.03656,0.15027,1.55742
,,,0.2698,2598.59799,0.15036,1.55742
,,,0.2699,2598.59411,0.15046,1.54385
,,,0.27,2598.24247,0.15055,1.55064
,,,0.2701,2598.23863,0.15064,1.5642
,,,0.2702,2597.88695,0.15074,1.54385
,,,0.2703,2597.88315,0.15083,1.55064
,,,0.2704,2597.61838,0.15092,1.54385
,,,0.2705,2597.61461,0.15101,1.55064
,,,0.2706,2597.43687,0.15111,1.52351
,,,0.2707,2597.43313,0.1512,1.57099
,,,0.2708,2597.34235,0.15129,1.54385
,,,0.2709,2597.33862,0.15139,1.55064
,,,0.271,2597.24786,0.15148,1.55064
,,,0.2711,2597.15709,0.15157,1.54385
,,,0.2712,2597.1534,0.15166,1.53029
,,,0.2713,2596.88861,0.15176,1.5642
,,,0.2714,2596.88494,0.15185,1.53708
,,,0.2715,2596.88128,0.15194,1.55742
,,,0.2716,2596.87763,0.15204,1.53708
,,,0.2717,2596.43875,0.15213,1.54385
,,,0.2718,2596.43514,0.15222,1.54385
,,,0.2719,2596.43153,0.15231,1.5642
,,,0.272,2596.42793,0.15241,1.53708
,,,0.2721,2596.0761,0.1525,1.57099
,,,0.2722,2596.07254,0.15259,1.54385
,,,0.2723,2595.63354,0.15268,1.57099
,,,0.2724,2595.71715,0.15278,1.55064
,,,0.2725,2595.71363,0.15287,1.54385
,,,0.2726,2595.71011,0.15296,1.54385
,,,0.2727,2595.70659,0.15306,1.57099
,,,0.2728,2595.70308,0.15315,1.55064
,,,0.2729,2595.69958,0.15324,1.5642
,,,0.273,2595.3477,0.15333,1.54385
,,,0.2731,2595.34423,0.15343,1.54385
,,,0.2732,2595.2537,0.15352,1.55064
,,,0.2733,2595.25025,0.15361,1.57099
,,,0.2734,2595.07257,0.15371,1.55742
,,,0.2735,2595.06914,0.1538,1.57099
,,,0.2736,2595.06572,0.15389,1.5642
,,,0.2737,2595.06229,0.15398,1.57099
,,,0.2738,2595.05887,0.15408,1.55064
,,,0.2739,2595.05546,0.15417,1.57099
,,,0.274,2595.05205,0.15426,1.55064
,,,0.2741,2594.87431,0.15436,1.57099
,,,0.2742,2594.87093,0.15445,1.55064
,,,0.2743,2594.519,0.15454,1.55742
,,,0.2744,2594.51565,0.15463,1.55064
,,,0.2745,2594.2508,0.15473,1.57099
,,,0.2746,2594.24748,0.15482,1.55064
,,,0.2747,2594.24416,0.15491,1.55742
,,,0.2748,2594.24085,0.155,1.55742
,,,0.2749,2594.06312,0.1551,1.59133
,,,0.275,2594.23416,0.15519,1.55064
,,,0.2751,2594.23086,0.15528,1.57099
,,,0.2752,2594.40196,0.15538,1.53708
,,,0.2753,2594.39866,0.15547,1.54385
,,,0.2754,2594.30816,0.15556,1.55064
,,,0.2755,2594.30487,0.15565,1.55064
,,,0.2756,2594.21438,0.15575,1.55064
,,,0.2757,2594.2111,0.15584,1.57099
,,,0.2758,2593.94629,0.15593,1.57099
,,,0.2759,2593.94305,0.15603,1.5642
,,,0.276,2593.67822,0.15612,1.55064
,,,0.2761,2593.675,0.15621,1.5642
,,,0.2762,2593.41016,0.1563,1.55064
,,,0.2763,2592.88368,0.1564,1.53708
,,,0.2764,2592.88053,0.15649,1.55064
,,,0.2765,2592.44114,0.15658,1.55064
,,,0.2766,2592.43804,0.15668,1.55064
,,,0.2767,2592.43494,0.15677,1.57099
,,,0.2768,2592.43185,0.15686,1.53708
,,,0.2769,2592.77783,0.15695,1.5642
,,,0.277,2592.77471,0.15705,1.54385
,,,0.2771,2592.7716,0.15714,1.53708
,,,0.2772,2592.7685,0.15723,1.55064
,,,0.2773,2592.50363,0.15732,1.55742
,,,0.2774,2592.50055,0.15742,1.55742
,,,0.2775,2592.49748,0.15751,1.55064
,,,0.2776,2592.5817,0.1576,1.55742
,,,0.2777,2592.57863,0.1577,1.55064
,,,0.2778,2592.40106,0.15779,1.54385
,,,0.2779,2592.39801,0.15788,1.55742
,,,0.278,2592.22045,0.15797,1.5642
,,,0.2781,2592.21742,0.15807,1.57099
,,,0.2782,2591.95263,0.15816,1.55064
,,,0.2783,2591.94963,0.15825,1.55064
,,,0.2784,2591.94663,0.15835,1.54385
,,,0.2785,2591.94364,0.15844,1.54385
,,,0.2786,2592.02797,0.15853,1.55742
,,,0.2787,2592.02497,0.15862,1.5642
,,,0.2788,2591.93475,0.15872,1.54385
,,,0.2789,2591.84445,0.15881,1.57099
,,,0.279,2591.84148,0.1589,1.55064
,,,0.2791,2592.1876,0.159,1.53708
,,,0.2792,2592.18461,0.15909,1.5642
,,,0.2793,2592.09432,0.15918,1.5642
,,,0.2794,2592.09135,0.15927,1.53029
,,,0.2795,2592.17559,0.15937,1.58455
,,,0.2796,2592.17262,0.15946,1.53708
,,,0.2797,2592.16965,0.15955,1.55064
,,,0.2798,2592.16668,0.15964,1.54385
,,,0.2799,2592.25102,0.15974,1.57776
,,,0.28,2592.24806,0.15983,1.5642
,,,0.2801,2591.98326,0.15992,1.57099
,,,0.2802,2591.98032,0.16002,1.55064
,,,0.2803,2591.97739,0.16011,1.55064
,,,0.2804,2591.88714,0.1602,1.55064
,,,0.2805,2591.88422,0.16029,1.55064
,,,0.2806,2591.79399,0.16039,1.53029
,,,0.2807,2591.79108,0.16048,1.55742
,,,0.2808,2591.78818,0.16057,1.55064
,,,0.2809,2591.78528,0.16067,1.53708
,,,0.281,2591.78238,0.16076,1.55064
,,,0.2811,2591.77949,0.16085,1.55064
,,,0.2812,2592.12567,0.16094,1.53029
,,,0.2813,2592.12276,0.16104,1.55064
,,,0.2814,2592.29436,0.16113,1.55064
,,,0.2815,2592.37873,0.16122,1.54385
,,,0.2816,2592.37581,0.16132,1.57099
,,,0.2817,2592.63464,0.16141,1.55742
,,,0.2818,2592.63171,0.1615,1.54385
,,,0.2819,2592.80322,0.16159,1.55742
,,,0.282,2592.80028,0.16169,1.53708
,,,0.2821,2593.05902,0.16178,1.54385
,,,0.2822,2593.05607,0.16187,1.53029
,,,0.2823,2593.14027,0.16196,1.54385
,,,0.2824,2593.13732,0.16206,1.53029
,,,0.2825,2593.48312,0.16215,1.55064
,,,0.2826,2593.48014,0.16224,1.53708
,,,0.2827,2593.38995,0.16234,1.53708
,,,0.2828,2593.12537,0.16243,1.52351
,,,0.2829,2593.12244,0.16252,1.53708
,,,0.283,2593.03226,0.16261,1.55742
,,,0.2831,2593.02934,0.16271,1.55742
,,,0.2832,2593.11366,0.1628,1.55064
,,,0.2833,2593.11074,0.16289,1.55064
,,,0.2834,2593.28221,0.16299,1.55064
,,,0.2835,2593.27928,0.16308,1.55064
,,,0.2836,2593.36358,0.16317,1.52351
,,,0.2837,2593.36066,0.16326,1.53708
,,,0.2838,2593.35773,0.16336,1.53029
,,,0.2839,2593.35481,0.16345,1.54385
,,,0.284,2593.26476,0.16354,1.55064
,,,0.2841,2592.82581,0.16364,1.53029
,,,0.2842,2592.82294,0.16373,1.53029
,,,0.2843,2592.73282,0.16382,1.53708
,,,0.2844,2592.72997,0.16391,1.55064
,,,0.2845,2593.07594,0.16401,1.55064
,,,0.2846,2593.07306,0.1641,1.55064
,,,0.2847,2592.98304,0.16419,1.55742
,,,0.2848,2592.98018,0.16428,1.52351
,,,0.2849,2593.06456,0.16438,1.55064
,,,0.285,2593.0617,0.16447,1.53029
,,,0.2851,2593.23332,0.16456,1.54385
,,,0.2852,2593.23045,0.16466,1.53708
,,,0.2853,2593.57638,0.16475,1.53708
,,,0.2854,2593.92211,0.16484,1.52351
,,,0.2855,2593.9192,0.16493,1.54385
,,,0.2856,2594.09057,0.16503,1.55064
,,,0.2857,2594.08766,0.16512,1.54385
,,,0.2858,2593.73616,0.16521,1.54385
,,,0.2859,2593.73328,0.16531,1.50995
,,,0.286,2593.6432,0.1654,1.53708
,,,0.2861,2593.64033,0.16549,1.54385
,,,0.2862,2593.46313,0.16558,1.51673
,,,0.2863,2593.46029,0.16568,1.53708
,,,0.2864,2593.37032,0.16577,1.54385
,,,0.2865,2593.36748,0.16586,1.52351
,,,0.2866,2593.27743,0.16596,1.52351
,,,0.2867,2592.83861,0.16605,1.54385
,,,0.2868,2592.83583,0.16614,1.55064
,,,0.2869,2592.65864,0.16623,1.53708
,,,0.287,2592.65588,0.16633,1.51673
,,,0.2871,2592.56586,0.16642,1.55064
,,,0.2872,2592.56311,0.16651,1.54385
,,,0.2873,2592.73479,0.1666,1.54385
,,,0.2874,2592.73203,0.1667,1.52351
,,,0.2875,2592.55486,0.16679,1.54385
,,,0.2876,2592.55213,0.16688,1.53029
,,,0.2877,2592.11321,0.16698,1.55064
,,,0.2878,2592.11051,0.16707,1.52351
,,,0.2879,2592.19502,0.16716,1.55064
,,,0.288,2592.19232,0.16725,1.53029
,,,0.2881,2592.18963,0.16735,1.55064
,,,0.2882,2591.92517,0.16744,1.54385
,,,0.2883,2591.92251,0.16753,1.53708
,,,0.2884,2592.00714,0.16763,1.51673
,,,0.2885,2592.00448,0.16772,1.54385
,,,0.2886,2591.74011,0.16781,1.50995
,,,0.2887,2591.73747,0.1679,1.53029
,,,0.2888,2591.29844,0.168,1.53029
,,,0.2889,2591.29584,0.16809,1.53029
,,,0.289,2590.94408,0.16818,1.52351
,,,0.2891,2590.94152,0.16828,1.53708
,,,0.2892,2590.67707,0.16837,1.52351
,,,0.2893,2590.67454,0.16846,1.53708
,,,0.2894,2590.672,0.16855,1.54385
,,,0.2895,2590.40754,0.16865,1.53708
,,,0.2896,2590.40504,0.16874,1.55064
,,,0.2897,2590.22786,0.16883,1.55064
,,,0.2898,2590.22538,0.16892,1.52351
,,,0.2899,2590.1355,0.16902,1.53708
,,,0.29,2590.13303,0.16911,1.53708
,,,0.2901,2590.13056,0.1692,1.53708
,,,0.2902,2590.12809,0.1693,1.52351
,,,0.2903,2589.7762,0.16939,1.55064
,,,0.2904,2589.86118,0.16948,1.53708
,,,0.2905,2589.85874,0.16957,1.54385
,,,0.2906,2589.4194,0.16967,1.55064
,,,0.2907,2589.417,0.16976,1.54385
,,,0.2908,2588.71528,0.16985,1.54385
,,,0.2909,2588.71294,0.16995,1.55064
,,,0.291,2588.01106,0.17004,1.53029
,,,0.2911,2588.00878,0.17013,1.53708
,,,0.2912,2587.56909,0.17022,1.54385
,,,0.2913,2587.56684,0.17032,1.55064
,,,0.2914,2587.21462,0.17041,1.53708
,,,0.2915,2587.21241,0.1705,1.51673
,,,0.2916,2586.68507,0.1706,1.52351
,,,0.2917,2586.77049,0.17069,1.53708
,,,0.2918,2586.76832,0.17078,1.55064
,,,0.2919,2586.9412,0.17087,1.53708
,,,0.292,2586.93902,0.17097,1.52351
,,,0.2921,2586.84937,0.17106,1.55064
,,,0.2922,2586.8472,0.17115,1.54385
,,,0.2923,2586.5824,0.17124,1.55064
,,,0.2924,2586.58026,0.17134,1.55064
,,,0.2925,2586.22792,0.17143,1.53708
,,,0.2926,2586.22581,0.17152,1.52351
,,,0.2927,2586.2237,0.17162,1.55064
,,,0.2928,2586.2216,0.17171,1.55064
,,,0.2929,2586.04437,0.1718,1.55064
,,,0.293,2586.21741,0.17189,1.54385
,,,0.2931,2586.21531,0.17199,1.55064
,,,0.2932,2586.21322,0.17208,1.53029
,,,0.2933,2586.21113,0.17217,1.55064
,,,0.2934,2585.85876,0.17227,1.55064
,,,0.2935,2585.8567,0.17236,1.52351
,,,0.2936,2585.24143,0.17245,1.51673
,,,0.2937,2585.23942,0.17254,1.55064
,,,0.2938,2585.23742,0.17264,1.53708
,,,0.2939,2585.23541,0.17273,1.54385
,,,0.294,2585.14575,0.17282,1.53029
,,,0.2941,2585.14376,0.17292,1.54385
,,,0.2942,2584.96643,0.17301,1.53029
,,,0.2943,2584.52621,0.1731,1.53708
,,,0.2944,2584.52427,0.17319,1.54385
,,,0.2945,2584.52233,0.17329,1.54385
,,,0.2946,2584.5204,0.17338,1.52351
,,,0.2947,2584.51846,0.17347,1.53029
,,,0.2948,2584.51653,0.17356,1.53708
,,,0.2949,2584.77749,0.17366,1.55064
,,,0.295,2584.77554,0.17375,1.53708
,,,0.2951,2584.68592,0.17384,1.54385
,,,0.2952,2584.68398,0.17394,1.53029
,,,0.2953,2584.59445,0.17403,1.54385
,,,0.2954,2584.59252,0.17412,1.54385
,,,0.2955,2584.76588,0.17421,1.51673
,,,0.2956,2584.58867,0.17431,1.52351
,,,0.2957,2584.58675,0.1744,1.53029
,,,0.2958,2584.58484,0.17449,1.53029
,,,0.2959,2584.58293,0.17459,1.55064
,,,0.296,2584.66861,0.17468,1.53029
,,,0.2961,2584.6667,0.17477,1.54385
,,,0.2962,2584.75247,0.17486,1.53708
,,,0.2963,2584.75055,0.17496,1.53708
,,,0.2964,2584.74864,0.17505,1.53708
,,,0.2965,2584.74673,0.17514,1.54385
,,,0.2966,2584.65723,0.17524,1.52351
,,,0.2967,2584.65533,0.17533,1.55064
,,,0.2968,2585.00395,0.17542,1.55064
,,,0.2969,2585.08969,0.17551,1.55064
,,,0.297,2585.08776,0.17561,1.53708
,,,0.2971,2584.82302,0.1757,1.55064
,,,0.2972,2584.82111,0.17579,1.55742
,,,0.2973,2584.73163,0.17588,1.54385
,,,0.2974,2584.72974,0.17598,1.53708
,,,0.2975,2584.64017,0.17607,1.53029
,,,0.2976,2584.63829,0.17616,1.55064
,,,0.2977,2584.98693,0.17626,1.53708
,,,0.2978,2584.98502,0.17635,1.55064
,,,0.2979,2585.4212,0.17644,1.55064
,,,0.298,2585.41927,0.17653,1.53029
,,,0.2981,2585.76768,0.17663,1.53029
,,,0.2982,2586.2035,0.17672,1.54385
,,,0.2983,2586.20152,0.17681,1.55064
,,,0.2984,2586.02443,0.17691,1.53029
,,,0.2985,2586.02247,0.177,1.52351
,,,0.2986,2586.28312,0.17709,1.54385
,,,0.2987,2586.28114,0.17718,1.54385
,,,0.2988,2586.71687,0.17728,1.53708
,,,0.2989,2586.71487,0.17737,1.55742
,,,0.299,2586.97544,0.17746,1.52351
,,,0.2991,2586.97342,0.17756,1.55064
,,,0.2992,2586.88385,0.17765,1.54385
,,,0.2993,2586.88185,0.17774,1.57099
,,,0.2994,2587.22984,0.17783,1.55742
,,,0.2995,2587.22781,0.17793,1.54385
,,,0.2996,2587.22578,0.17802,1.55064
,,,0.2997,2587.3112,0.17811,1.53708
,,,0.2998,2587.30917,0.1782,1.54385
,,,0.2999,2587.74455,0.1783,1.55064
,,,0.3,2587.74249,0.17839,1.53708
,,,0.3001,2588.00275,0.17848,1.55064
,,,0.3002,2588.00067,0.17858,1.55064
,,,0.3003,2588.43581,0.17867,1.55064
,,,0.3004,2588.43371,0.17876,1.53708
,,,0.3005,2588.8687,0.17885,1.5642
,,,0.3006,2588.86657,0.17895,1.53029
,,,0.3007,2589.21399,0.17904,1.55064
,,,0.3008,2589.5613,0.17913,1.55064
,,,0.3009,2589.55913,0.17923,1.53708
,,,0.301,2589.64436,0.17932,1.55064
,,,0.3011,2589.64218,0.17941,1.55064
,,,0.3012,2589.8147,0.1795,1.57099
,,,0.3013,2589.81252,0.1796,1.55064
,,,0.3014,2590.24703,0.17969,1.55064
,,,0.3015,2590.24482,0.17978,1.55064
,,,0.3016,2590.76642,0.17988,1.53029
,,,0.3017,2590.76418,0.17997,1.55742
,,,0.3018,2590.9365,0.18006,1.53708
,,,0.3019,2590.93425,0.18015,1.55064
,,,0.302,2591.36836,0.18025,1.54385
,,,0.3021,2591.45338,0.18034,1.57099
,,,0.3022,2591.4511,0.18043,1.53708
,,,0.3023,2591.9723,0.18052,1.55064
,,,0.3024,2591.96998,0.18062,1.58455
,,,0.3025,2592.57811,0.18071,1.58455
,,,0.3026,2592.57575,0.1808,1.54385
,,,0.3027,2592.83497,0.1809,1.57099
,,,0.3028,2592.8326,0.18099,1.5642
,,,0.3029,2593.17886,0.18108,1.59133
,,,0.303,2593.17646,0.18117,1.55064
,,,0.3031,2593.26126,0.18127,1.58455
,,,0.3032,2593.25887,0.18136,1.59133
,,,0.3033,2593.43084,0.18145,1.59133
,,,0.3034,2593.77694,0.18155,1.59811
,,,0.3035,2593.77451,0.18164,1.59811
,,,0.3036,2593.77209,0.18173,1.57099
,,,0.3037,2593.76967,0.18182,1.6049
,,,0.3038,2593.85441,0.18192,1.5642
,,,0.3039,2593.85199,0.18201,1.59133
,,,0.304,2593.93672,0.1821,1.55064
,,,0.3041,2593.9343,0.1822,1.5642
,,,0.3042,2594.01902,0.18229,1.55742
,,,0.3043,2594.0166,0.18238,1.57099
,,,0.3044,2594.53669,0.18247,1.54385
,,,0.3045,2594.53423,0.18257,1.55742
,,,0.3046,2594.44466,0.18266,1.55064
,,,0.3047,2594.79056,0.18275,1.55064
,,,0.3048,2594.78809,0.18284,1.57099
,,,0.3049,2595.30787,0.18294,1.58455
,,,0.305,2595.30536,0.18303,1.55742
,,,0.3051,2595.65101,0.18312,1.5642
,,,0.3052,2595.64849,0.18322,1.55742
,,,0.3053,2595.99395,0.18331,1.57776
,,,0.3054,2595.99141,0.1834,1.55742
,,,0.3055,2596.6846,0.18349,1.5642
,,,0.3056,2596.682,0.18359,1.55742
,,,0.3057,2597.28797,0.18368,1.55064
,,,0.3058,2597.28533,0.18377,1.53708
,,,0.3059,2597.80418,0.18387,1.53708
,,,0.306,2597.80151,0.18396,1.53029
,,,0.3061,2597.79885,0.18405,1.55064
,,,0.3062,2598.40429,0.18414,1.53029
,,,0.3063,2598.40159,0.18424,1.55064
,,,0.3064,2598.74624,0.18433,1.55064
,,,0.3065,2598.74351,0.18442,1.5642
,,,0.3066,2599.26177,0.18452,1.5642
,,,0.3067,2599.25901,0.18461,1.57776
,,,0.3068,2599.42984,0.1847,1.57099
,,,0.3069,2599.42707,0.18479,1.5642
,,,0.307,2599.42431,0.18489,1.55064
,,,0.3071,2599.42155,0.18498,1.57099
,,,0.3072,2599.50562,0.18507,1.57099
,,,0.3073,2599.76324,0.18516,1.57776
,,,0.3074,2599.76046,0.18526,1.55064
,,,0.3075,2599.8445,0.18535,1.58455
,,,0.3076,2599.84172,0.18544,1.55064
,,,0.3077,2599.92576,0.18554,1.55742
,,,0.3078,2599.92298,0.18563,1.54385
,,,0.3079,2599.9202,0.18572,1.57099
,,,0.308,2599.91743,0.18581,1.54385
,,,0.3081,2600.17497,0.18591,1.55064
,,,0.3082,2600.17218,0.186,1.53708
,,,0.3083,2600.25619,0.18609,1.55742
,,,0.3084,2600.25341,0.18619,1.55064
,,,0.3085,2600.59755,0.18628,1.55742
,,,0.3086,2600.33452,0.18637,1.55064
,,,0.3087,2600.33174,0.18646,1.5642
,,,0.3088,2600.84937,0.18656,1.54385
,,,0.3089,2600.84656,0.18665,1.57099
,,,0.309,2600.9305,0.18674,1.53708
,,,0.3091,2600.92768,0.18684,1.55742
,,,0.3092,2601.27172,0.18693,1.54385
,,,0.3093,2601.26889,0.18702,1.54385
,,,0.3094,2601.26606,0.18711,1.5642
,,,0.3095,2601.26323,0.18721,1.55064
,,,0.3096,2601.43376,0.1873,1.5642
,,,0.3097,2601.43092,0.18739,1.53708
,,,0.3098,2601.42809,0.18748,1.54385
,,,0.3099,2600.90515,0.18758,1.54385
,,,0.31,2600.90237,0.18767,1.53708
,,,0.3101,2600.81284,0.18776,1.55064
,,,0.3102,2600.81008,0.18786,1.55064
,,,0.3103,2601.06745,0.18795,1.55742
,,,0.3104,2601.06467,0.18804,1.53708
,,,0.3105,2600.8885,0.18813,1.54385
,,,0.3106,2600.88574,0.18823,1.55064
,,,0.3107,2600.70958,0.18832,1.55742
,,,0.3108,2600.70684,0.18841,1.5642
,,,0.3109,2601.13763,0.18851,1.55742
,,,0.311,2601.13486,0.1886,1.55064
,,,0.3111,2600.61181,0.18869,1.5642
,,,0.3112,2600.78251,0.18878,1.55742
,,,0.3113,2600.77978,0.18888,1.55064
,,,0.3114,2600.77706,0.18897,1.52351
,,,0.3115,2600.77434,0.18906,1.57099
,,,0.3116,2600.5982,0.18916,1.55064
,,,0.3117,2600.5955,0.18925,1.54385
,,,0.3118,2600.59281,0.18934,1.54385
,,,0.3119,2600.59011,0.18943,1.53029
,,,0.312,2600.32722,0.18953,1.53708
,,,0.3121,2600.32455,0.18962,1.55064
,,,0.3122,2600.14843,0.18971,1.53708
,,,0.3123,2600.14578,0.1898,1.55742
,,,0.3124,2600.05636,0.1899,1.55064
,,,0.3125,2600.14051,0.18999,1.55064
,,,0.3126,2600.13787,0.19008,1.54385
,,,0.3127,2600.13524,0.19018,1.55064
,,,0.3128,2600.13261,0.19027,1.5642
,,,0.3129,2599.95642,0.19036,1.55064
,,,0.313,2599.95381,0.19045,1.53708
,,,0.3131,2599.9512,0.19055,1.53708
,,,0.3132,2599.9486,0.19064,1.55064
,,,0.3133,2599.85921,0.19073,1.54385
,,,0.3134,2599.85662,0.19083,1.52351
,,,0.3135,2599.24663,0.19092,1.54385
,,,0.3136,2598.98377,0.19101,1.53029
,,,0.3137,2598.98126,0.1911,1.53708
,,,0.3138,2598.7183,0.1912,1.53029
,,,0.3139,2598.71582,0.19129,1.52351
,,,0.314,2598.19238,0.19138,1.53708
,,,0.3141,2598.18995,0.19148,1.55064
,,,0.3142,2598.01374,0.19157,1.53029
,,,0.3143,2598.01132,0.19166,1.53708
,,,0.3144,2597.66147,0.19175,1.53708
,,,0.3145,2597.65909,0.19185,1.53029
,,,0.3146,2597.04847,0.19194,1.55064
,,,0.3147,2597.04614,0.19203,1.53029
,,,0.3148,2596.6092,0.19212,1.54385
,,,0.3149,2595.91126,0.19222,1.53708
,,,0.315,2595.90903,0.19231,1.53029
,,,0.3151,2595.64584,0.1924,1.55742
,,,0.3152,2595.64363,0.1925,1.53029
,,,0.3153,2595.29338,0.19259,1.57099
,,,0.3154,2595.29121,0.19268,1.53708
,,,0.3155,2594.941,0.19277,1.54385
,,,0.3156,2594.93886,0.19287,1.53708
,,,0.3157,2594.58852,0.19296,1.54385
,,,0.3158,2594.58642,0.19305,1.55064
,,,0.3159,2593.88786,0.19315,1.55064
,,,0.316,2593.88581,0.19324,1.55064
,,,0.3161,2593.36122,0.19333,1.55064
,,,0.3162,2593.01067,0.19342,1.54385
,,,0.3163,2593.00869,0.19352,1.53708
,,,0.3164,2592.30957,0.19361,1.55064
,,,0.3165,2592.30765,0.1937,1.55064
,,,0.3166,2592.13139,0.1938,1.55064
,,,0.3167,2592.12949,0.19389,1.55064
,,,0.3168,2591.77887,0.19398,1.52351
,,,0.3169,2591.777,0.19407,1.53708
,,,0.317,2591.33906,0.19417,1.53029
,,,0.3171,2591.33723,0.19426,1.54385
,,,0.3172,2590.72472,0.19435,1.54385
,,,0.3173,2590.72294,0.19444,1.53708
,,,0.3174,2590.63386,0.19454,1.52351
,,,0.3175,2590.02114,0.19463,1.55064
,,,0.3176,2590.01942,0.19472,1.53708
,,,0.3177,2589.84311,0.19482,1.55064
,,,0.3178,2589.8414,0.19491,1.53708
,,,0.3179,2589.57774,0.195,1.52351
,,,0.318,2589.57605,0.19509,1.54385
,,,0.3181,2589.39965,0.19519,1.55064
,,,0.3182,2589.39798,0.19528,1.52351
,,,0.3183,2588.8722,0.19537,1.53708
,,,0.3184,2588.87058,0.19547,1.53708
,,,0.3185,2588.25733,0.19556,1.52351
,,,0.3186,2588.25576,0.19565,1.52351
,,,0.3187,2587.72978,0.19574,1.5642
,,,0.3188,2587.72825,0.19584,1.55064
,,,0.3189,2587.72672,0.19593,1.55742
,,,0.319,2587.63773,0.19602,1.55064
,,,0.3191,2587.63621,0.19612,1.55742
,,,0.3192,2587.63469,0.19621,1.54385
,,,0.3193,2587.63317,0.1963,1.53029
,,,0.3194,2587.10696,0.19639,1.55064
,,,0.3195,2587.10549,0.19649,1.55064
,,,0.3196,2587.01652,0.19658,1.53029
,,,0.3197,2587.01506,0.19667,1.55064
,,,0.3198,2586.92609,0.19676,1.53029
,,,0.3199,2586.92464,0.19686,1.53708
,,,0.32,2586.22327,0.19695,1.54385
,,,0.3201,2586.13441,0.19704,1.55064
,,,0.3202,2586.13302,0.19714,1.53029
,,,0.3203,2585.60643,0.19723,1.54385
,,,0.3204,2585.60508,0.19732,1.52351
,,,0.3205,2585.34107,0.19741,1.52351
,,,0.3206,2585.33974,0.19751,1.55064
,,,0.3207,2585.25082,0.1976,1.55064
,,,0.3208,2585.2495,0.19769,1.53029
,,,0.3209,2585.07307,0.19779,1.55064
,,,0.321,2585.07177,0.19788,1.5642
,,,0.3211,2585.15807,0.19797,1.55064
,,,0.3212,2585.15677,0.19806,1.55064
,,,0.3213,2585.33057,0.19816,1.55064
,,,0.3214,2585.15415,0.19825,1.55064
,,,0.3215,2585.15285,0.19834,1.55064
,,,0.3216,2584.71366,0.19844,1.55064
,,,0.3217,2584.71239,0.19853,1.53029
,,,0.3218,2584.6235,0.19862,1.52351
,,,0.3219,2584.62224,0.19871,1.54385
,,,0.322,2584.79624,0.19881,1.53708
,,,0.3221,2584.79497,0.1989,1.52351
,,,0.3222,2584.79371,0.19899,1.54385
,,,0.3223,2584.79244,0.19908,1.57099
,,,0.3224,2584.79118,0.19918,1.53029
,,,0.3225,2584.78992,0.19927,1.55064
,,,0.3226,2585.22653,0.19936,1.55064
,,,0.3227,2585.66298,0.19946,1.55064
,,,0.3228,2585.66166,0.19955,1.55064
,,,0.3229,2585.83538,0.19964,1.55064
,,,0.323,2585.83405,0.19973,1.54385
,,,0.3231,2585.9202,0.19983,1.52351
,,,0.3232,2585.91886,0.19992,1.54385
,,,0.3233,2586.00509,0.20001,1.54385
,,,0.3234,2586.00375,0.20011,1.53708
,,,0.3235,2586.17742,0.2002,1.55064
,,,0.3236,2586.17608,0.20029,1.54385
,,,0.3237,2586.26227,0.20038,1.52351
,,,0.3238,2586.26093,0.20048,1.55064
,,,0.3239,2586.43455,0.20057,1.54385
,,,0.324,2586.69566,0.20066,1.53708
,,,0.3241,2586.69429,0.20076,1.55064
,,,0.3242,2586.78043,0.20085,1.53029
,,,0.3243,2586.77905,0.20094,1.55742
,,,0.3244,2586.86518,0.20103,1.52351
,,,0.3245,2586.8638,0.20113,1.54385
,,,0.3246,2586.94983,0.20122,1.53029
,,,0.3247,2586.94844,0.20131,1.55064
,,,0.3248,2587.03456,0.2014,1.52351
,,,0.3249,2587.03317,0.2015,1.53029
,,,0.325,2587.55637,0.20159,1.53708
,,,0.3251,2587.55495,0.20168,1.55064
,,,0.3252,2588.34013,0.20178,1.53029
,,,0.3253,2588.6008,0.20187,1.53708
,,,0.3254,2588.5993,0.20196,1.52351
,,,0.3255,2589.03449,0.20205,1.53708
,,,0.3256,2589.03297,0.20215,1.52351
,,,0.3257,2589.55536,0.20224,1.54385
,,,0.3258,2589.55381,0.20233,1.52351
,,,0.3259,2589.98875,0.20243,1.53029
,,,0.326,2589.98717,0.20252,1.53708
,,,0.3261,2590.33475,0.20261,1.52351
,,,0.3262,2590.33314,0.2027,1.53029
,,,0.3263,2590.68054,0.2028,1.55064
,,,0.3264,2590.67891,0.20289,1.51673
,,,0.3265,2590.76456,0.20298,1.54385
,,,0.3266,2591.11192,0.20308,1.50995
,,,0.3267,2591.11027,0.20317,1.55064
,,,0.3268,2591.45743,0.20326,1.52351
,,,0.3269,2591.45576,0.20335,1.54385
,,,0.327,2591.71569,0.20345,1.53708
,,,0.3271,2591.714,0.20354,1.54385
,,,0.3272,2591.79953,0.20363,1.53708
,,,0.3273,2591.79783,0.20372,1.54385
,,,0.3274,2592.232,0.20382,1.54385
,,,0.3275,2592.23028,0.20391,1.53708
,,,0.3276,2592.75137,0.204,1.50995
,,,0.3277,2592.74961,0.2041,1.53029
,,,0.3278,2592.83493,0.20419,1.50995
,,,0.3279,2593.09454,0.20428,1.50317
,,,0.328,2593.09277,0.20437,1.53029
,,,0.3281,2593.43945,0.20447,1.55064
,,,0.3282,2593.43765,0.20456,1.52351
,,,0.3283,2593.61009,0.20465,1.54385
,,,0.3284,2593.60829,0.20475,1.52351
,,,0.3285,2593.86772,0.20484,1.53708
,,,0.3286,2593.8659,0.20493,1.51673
,,,0.3287,2593.86407,0.20502,1.53708
,,,0.3288,2593.86225,0.20512,1.53029
,,,0.3289,2593.94754,0.20521,1.55064
,,,0.329,2593.94572,0.2053,1.52351
,,,0.3291,2594.29216,0.2054,1.50317
,,,0.3292,2594.63841,0.20549,1.52351
,,,0.3293,2594.63654,0.20558,1.55064
,,,0.3294,2594.89574,0.20567,1.52351
,,,0.3295,2594.89385,0.20577,1.50995
,,,0.3296,2594.97901,0.20586,1.54385
,,,0.3297,2594.97713,0.20595,1.52351
,,,0.3298,2595.23625,0.20604,1.54385
,,,0.3299,2595.23435,0.20614,1.54385
,,,0.33,2595.4064,0.20623,1.52351
,,,0.3301,2595.40449,0.20632,1.50995
,,,0.3302,2595.40259,0.20642,1.50995
,,,0.3303,2595.40069,0.20651,1.51673
,,,0.3304,2595.39879,0.2066,1.53029
,,,0.3305,2595.83171,0.20669,1.54385
,,,0.3306,2595.82979,0.20679,1.51673
,,,0.3307,2595.91476,0.20688,1.53708
,,,0.3308,2595.91283,0.20697,1.53029
,,,0.3309,2595.99788,0.20707,1.50995
,,,0.331,2595.99595,0.20716,1.52351
,,,0.3311,2596.0809,0.20725,1.52351
,,,0.3312,2596.07897,0.20734,1.53708
,,,0.3313,2596.33785,0.20744,1.53029
,,,0.3314,2596.3359,0.20753,1.53708
,,,0.3315,2596.42091,0.20762,1.52351
,,,0.3316,2596.41896,0.20772,1.52351
,,,0.3317,2596.24318,0.20781,1.52351
,,,0.3318,2596.15428,0.2079,1.52351
,,,0.3319,2596.15235,0.20799,1.50995
,,,0.332,2596.2374,0.20809,1.52351
,,,0.3321,2596.23547,0.20818,1.52351
,,,0.3322,2596.32051,0.20827,1.53029
,,,0.3323,2596.31858,0.20836,1.50995
,,,0.3324,2596.31666,0.20846,1.53029
,,,0.3325,2596.31474,0.20855,1.51673
,,,0.3326,2596.31282,0.20864,1.52351
,,,0.3327,2596.3109,0.20874,1.53708
,,,0.3328,2596.22202,0.20883,1.51673
,,,0.3329,2596.22012,0.20892,1.53029
,,,0.333,2596.13125,0.20901,1.52351
,,,0.3331,2596.12935,0.20911,1.50995
,,,0.3332,2596.12746,0.2092,1.51673
,,,0.3333,2596.29941,0.20929,1.53029
,,,0.3334,2596.2975,0.20939,1.52351
,,,0.3335,2596.29561,0.20948,1.50317
,,,0.3336,2596.29371,0.20957,1.51673
,,,0.3337,2596.81329,0.20966,1.52351
,,,0.3338,2596.81136,0.20976,1.50995
,,,0.3339,2596.63566,0.20985,1.49639
,,,0.334,2596.63374,0.20994,1.49639
,,,0.3341,2596.63183,0.21004,1.53708
,,,0.3342,2596.62993,0.21013,1.50995
,,,0.3343,2596.28032,0.21022,1.50995
,,,0.3344,2596.27844,0.21031,1.51673
,,,0.3345,2596.27657,0.21041,1.49639
,,,0.3346,2596.53546,0.2105,1.50317
,,,0.3347,2596.53357,0.21059,1.53029
,,,0.3348,2596.44482,0.21068,1.53029
,,,0.3349,2596.44295,0.21078,1.54385
,,,0.335,2596.44107,0.21087,1.52351
,,,0.3351,2596.4392,0.21096,1.52351
,,,0.3352,2596.35038,0.21106,1.52351
,,,0.3353,2596.34851,0.21115,1.50995
,,,0.3354,2596.34665,0.21124,1.51673
,,,0.3355,2596.3448,0.21133,1.52351
,,,0.3356,2596.34294,0.21143,1.52351
,,,0.3357,2596.51489,0.21152,1.52351
,,,0.3358,2596.51303,0.21161,1.50995
,,,0.3359,2596.51117,0.21171,1.51673
,,,0.336,2596.50931,0.2118,1.50317
,,,0.3361,2596.33365,0.21189,1.49639
,,,0.3362,2596.33181,0.21198,1.50995
,,,0.3363,2596.32997,0.21208,1.52351
,,,0.3364,2596.32813,0.21217,1.51673
,,,0.3365,2596.5001,0.21226,1.53029
,,,0.3366,2596.49826,0.21236,1.52351
,,,0.3367,2596.49641,0.21245,1.50995
,,,0.3368,2596.49457,0.21254,1.53029
,,,0.3369,2596.75344,0.21263,1.51673
,,,0.337,2596.23013,0.21273,1.52351
,,,0.3371,2596.22831,0.21282,1.50317
,,,0.3372,2596.13954,0.21291,1.50995
,,,0.3373,2596.13774,0.213,1.52351
,,,0.3374,2595.78816,0.2131,1.53029
,,,0.3375,2595.78638,0.21319,1.50317
,,,0.3376,2595.78461,0.21328,1.50995
,,,0.3377,2595.78285,0.21338,1.50995
,,,0.3378,2595.95503,0.21347,1.50317
,,,0.3379,2595.95325,0.21356,1.50995
,,,0.338,2595.95148,0.21365,1.53708
,,,0.3381,2596.12355,0.21375,1.50317
,,,0.3382,2596.12177,0.21384,1.50995
,,,0.3383,2596.20694,0.21393,1.50317
,,,0.3384,2596.20516,0.21403,1.51673
,,,0.3385,2596.29033,0.21412,1.52351
,,,0.3386,2596.28854,0.21421,1.50995
,,,0.3387,2595.93901,0.2143,1.50317
,,,0.3388,2595.93726,0.2144,1.50317
,,,0.3389,2595.58768,0.21449,1.50317
,,,0.339,2595.58596,0.21458,1.49639
,,,0.3391,2595.58424,0.21468,1.52351
,,,0.3392,2595.58252,0.21477,1.50995
,,,0.3393,2595.5808,0.21486,1.49639
,,,0.3394,2595.31819,0.21495,1.52351
,,,0.3395,2595.3165,0.21505,1.49639
,,,0.3396,2595.14088,0.21514,1.52351
,,,0.3397,2595.1392,0.21523,1.53708
,,,0.3398,2595.13753,0.21532,1.52351
,,,0.3399,2595.13586,0.21542,1.52351
,,,0.34,2595.13419,0.21551,1.50995
,,,0.3401,2595.13252,0.2156,1.49639
,,,0.3402,2594.78295,0.2157,1.52351
,,,0.3403,2594.78131,0.21579,1.49639
,,,0.3404,2594.77968,0.21588,1.51673
,,,0.3405,2594.77804,0.21597,1.50317
,,,0.3406,2594.95037,0.21607,1.52351
,,,0.3407,2595.12267,0.21616,1.50317
,,,0.3408,2595.12102,0.21625,1.51673
,,,0.3409,2595.11936,0.21635,1.51673
,,,0.341,2595.11771,0.21644,1.49639
,,,0.3411,2595.02905,0.21653,1.52351
,,,0.3412,2595.02742,0.21662,1.49639
,,,0.3413,2595.1127,0.21672,1.50317
,,,0.3414,2595.11106,0.21681,1.4896
,,,0.3415,2595.10942,0.2169,1.53029
,,,0.3416,2595.10778,0.217,1.52351
,,,0.3417,2594.93221,0.21709,1.52351
,,,0.3418,2594.93059,0.21718,1.50317
,,,0.3419,2594.66807,0.21727,1.50317
,,,0.342,2594.7535,0.21737,1.50995
,,,0.3421,2594.7519,0.21746,1.52351
,,,0.3422,2594.7503,0.21755,1.51673
,,,0.3423,2594.74871,0.21764,1.49639
,,,0.3424,2594.66008,0.21774,1.53029
,,,0.3425,2594.6585,0.21783,1.50995
,,,0.3426,2594.39588,0.21792,1.50317
,,,0.3427,2594.39432,0.21802,1.50317
,,,0.3428,2594.04462,0.21811,1.51673
,,,0.3429,2594.04308,0.2182,1.49639
,,,0.343,2594.21559,0.21829,1.50995
,,,0.3431,2594.21405,0.21839,1.52351
,,,0.3432,2593.9514,0.21848,1.4896
,,,0.3433,2593.8629,0.21857,1.50317
,,,0.3434,2593.86139,0.21867,1.53029
,,,0.3435,2593.42462,0.21876,1.52351
,,,0.3436,2593.42314,0.21885,1.52351
,,,0.3437,2593.16044,0.21894,1.52351
,,,0.3438,2593.15898,0.21904,1.51673
,,,0.3439,2592.72208,0.21913,1.50995
,,,0.344,2592.72066,0.21922,1.4896
,,,0.3441,2592.4579,0.21932,1.52351
,,,0.3442,2592.45651,0.21941,1.53708
,,,0.3443,2592.36796,0.2195,1.50317
,,,0.3444,2592.36658,0.21959,1.49639
,,,0.3445,2592.19096,0.21969,1.50995
,,,0.3446,2592.10243,0.21978,1.50995
,,,0.3447,2592.10107,0.21987,1.51673
,,,0.3448,2591.66397,0.21996,1.48282
,,,0.3449,2591.66264,0.22006,1.49639
,,,0.345,2591.74852,0.22015,1.52351
,,,0.3451,2591.74719,0.22024,1.49639
,,,0.3452,2591.48436,0.22034,1.51673
,,,0.3453,2591.48306,0.22043,1.50995
,,,0.3454,2591.2202,0.22052,1.53708
,,,0.3455,2591.21892,0.22061,1.50995
,,,0.3456,2590.95605,0.22071,1.52351
,,,0.3457,2590.95479,0.2208,1.53029
,,,0.3458,2590.95353,0.22089,1.52351
,,,0.3459,2590.69064,0.22099,1.53029
,,,0.346,2590.68941,0.22108,1.50995
,,,0.3461,2590.77542,0.22117,1.53029
,,,0.3462,2590.77418,0.22126,1.50995
,,,0.3463,2590.51128,0.22136,1.50995
,,,0.3464,2590.51006,0.22145,1.52351
,,,0.3465,2590.33441,0.22154,1.53029
,,,0.3466,2590.33321,0.22164,1.50317
,,,0.3467,2590.07027,0.22173,1.53029
,,,0.3468,2590.06909,0.22182,1.52351
,,,0.3469,2589.71883,0.22191,1.54385
,,,0.347,2589.71768,0.22201,1.52351
,,,0.3471,2589.54201,0.2221,1.52351
,,,0.3472,2589.279,0.22219,1.50995
,,,0.3473,2589.27789,0.22228,1.52351
,,,0.3474,2588.92751,0.22238,1.52351
,,,0.3475,2588.92643,0.22247,1.52351
,,,0.3476,2588.40135,0.22256,1.53708
,,,0.3477,2588.40031,0.22266,1.54385
,,,0.3478,2588.39926,0.22275,1.54385
,,,0.3479,2588.39822,0.22284,1.52351
,,,0.348,2588.13521,0.22293,1.51673
,,,0.3481,2588.13419,0.22303,1.53708
,,,0.3482,2587.609,0.22312,1.54385
,,,0.3483,2587.60802,0.22321,1.55064
,,,0.3484,2587.17005,0.22331,1.52351
,,,0.3485,2587.08175,0.2234,1.51673
,,,0.3486,2587.08081,0.22349,1.50995
,,,0.3487,2586.99242,0.22358,1.52351
,,,0.3488,2586.99149,0.22368,1.49639
,,,0.3489,2586.81573,0.22377,1.54385
,,,0.349,2586.81481,0.22386,1.50995
,,,0.3491,2586.46418,0.22396,1.52351
,,,0.3492,2586.46329,0.22405,1.51673
,,,0.3493,2586.54979,0.22414,1.50995
,,,0.3494,2586.5489,0.22423,1.53708
,,,0.3495,2586.02322,0.22433,1.53708
,,,0.3496,2586.02237,0.22442,1.55064
,,,0.3497,2585.67162,0.22451,1.54385
,,,0.3498,2585.32082,0.2246,1.54385
,,,0.3499,2585.32002,0.2247,1.52351
,,,0.35,2584.8816,0.22479,1.54385
,,,0.3501,2584.88083,0.22488,1.52351
,,,0.3502,2584.705,0.22498,1.52351
,,,0.3503,2584.70424,0.22507,1.53029
,,,0.3504,2584.5284,0.22516,1.51673
,,,0.3505,2584.52766,0.22525,1.52351
,,,0.3506,2584.26422,0.22535,1.50995
,,,0.3507,2584.2635,0.22544,1.53029
,,,0.3508,2584.17517,0.22553,1.50317
,,,0.3509,2584.17446,0.22563,1.53708
,,,0.351,2584.34887,0.22572,1.53029
,,,0.3511,2584.34815,0.22581,1.54385
,,,0.3512,2584.34742,0.2259,1.53029
,,,0.3513,2584.08397,0.226,1.53029
,,,0.3514,2584.08326,0.22609,1.52351
,,,0.3515,2583.81987,0.22618,1.52351
,,,0.3516,2583.81919,0.22628,1.55064
,,,0.3517,2583.55577,0.22637,1.55064
,,,0.3518,2583.55511,0.22646,1.54385
,,,0.3519,2583.20401,0.22655,1.55064
,,,0.352,2583.20337,0.22665,1.53029
,,,0.3521,2583.02748,0.22674,1.53708
,,,0.3522,2583.02686,0.22683,1.53029
,,,0.3523,2582.85097,0.22692,1.52351
,,,0.3524,2582.58737,0.22702,1.51673
,,,0.3525,2582.58678,0.22711,1.49639
,,,0.3526,2582.67389,0.2272,1.53029
,,,0.3527,2582.6733,0.2273,1.53029
,,,0.3528,2582.5851,0.22739,1.51673
,,,0.3529,2582.58451,0.22748,1.55064
,,,0.353,2582.84682,0.22757,1.53029
,,,0.3531,2582.84622,0.22767,1.53029
,,,0.3532,2583.02089,0.22776,1.53029
,,,0.3533,2583.02027,0.22785,1.52351
,,,0.3534,2583.01966,0.22795,1.54385
,,,0.3535,2583.01905,0.22804,1.57099
,,,0.3536,2583.01843,0.22813,1.52351
,,,0.3537,2582.75496,0.22822,1.54385
,,,0.3538,2582.75436,0.22832,1.54385
,,,0.3539,2582.84137,0.22841,1.55064
,,,0.354,2582.84077,0.2285,1.55064
,,,0.3541,2582.57719,0.2286,1.54385
,,,0.3542,2582.57661,0.22869,1.52351
,,,0.3543,2582.48833,0.22878,1.53029
,,,0.3544,2582.48776,0.22887,1.52351
,,,0.3545,2582.39958,0.22897,1.49639
,,,0.3546,2582.39901,0.22906,1.50995
,,,0.3547,2582.13548,0.22915,1.52351
,,,0.3548,2582.13494,0.22924,1.53029
,,,0.3549,2581.78364,0.22934,1.53029
,,,0.355,2581.69546,0.22943,1.50995
,,,0.3551,2581.69495,0.22952,1.52351
,,,0.3552,2581.69444,0.22962,1.53708
,,,0.3553,2581.69393,0.22971,1.53708
,,,0.3554,2581.25489,0.2298,1.53708
,,,0.3555,2581.25441,0.22989,1.53029
,,,0.3556,2581.3417,0.22999,1.53029
,,,0.3557,2581.34122,0.23008,1.55064
,,,0.3558,2581.34074,0.23017,1.51673
,,,0.3559,2581.34025,0.23027,1.54385
,,,0.356,2581.42754,0.23036,1.55064
,,,0.3561,2581.42705,0.23045,1.53708
,,,0.3562,2581.3388,0.23054,1.52351
,,,0.3563,2580.98738,0.23064,1.53029
,,,0.3564,2580.98693,0.23073,1.53029
,,,0.3565,2580.98648,0.23082,1.52351
,,,0.3566,2580.98602,0.23092,1.53708
,,,0.3567,2580.89787,0.23101,1.53029
,,,0.3568,2580.89742,0.2311,1.52351
,,,0.3569,2580.89697,0.23119,1.50317
,,,0.357,2580.89653,0.23129,1.52351
,,,0.3571,2581.07157,0.23138,1.54385
,,,0.3572,2581.07111,0.23147,1.52351
,,,0.3573,2581.15835,0.23156,1.55064
,,,0.3574,2581.15789,0.23166,1.52351
,,,0.3575,2581.33288,0.23175,1.53708
,,,0.3576,2581.50785,0.23184,1.53708
,,,0.3577,2581.50736,0.23194,1.54385
,,,0.3578,2581.24367,0.23203,1.53029
,,,0.3579,2581.2432,0.23212,1.53708
,,,0.358,2581.41819,0.23221,1.50995
,,,0.3581,2581.41771,0.23231,1.53708
,,,0.3582,2581.24179,0.2324,1.53029
,,,0.3583,2581.24133,0.23249,1.54385
,,,0.3584,2581.15318,0.23259,1.53708
,,,0.3585,2581.15272,0.23268,1.53708
,,,0.3586,2581.15227,0.23277,1.52351
,,,0.3587,2581.15181,0.23286,1.53708
,,,0.3588,2581.06358,0.23296,1.52351
,,,0.3589,2581.32628,0.23305,1.51673
,,,0.359,2581.32581,0.23314,1.53029
,,,0.3591,2581.93933,0.23324,1.54385
,,,0.3592,2581.93883,0.23333,1.53708
,,,0.3593,2581.76293,0.23342,1.52351
,,,0.3594,2581.76244,0.23351,1.52351
,,,0.3595,2581.84969,0.23361,1.54385
,,,0.3596,2581.84919,0.2337,1.54385
,,,0.3597,2582.02407,0.23379,1.52351
,,,0.3598,2582.02356,0.23388,1.55064
,,,0.3599,2582.11078,0.23398,1.54385
,,,0.36,2582.11027,0.23407,1.53708
,,,0.3601,2582.19738,0.23416,1.54385
,,,0.3602,2582.19686,0.23426,1.52351
,,,0.3603,2582.19635,0.23435,1.52351
,,,0.3604,2582.45887,0.23444,1.53029
,,,0.3605,2582.45834,0.23453,1.53708
,,,0.3606,2582.98366,0.23463,1.51673
,,,0.3607,2582.98309,0.23472,1.52351
,,,0.3608,2583.333,0.23481,1.52351
,,,0.3609,2583.33241,0.23491,1.4896
,,,0.361,2583.41947,0.235,1.54385
,,,0.3611,2583.41887,0.23509,1.54385
,,,0.3612,2583.24305,0.23518,1.55064
,,,0.3613,2583.41769,0.23528,1.53029
,,,0.3614,2583.41709,0.23537,1.53708
,,,0.3615,2583.59169,0.23546,1.51673
,,,0.3616,2583.59109,0.23556,1.54385
,,,0.3617,2583.76566,0.23565,1.53029
,,,0.3618,2583.76504,0.23574,1.55742
,,,0.3619,2583.76443,0.23583,1.52351
,,,0.362,2583.76381,0.23593,1.53029
,,,0.3621,2583.67565,0.23602,1.52351
,,,0.3622,2583.67504,0.23611,1.51673
,,,0.3623,2583.49925,0.2362,1.50317
,,,0.3624,2583.49865,0.2363,1.51673
,,,0.3625,2583.5857,0.23639,1.53029
,,,0.3626,2583.5851,0.23648,1.50995
,,,0.3627,2583.5845,0.23658,1.53708
,,,0.3628,2583.93424,0.23667,1.50995
,,,0.3629,2583.93362,0.23676,1.51673
,,,0.363,2583.933,0.23685,1.52351
,,,0.3631,2583.93238,0.23695,1.52351
,,,0.3632,2584.2821,0.23704,1.50317
,,,0.3633,2584.28146,0.23713,1.54385
,,,0.3634,2584.5435,0.23723,1.52351
,,,0.3635,2584.54284,0.23732,1.51673
,,,0.3636,2584.8923,0.23741,1.50995
,,,0.3637,2584.89162,0.2375,1.51673
,,,0.3638,2585.24097,0.2376,1.50995
,,,0.3639,2585.24027,0.23769,1.53029
,,,0.364,2585.23956,0.23778,1.52351
,,,0.3641,2585.41385,0.23788,1.51673
,,,0.3642,2585.41313,0.23797,1.50317
,,,0.3643,2585.32488,0.23806,1.49639
,,,0.3644,2585.32417,0.23815,1.50995
,,,0.3645,2585.93576,0.23825,1.51673
,,,0.3646,2585.93501,0.23834,1.4896
,,,0.3647,2586.02168,0.23843,1.51673
,,,0.3648,2586.02092,0.23852,1.52351
,,,0.3649,2586.28256,0.23862,1.53029
,,,0.365,2586.28179,0.23871,1.52351
,,,0.3651,2586.45589,0.2388,1.52351
,,,0.3652,2586.71742,0.2389,1.49639
,,,0.3653,2586.71663,0.23899,1.50995
,,,0.3654,2587.06545,0.23908,1.52351
,,,0.3655,2587.06463,0.23917,1.55064
,,,0.3656,2587.15125,0.23927,1.50995
,,,0.3657,2587.15042,0.23936,1.51673
,,,0.3658,2587.76126,0.23945,1.52351
,,,0.3659,2587.76039,0.23955,1.50995
,,,0.366,2588.02162,0.23964,1.52351
,,,0.3661,2588.02073,0.23973,1.50995
,,,0.3662,2588.19452,0.23982,1.51673
,,,0.3663,2588.19363,0.23992,1.50995
,,,0.3664,2588.36739,0.24001,1.52351
,,,0.3665,2588.54112,0.2401,1.51673
,,,0.3666,2588.5402,0.2402,1.50995
,,,0.3667,2588.7139,0.24029,1.53708
,,,0.3668,2588.71298,0.24038,1.49639
,,,0.3669,2588.71205,0.24047,1.51673
,,,0.367,2588.71113,0.24057,1.50995
,,,0.3671,2589.1467,0.24066,1.53708
,,,0.3672,2589.14574,0.24075,1.52351
,,,0.3673,2589.66837,0.24084,1.49639
,,,0.3674,2589.66738,0.24094,1.53029
,,,0.3675,2589.84088,0.24103,1.53708
,,,0.3676,2589.83988,0.24112,1.50995
,,,0.3677,2589.92617,0.24122,1.53708
,,,0.3678,2590.09962,0.24131,1.53029
,,,0.3679,2590.09861,0.2414,1.53708
,,,0.368,2590.01041,0.24149,1.51673
,,,0.3681,2590.00941,0.24159,1.53029
,,,0.3682,2589.92122,0.24168,1.52351
,,,0.3683,2589.92022,0.24177,1.50995
,,,0.3684,2590.26812,0.24187,1.52351
,,,0.3685,2590.2671,0.24196,1.52351
,,,0.3686,2590.09165,0.24205,1.53029
,,,0.3687,2590.09064,0.24214,1.52351
,,,0.3688,2590.08964,0.24224,1.52351
,,,0.3689,2590.08864,0.24233,1.55064
,,,0.369,2590.17482,0.24242,1.53708
,,,0.3691,2590.26107,0.24252,1.54385
,,,0.3692,2590.26006,0.24261,1.52351
,,,0.3693,2589.99735,0.2427,1.53708
,,,0.3694,2589.99636,0.24279,1.53029
,,,0.3695,2589.64642,0.24289,1.53708
,,,0.3696,2589.64546,0.24298,1.53708
,,,0.3697,2589.55729,0.24307,1.55064
,,,0.3698,2589.55634,0.24316,1.52351
,,,0.3699,2589.46809,0.24326,1.53708
,,,0.37,2589.46715,0.24335,1.52351
,,,0.3701,2589.64071,0.24344,1.54385
,,,0.3702,2589.63976,0.24354,1.53708
,,,0.3703,2589.81329,0.24363,1.53708
,,,0.3704,2589.72513,0.24372,1.53029
,,,0.3705,2589.72417,0.24381,1.54385
,,,0.3706,2589.63602,0.24391,1.53708
,,,0.3707,2589.63507,0.244,1.53029
,,,0.3708,2589.89588,0.24409,1.50995
,,,0.3709,2589.89492,0.24419,1.53708
,,,0.371,2589.98114,0.24428,1.53029
,,,0.3711,2589.98017,0.24437,1.51673
,,,0.3712,2589.97921,0.24446,1.53708
,,,0.3713,2589.97824,0.24456,1.52351
,,,0.3714,2589.97727,0.24465,1.54385
,,,0.3715,2589.97631,0.24474,1.53029
,,,0.3716,2589.88807,0.24484,1.53708
,,,0.3717,2590.06157,0.24493,1.55064
,,,0.3718,2590.06061,0.24502,1.54385
,,,0.3719,2589.97237,0.24511,1.55064
,,,0.372,2589.97142,0.24521,1.53708
,,,0.3721,2590.05773,0.2453,1.55064
,,,0.3722,2590.05677,0.24539,1.52351
,,,0.3723,2589.96854,0.24548,1.52351
,,,0.3724,2589.96758,0.24558,1.53029
,,,0.3725,2589.87936,0.24567,1.54385
,,,0.3726,2589.87841,0.24576,1.53708
,,,0.3727,2589.87747,0.24586,1.54385
,,,0.3728,2589.87653,0.24595,1.52351
,,,0.3729,2589.78831,0.24604,1.53708
,,,0.373,2590.39795,0.24613,1.52351
,,,0.3731,2590.39698,0.24623,1.53708
,,,0.3732,2590.5704,0.24632,1.53029
,,,0.3733,2590.56941,0.24641,1.54385
,,,0.3734,2590.56843,0.24651,1.53029
,,,0.3735,2590.56744,0.2466,1.53708
,,,0.3736,2590.56646,0.24669,1.52351
,,,0.3737,2590.56548,0.24678,1.55064
,,,0.3738,2590.47735,0.24688,1.53029
,,,0.3739,2590.47637,0.24697,1.54385
,,,0.374,2590.12658,0.24706,1.54385
,,,0.3741,2590.12563,0.24716,1.54385
,,,0.3742,2589.86297,0.24725,1.52351
,,,0.3743,2589.77477,0.24734,1.53029
,,,0.3744,2589.77386,0.24743,1.53029
,,,0.3745,2589.59846,0.24753,1.54385
,,,0.3746,2589.59756,0.24762,1.52351
,,,0.3747,2589.85842,0.24771,1.54385
,,,0.3748,2589.8575,0.2478,1.53708
,,,0.3749,2589.68202,0.2479,1.55064
,,,0.375,2589.68112,0.24799,1.53708
,,,0.3751,2589.41843,0.24808,1.52351
,,,0.3752,2589.41755,0.24818,1.53029
,,,0.3753,2589.24215,0.24827,1.52351
,,,0.3754,2589.24128,0.24836,1.53029
,,,0.3755,2588.97864,0.24845,1.53029
,,,0.3756,2588.80323,0.24855,1.53708
,,,0.3757,2588.80239,0.24864,1.50995
,,,0.3758,2588.45237,0.24873,1.52351
,,,0.3759,2588.45156,0.24883,1.54385
,,,0.376,2588.53811,0.24892,1.52351
,,,0.3761,2588.5373,0.24901,1.52351
,,,0.3762,2588.27451,0.2491,1.52351
,,,0.3763,2588.27372,0.2492,1.53029
,,,0.3764,2587.92362,0.24929,1.53708
,,,0.3765,2587.92286,0.24938,1.53708
,,,0.3766,2587.9221,0.24948,1.53029
,,,0.3767,2587.92134,0.24957,1.53708
,,,0.3768,2588.00787,0.24966,1.53029
,,,0.3769,2588.0071,0.24975,1.52351
,,,0.377,2588.00634,0.24985,1.50995
,,,0.3771,2588.00557,0.24994,1.54385
,,,0.3772,2588.00481,0.25003,1.52351
,,,0.3773,2587.74199,0.25012,1.53029
,,,0.3774,2587.74124,0.25022,1.52351
,,,0.3775,2587.39108,0.25031,1.54385
,,,0.3776,2587.39036,0.2504,1.55064
,,,0.3777,2587.47697,0.2505,1.52351
,,,0.3778,2587.47625,0.25059,1.53029
,,,0.3779,2587.30079,0.25068,1.53029
,,,0.378,2587.30009,0.25077,1.53029
,,,0.3781,2587.12463,0.25087,1.55064
,,,0.3782,2586.77438,0.25096,1.52351
,,,0.3783,2586.77371,0.25105,1.52351
,,,0.3784,2586.77304,0.25115,1.52351
,,,0.3785,2586.77238,0.25124,1.54385
,,,0.3786,2586.68427,0.25133,1.54385
,,,0.3787,2586.68361,0.25142,1.52351
,,,0.3788,2586.3332,0.25152,1.54385
,,,0.3789,2586.33257,0.25161,1.55064
,,,0.379,2586.06969,0.2517,1.53708
,,,0.3791,2586.06908,0.2518,1.53708
,,,0.3792,2585.45623,0.25189,1.53029
,,,0.3793,2585.45566,0.25198,1.53708
,,,0.3794,2585.4551,0.25207,1.53029
,,,0.3795,2585.19204,0.25217,1.53029
,,,0.3796,2585.1915,0.25226,1.55064
,,,0.3797,2585.36592,0.25235,1.51673
,,,0.3798,2585.36536,0.25244,1.53708
,,,0.3799,2585.27728,0.25254,1.53708
,,,0.38,2585.27673,0.25263,1.53708
,,,0.3801,2585.01376,0.25272,1.55064
,,,0.3802,2585.01323,0.25282,1.55742
,,,0.3803,2584.92515,0.25291,1.55064
,,,0.3804,2584.92463,0.253,1.53708
,,,0.3805,2584.74909,0.25309,1.53029
,,,0.3806,2584.74858,0.25319,1.55064
,,,0.3807,2584.57304,0.25328,1.55064
,,,0.3808,2584.39749,0.25337,1.52351
,,,0.3809,2584.397,0.25347,1.54385
,,,0.381,2584.13395,0.25356,1.55742
,,,0.3811,2584.13348,0.25365,1.55064
,,,0.3812,2584.13302,0.25374,1.55064
,,,0.3813,2584.13256,0.25384,1.55064
,,,0.3814,2583.86939,0.25393,1.53708
,,,0.3815,2583.86895,0.25402,1.55742
,,,0.3816,2583.78098,0.25412,1.53708
,,,0.3817,2583.78055,0.25421,1.55742
,,,0.3818,2583.51734,0.2543,1.5642
,,,0.3819,2583.51693,0.25439,1.55064
,,,0.382,2583.42897,0.25449,1.54385
,,,0.3821,2582.90286,0.25458,1.57099
,,,0.3822,2582.90249,0.25467,1.53708
,,,0.3823,2582.72687,0.25476,1.55064
,,,0.3824,2582.72652,0.25486,1.55064
,,,0.3825,2582.72616,0.25495,1.54385
,,,0.3826,2582.7258,0.25504,1.53708
,,,0.3827,2582.46258,0.25514,1.53708
,,,0.3828,2582.46224,0.25523,1.53029
,,,0.3829,2582.63718,0.25532,1.55064
,,,0.383,2582.63683,0.25541,1.54385
,,,0.3831,2582.63647,0.25551,1.54385
,,,0.3832,2582.54854,0.2556,1.54385
,,,0.3833,2582.54819,0.25569,1.5642
,,,0.3834,2582.54785,0.25579,1.54385
,,,0.3835,2582.54751,0.25588,1.55064
,,,0.3836,2582.63475,0.25597,1.54385
,,,0.3837,2582.6344,0.25606,1.55064
,,,0.3838,2582.54638,0.25616,1.5642
,,,0.3839,2582.54604,0.25625,1.57099
,,,0.384,2582.37041,0.25634,1.53708
,,,0.3841,2582.37008,0.25644,1.54385
,,,0.3842,2582.54504,0.25653,1.54385
,,,0.3843,2582.5447,0.25662,1.57099
,,,0.3844,2582.45668,0.25671,1.55064
,,,0.3845,2582.45634,0.25681,1.55064
,,,0.3846,2582.45601,0.2569,1.55064
,,,0.3847,2582.36808,0.25699,1.55064
,,,0.3848,2582.36775,0.25708,1.5642
,,,0.3849,2582.45503,0.25718,1.5642
,,,0.385,2582.4547,0.25727,1.55064
,,,0.3851,2582.36668,0.25736,1.55742
,,,0.3852,2582.36635,0.25746,1.55742
,,,0.3853,2582.36603,0.25755,1.57776
,,,0.3854,2582.36571,0.25764,1.55064
,,,0.3855,2582.36538,0.25773,1.57099
,,,0.3856,2582.36506,0.25783,1.57099
,,,0.3857,2582.36474,0.25792,1.55742
,,,0.3858,2582.01379,0.25801,1.57099
,,,0.3859,2582.0135,0.25811,1.5642
,,,0.386,2582.27622,0.2582,1.57099
,,,0.3861,2582.2759,0.25829,1.57099
,,,0.3862,2582.18789,0.25838,1.55064
,,,0.3863,2582.18758,0.25848,1.57776
,,,0.3864,2582.01195,0.25857,1.58455
,,,0.3865,2582.01166,0.25866,1.55742
,,,0.3866,2582.01136,0.25876,1.5642
,,,0.3867,2582.01107,0.25885,1.57099
,,,0.3868,2582.01077,0.25894,1.55742
,,,0.3869,2582.01048,0.25903,1.5642
,,,0.387,2581.92256,0.25913,1.5642
,,,0.3871,2581.57156,0.25922,1.57776
,,,0.3872,2581.57129,0.25931,1.5642
,,,0.3873,2581.7464,0.2594,1.57776
,,,0.3874,2581.74613,0.2595,1.55064
,,,0.3875,2582.00892,0.25959,1.57776
,,,0.3876,2582.00862,0.25968,1.5642
,,,0.3877,2582.27135,0.25978,1.57099
,,,0.3878,2582.27104,0.25987,1.5642
,,,0.3879,2582.0078,0.25996,1.57776
,,,0.388,2582.00751,0.26005,1.55064
,,,0.3881,2582.44544,0.26015,1.57099
,,,0.3882,2582.44512,0.26024,1.55742
,,,0.3883,2582.97056,0.26033,1.58455
,,,0.3884,2583.14542,0.26043,1.57776
,,,0.3885,2583.14505,0.26052,1.57099
,,,0.3886,2583.6702,0.26061,1.54385
,,,0.3887,2583.6698,0.2607,1.5642
,,,0.3888,2583.84453,0.2608,1.5642
,,,0.3889,2583.84412,0.26089,1.57099
,,,0.389,2583.8437,0.26098,1.55064
,,,0.3891,2583.84329,0.26108,1.57776
,,,0.3892,2584.19308,0.26117,1.5642
,,,0.3893,2584.19265,0.26126,1.58455
,,,0.3894,2584.19221,0.26135,1.58455
,,,0.3895,2584.19178,0.26145,1.57099
,,,0.3896,2584.54147,0.26154,1.57099
,,,0.3897,2584.45354,0.26163,1.5642
,,,0.3898,2584.45308,0.26172,1.55064
,,,0.3899,2584.45263,0.26182,1.59811
,,,0.39,2584.45218,0.26191,1.57099
,,,0.3901,2584.53921,0.262,1.55064
,,,0.3902,2584.53876,0.2621,1.57099
,,,0.3903,2584.36325,0.26219,1.57776
,,,0.3904,2584.36281,0.26228,1.5642
,,,0.3905,2584.71254,0.26237,1.57099
,,,0.3906,2584.71208,0.26247,1.55064
,,,0.3907,2584.79908,0.26256,1.57776
,,,0.3908,2584.79861,0.26265,1.57099
,,,0.3909,2584.97314,0.26275,1.58455
,,,0.391,2585.23518,0.26284,1.5642
,,,0.3911,2585.23468,0.26293,1.57776
,,,0.3912,2585.40913,0.26302,1.5642
,,,0.3913,2585.40862,0.26312,1.57776
,,,0.3914,2585.49554,0.26321,1.5642
,,,0.3915,2585.49502,0.2633,1.57099
,,,0.3916,2585.66944,0.2634,1.55742
,,,0.3917,2585.66891,0.26349,1.59133
,,,0.3918,2585.84329,0.26358,1.55064
,,,0.3919,2585.84275,0.26367,1.57099
,,,0.392,2586.0171,0.26377,1.57099
,,,0.3921,2586.01655,0.26386,1.57776
,,,0.3922,2586.27825,0.26395,1.55742
,,,0.3923,2586.62734,0.26404,1.5642
,,,0.3924,2586.62675,0.26414,1.55742
,,,0.3925,2586.5388,0.26423,1.57776
,,,0.3926,2586.53822,0.26432,1.5642
,,,0.3927,2586.53764,0.26442,1.55742
,,,0.3928,2586.53706,0.26451,1.55064
,,,0.3929,2586.53648,0.2646,1.57099
,,,0.393,2586.53591,0.26469,1.5642
,,,0.3931,2586.44796,0.26479,1.55742
,,,0.3932,2586.44739,0.26488,1.55742
,,,0.3933,2586.18461,0.26497,1.5642
,,,0.3934,2586.18406,0.26507,1.55742
,,,0.3935,2586.35835,0.26516,1.5642
,,,0.3936,2586.44516,0.26525,1.58455
,,,0.3937,2586.44459,0.26534,1.59133
,,,0.3938,2586.79364,0.26544,1.55064
,,,0.3939,2586.79305,0.26553,1.57099
,,,0.394,2586.96724,0.26562,1.5642
,,,0.3941,2586.96663,0.26572,1.57776
,,,0.3942,2587.05346,0.26581,1.55742
,,,0.3943,2587.05285,0.2659,1.57776
,,,0.3944,2587.13967,0.26599,1.5642
,,,0.3945,2587.13906,0.26609,1.57099
,,,0.3946,2587.31318,0.26618,1.55064
,,,0.3947,2587.31256,0.26627,1.58455
,,,0.3948,2587.31194,0.26636,1.55742
,,,0.3949,2587.8355,0.26646,1.5642
,,,0.395,2587.83485,0.26655,1.55064
,,,0.3951,2587.92157,0.26664,1.57099
,,,0.3952,2587.92091,0.26674,1.57099
,,,0.3953,2588.18226,0.26683,1.57776
,,,0.3954,2588.18158,0.26692,1.55064
,,,0.3955,2588.44278,0.26701,1.57776
,,,0.3956,2588.44208,0.26711,1.57099
,,,0.3957,2588.70322,0.2672,1.54385
,,,0.3958,2588.70251,0.26729,1.55064
,,,0.3959,2589.22551,0.26739,1.57776
,,,0.396,2589.22476,0.26748,1.55064
,,,0.3961,2589.57299,0.26757,1.55742
,,,0.3962,2590.09555,0.26766,1.5642
,,,0.3963,2590.09474,0.26776,1.55064
,,,0.3964,2590.09394,0.26785,1.54385
,,,0.3965,2590.09313,0.26794,1.5642
,,,0.3966,2590.09233,0.26804,1.55064
,,,0.3967,2590.09153,0.26813,1.55064
,,,0.3968,2590.17788,0.26822,1.55064
,,,0.3969,2590.17708,0.26831,1.5642
,,,0.397,2590.69939,0.26841,1.5642
,,,0.3971,2590.69855,0.2685,1.5642
,,,0.3972,2590.61057,0.26859,1.54385
,,,0.3973,2590.60974,0.26868,1.58455
,,,0.3974,2590.78325,0.26878,1.55064
,,,0.3975,2590.52084,0.26887,1.55064
,,,0.3976,2590.52001,0.26896,1.55064
,,,0.3977,2590.34482,0.26906,1.57099
,,,0.3978,2590.34401,0.26915,1.55064
,,,0.3979,2590.08156,0.26924,1.5642
,,,0.398,2590.08077,0.26933,1.55064
,,,0.3981,2590.07998,0.26943,1.55742
,,,0.3982,2590.0792,0.26952,1.55742
,,,0.3983,2590.07841,0.26961,1.58455
,,,0.3984,2590.07762,0.26971,1.5642
,,,0.3985,2590.07684,0.2698,1.55742
,,,0.3986,2590.07606,0.26989,1.55064
,,,0.3987,2589.90085,0.26998,1.54385
,,,0.3988,2590.16166,0.27008,1.55064
,,,0.3989,2590.16088,0.27017,1.57776
,,,0.399,2590.24724,0.27026,1.55742
,,,0.3991,2590.24645,0.27036,1.5642
,,,0.3992,2590.24566,0.27045,1.55064
,,,0.3993,2590.24487,0.27054,1.55742
,,,0.3994,2590.06969,0.27063,1.54385
,,,0.3995,2590.06891,0.27073,1.55742
,,,0.3996,2589.63201,0.27082,1.55742
,,,0.3997,2589.63127,0.27091,1.55064
,,,0.3998,2589.63052,0.271,1.55064
,,,0.3999,2589.62979,0.2711,1.5642
,,,0.4,2589.45458,0.27119,1.5642
,,,0.4001,2589.01755,0.27128,1.57099
,,,0.4002,2589.01686,0.27138,1.5642
,,,0.4003,2589.10347,0.27147,1.55064
,,,0.4004,2589.10277,0.27156,1.55064
,,,0.4005,2589.01486,0.27165,1.57099
,,,0.4006,2589.01417,0.27175,1.5642
,,,0.4007,2588.92626,0.27184,1.57776
,,,0.4008,2588.92558,0.27193,1.57099
,,,0.4009,2588.9249,0.27203,1.55064
,,,0.401,2588.92422,0.27212,1.55064
,,,0.4011,2588.57443,0.27221,1.53708
,,,0.4012,2588.57377,0.2723,1.53029
,,,0.4013,2588.57312,0.2724,1.57099
,,,0.4014,2588.31054,0.27249,1.54385
,,,0.4015,2588.30991,0.27258,1.5642
,,,0.4016,2588.22192,0.27268,1.5642
,,,0.4017,2588.2213,0.27277,1.5642
,,,0.4018,2588.22068,0.27286,1.55064
,,,0.4019,2588.22005,0.27295,1.55742
,,,0.402,2587.95744,0.27305,1.55064
,,,0.4021,2587.95684,0.27314,1.5642
,,,0.4022,2587.95624,0.27323,1.55064
,,,0.4023,2587.95563,0.27332,1.55742
,,,0.4024,2588.04231,0.27342,1.55064
,,,0.4025,2588.0417,0.27351,1.55064
,,,0.4026,2587.95382,0.2736,1.54385
,,,0.4027,2588.38981,0.2737,1.5642
,,,0.4028,2588.38918,0.27379,1.54385
,,,0.4029,2588.38855,0.27388,1.5642
,,,0.403,2588.38793,0.27397,1.54385
,,,0.4031,2588.2127,0.27407,1.53029
,,,0.4032,2588.21208,0.27416,1.54385
,,,0.4033,2588.12412,0.27425,1.55064
,,,0.4034,2588.12351,0.27435,1.55064
,,,0.4035,2587.8609,0.27444,1.54385
,,,0.4036,2587.86032,0.27453,1.52351
,,,0.4037,2588.03437,0.27462,1.54385
,,,0.4038,2588.03378,0.27472,1.53708
,,,0.4039,2588.03318,0.27481,1.55064
,,,0.404,2587.50851,0.2749,1.53708
,,,0.4041,2587.50795,0.275,1.53708
,,,0.4042,2586.89581,0.27509,1.55064
,,,0.4043,2586.8953,0.27518,1.55742
,,,0.4044,2586.54523,0.27527,1.54385
,,,0.4045,2586.54474,0.27537,1.53029
,,,0.4046,2586.28208,0.27546,1.55064
,,,0.4047,2586.28161,0.27555,1.57776
,,,0.4048,2585.84405,0.27564,1.54385
,,,0.4049,2585.84362,0.27574,1.55064
,,,0.405,2585.14342,0.27583,1.55064
,,,0.4051,2585.14304,0.27592,1.55064
,,,0.4052,2585.05512,0.27602,1.55064
,,,0.4053,2585.05475,0.27611,1.53029
,,,0.4054,2585.05437,0.2762,1.53708
,,,0.4055,2584.87901,0.27629,1.54385
,,,0.4056,2584.87865,0.27639,1.55064
,,,0.4057,2584.61573,0.27648,1.55064
,,,0.4058,2584.61539,0.27657,1.52351
,,,0.4059,2584.26497,0.27667,1.54385
,,,0.406,2584.26465,0.27676,1.53029
,,,0.4061,2584.00168,0.27685,1.55064
,,,0.4062,2584.00137,0.27694,1.55064
,,,0.4063,2583.73838,0.27704,1.53708
,,,0.4064,2583.30029,0.27713,1.55064
,,,0.4065,2583.30004,0.27722,1.54385
,,,0.4066,2583.12461,0.27732,1.55064
,,,0.4067,2583.12437,0.27741,1.55064
,,,0.4068,2583.12413,0.2775,1.53708
,,,0.4069,2583.12389,0.27759,1.55064
,,,0.407,2583.0361,0.27769,1.53708
,,,0.4071,2583.03587,0.27778,1.55064
,,,0.4072,2582.68521,0.27787,1.53708
,,,0.4073,2582.685,0.27796,1.54385
,,,0.4074,2582.07131,0.27806,1.55064
,,,0.4075,2582.07114,0.27815,1.55064
,,,0.4076,2582.07098,0.27824,1.55064
,,,0.4077,2581.72017,0.27834,1.53708
,,,0.4078,2581.72002,0.27843,1.55064
,,,0.4079,2581.45689,0.27852,1.53029
,,,0.408,2581.45677,0.27861,1.54385
,,,0.4081,2581.19361,0.27871,1.55742
,,,0.4082,2581.1935,0.2788,1.53708
,,,0.4083,2580.93032,0.27889,1.55064
,,,0.4084,2580.93023,0.27899,1.53029
,,,0.4085,2581.19322,0.27908,1.54385
,,,0.4086,2581.19311,0.27917,1.55064
,,,0.4087,2581.19301,0.27926,1.55064
,,,0.4088,2581.1929,0.27936,1.54385
,,,0.4089,2581.01738,0.27945,1.53029
,,,0.409,2581.10504,0.27954,1.5642
,,,0.4091,2581.10494,0.27964,1.55064
,,,0.4092,2581.10484,0.27973,1.55742
,,,0.4093,2581.10474,0.27982,1.53708
,,,0.4094,2580.57832,0.27991,1.55064
,,,0.4095,2580.57826,0.28001,1.55064
,,,0.4096,2580.49041,0.2801,1.54385
,,,0.4097,2580.49036,0.28019,1.55064
,,,0.4098,2580.31481,0.28028,1.54385
,,,0.4099,2580.31476,0.28038,1.55064
,,,0.41,2580.13921,0.28047,1.54385
,,,0.4101,2580.13917,0.28056,1.55064
,,,0.4102,2580.13914,0.28066,1.53029
,,,0.4103,2579.96358,0.28075,1.5642
,,,0.4104,2579.96356,0.28084,1.52351
,,,0.4105,2579.96353,0.28093,1.55064
,,,0.4106,2579.96351,0.28103,1.53708
,,,0.4107,2579.87576,0.28112,1.55064
,,,0.4108,2579.87575,0.28121,1.55064
,,,0.4109,2579.43684,0.28131,1.54385
,,,0.411,2579.43685,0.2814,1.55742
,,,0.4111,2579.17349,0.28149,1.55742
,,,0.4112,2579.17352,0.28158,1.54385
,,,0.4113,2579.08569,0.28168,1.54385
,,,0.4114,2579.08573,0.28177,1.54385
,,,0.4115,2578.82233,0.28186,1.55064
,,,0.4116,2578.7345,0.28196,1.55064
,,,0.4117,2578.73456,0.28205,1.57099
,,,0.4118,2578.38322,0.28214,1.55742
,,,0.4119,2578.38331,0.28223,1.54385
,,,0.412,2578.11975,0.28233,1.53708
,,,0.4121,2578.11985,0.28242,1.55064
,,,0.4122,2578.03212,0.28251,1.53708
,,,0.4123,2578.03222,0.2826,1.54385
,,,0.4124,2577.94449,0.2827,1.52351
,,,0.4125,2577.9446,0.28279,1.55064
,,,0.4126,2577.94471,0.28288,1.54385
,,,0.4127,2577.94482,0.28298,1.55064
,,,0.4128,2577.59336,0.28307,1.55064
,,,0.4129,2577.24184,0.28316,1.55064
,,,0.413,2577.242,0.28325,1.53708
,,,0.4131,2577.33012,0.28335,1.55742
,,,0.4132,2577.33027,0.28344,1.54385
,,,0.4133,2577.50625,0.28353,1.53708
,,,0.4134,2577.50639,0.28363,1.55064
,,,0.4135,2577.77019,0.28372,1.54385
,,,0.4136,2577.77031,0.28381,1.53029
,,,0.4137,2577.77043,0.2839,1.5642
,,,0.4138,2577.77055,0.284,1.54385
,,,0.4139,2577.85852,0.28409,1.53708
,,,0.414,2577.85863,0.28418,1.55064
,,,0.4141,2577.94668,0.28428,1.55064
,,,0.4142,2577.59521,0.28437,1.55064
,,,0.4143,2577.59534,0.28446,1.55064
,,,0.4144,2577.33178,0.28455,1.53029
,,,0.4145,2577.33193,0.28465,1.55742
,,,0.4146,2577.33208,0.28474,1.54385
,,,0.4147,2577.33223,0.28483,1.55064
,,,0.4148,2577.50821,0.28492,1.54385
,,,0.4149,2577.50834,0.28502,1.57099
,,,0.415,2577.50848,0.28511,1.54385
,,,0.4151,2577.50862,0.2852,1.55064
,,,0.4152,2577.24505,0.2853,1.53708
,,,0.4153,2577.2452,0.28539,1.55064
,,,0.4154,2577.24535,0.28548,1.55064
,,,0.4155,2577.24551,0.28557,1.5642
,,,0.4156,2577.24566,0.28567,1.55064
,,,0.4157,2577.59747,0.28576,1.5642
,,,0.4158,2577.5976,0.28585,1.54385
,,,0.4159,2577.50986,0.28595,1.54385
,,,0.416,2577.51,0.28604,1.55742
,,,0.4161,2577.51013,0.28613,1.55742
,,,0.4162,2577.51027,0.28622,1.57099
,,,0.4163,2577.42244,0.28632,1.57776
,,,0.4164,2577.42258,0.28641,1.5642
,,,0.4165,2577.68649,0.2865,1.5642
,,,0.4166,2577.68661,0.2866,1.55742
,,,0.4167,2577.51092,0.28669,1.55064
,,,0.4168,2577.68687,0.28678,1.54385
,,,0.4169,2577.68699,0.28687,1.57776
,,,0.417,2577.68711,0.28697,1.5642
,,,0.4171,2577.68723,0.28706,1.57776
,,,0.4172,2577.68735,0.28715,1.54385
,,,0.4173,2577.68747,0.28724,1.5642
,,,0.4174,2578.12698,0.28734,1.53029
,,,0.4175,2578.12707,0.28743,1.55064
,,,0.4176,2577.68777,0.28752,1.54385
,,,0.4177,2577.68789,0.28762,1.55064
,,,0.4178,2577.68801,0.28771,1.55064
,,,0.4179,2577.68813,0.2878,1.55064
,,,0.418,2577.42458,0.28789,1.55064
,,,0.4181,2577.07302,0.28799,1.53029
,,,0.4182,2577.07318,0.28808,1.53708
,,,0.4183,2576.89746,0.28817,1.5642
,,,0.4184,2576.89763,0.28827,1.55064
,,,0.4185,2577.24954,0.28836,1.55064
,,,0.4186,2577.24969,0.28845,1.53708
,,,0.4187,2576.98609,0.28854,1.5642
,,,0.4188,2576.98625,0.28864,1.53029
,,,0.4189,2576.98641,0.28873,1.55064
,,,0.419,2576.98658,0.28882,1.55064
,,,0.4191,2576.72286,0.28892,1.5642
,,,0.4192,2576.72304,0.28901,1.57776
,,,0.4193,2576.63522,0.2891,1.55064
,,,0.4194,2576.63541,0.28919,1.53708
,,,0.4195,2576.63559,0.28929,1.55742
,,,0.4196,2576.54786,0.28938,1.55064
,,,0.4197,2576.54805,0.28947,1.57099
,,,0.4198,2576.54824,0.28956,1.55742
,,,0.4199,2576.54844,0.28966,1.55742
,,,0.42,2576.63654,0.28975,1.55742
,,,0.4201,2576.63673,0.28984,1.5642
,,,0.4202,2576.63691,0.28994,1.55064
,,,0.4203,2576.6371,0.29003,1.57776
,,,0.4204,2576.63728,0.29012,1.55064
,,,0.4205,2576.63747,0.29021,1.53029
,,,0.4206,2576.98945,0.29031,1.52351
,,,0.4207,2576.72581,0.2904,1.55064
,,,0.4208,2576.72599,0.29049,1.55064
,,,0.4209,2576.55025,0.29059,1.53708
,,,0.421,2576.55044,0.29068,1.53029
,,,0.4211,2576.55063,0.29077,1.54385
,,,0.4212,2576.55081,0.29086,1.53708
,,,0.4213,2576.37506,0.29096,1.55064
,,,0.4214,2576.37526,0.29105,1.54385
,,,0.4215,2576.1995,0.29114,1.52351
,,,0.4216,2576.19971,0.29124,1.52351
,,,0.4217,2576.02395,0.29133,1.53029
,,,0.4218,2576.02417,0.29142,1.52351
,,,0.4219,2576.02439,0.29151,1.54385
,,,0.422,2575.93657,0.29161,1.53029
,,,0.4221,2575.93679,0.2917,1.50317
,,,0.4222,2575.76101,0.29179,1.53708
,,,0.4223,2575.76125,0.29188,1.54385
,,,0.4224,2575.40941,0.29198,1.53029
,,,0.4225,2575.40967,0.29207,1.53029
,,,0.4226,2575.05777,0.29216,1.51673
,,,0.4227,2575.05805,0.29226,1.52351
,,,0.4228,2574.79412,0.29235,1.54385
,,,0.4229,2574.79442,0.29244,1.53708
,,,0.423,2574.88282,0.29253,1.54385
,,,0.4231,2574.88312,0.29263,1.53708
,,,0.4232,2574.7953,0.29272,1.53029
,,,0.4233,2574.70758,0.29281,1.53029
,,,0.4234,2574.70788,0.29291,1.53708
,,,0.4235,2574.70818,0.293,1.53029
,,,0.4236,2574.70848,0.29309,1.52351
,,,0.4237,2574.70878,0.29318,1.51673
,,,0.4238,2574.70909,0.29328,1.51673
,,,0.4239,2574.26902,0.29337,1.54385
,,,0.424,2574.26935,0.29346,1.52351
,,,0.4241,2574.09348,0.29356,1.52351
,,,0.4242,2574.09382,0.29365,1.50995
,,,0.4243,2574.00601,0.29374,1.54385
,,,0.4244,2574.00635,0.29383,1.54385
,,,0.4245,2574.09485,0.29393,1.55064
,,,0.4246,2574.44757,0.29402,1.52351
,,,0.4247,2574.44788,0.29411,1.53029
,,,0.4248,2574.09582,0.2942,1.53029
,,,0.4249,2574.09615,0.2943,1.52351
,,,0.425,2574.00834,0.29439,1.53029
,,,0.4251,2574.00868,0.29448,1.49639
,,,0.4252,2573.83279,0.29458,1.55064
,,,0.4253,2573.83314,0.29467,1.53029
,,,0.4254,2573.92166,0.29476,1.52351
,,,0.4255,2573.922,0.29485,1.55064
,,,0.4256,2573.83419,0.29495,1.55064
,,,0.4257,2573.83454,0.29504,1.52351
,,,0.4258,2574.09927,0.29513,1.52351
,,,0.4259,2573.92338,0.29523,1.54385
,,,0.426,2573.92373,0.29532,1.51673
,,,0.4261,2574.01214,0.29541,1.52351
,,,0.4262,2574.01248,0.2955,1.50995
,,,0.4263,2574.18902,0.2956,1.53708
,,,0.4264,2574.18935,0.29569,1.52351
,,,0.4265,2573.66098,0.29578,1.52351
,,,0.4266,2573.66134,0.29588,1.51673
,,,0.4267,2573.92602,0.29597,1.50317
,,,0.4268,2573.92636,0.29606,1.52351
,,,0.4269,2573.9267,0.29615,1.55064
,,,0.427,2573.92704,0.29625,1.55064
,,,0.4271,2574.1036,0.29634,1.51673
,,,0.4272,2574.36818,0.29643,1.54385
,,,0.4273,2574.36849,0.29652,1.54385
,,,0.4274,2574.54497,0.29662,1.53708
,,,0.4275,2574.54527,0.29671,1.55742
,,,0.4276,2574.54556,0.2968,1.53029
,,,0.4277,2574.54586,0.2969,1.54385
,,,0.4278,2574.63419,0.29699,1.52351
,,,0.4279,2574.63448,0.29708,1.53029
,,,0.428,2574.7228,0.29717,1.53708
,,,0.4281,2574.72308,0.29727,1.53029
,,,0.4282,2574.9876,0.29736,1.53708
,,,0.4283,2574.98787,0.29745,1.55064
,,,0.4284,2575.16423,0.29755,1.55064
,,,0.4285,2574.98839,0.29764,1.52351
,,,0.4286,2574.98865,0.29773,1.53029
,,,0.4287,2574.98892,0.29782,1.55064
,,,0.4288,2574.98918,0.29792,1.52351
,,,0.4289,2575.07746,0.29801,1.53029
,,,0.429,2575.07771,0.2981,1.53029
,,,0.4291,2575.25406,0.2982,1.54385
,,,0.4292,2575.25431,0.29829,1.53708
,,,0.4293,2575.69465,0.29838,1.55064
,,,0.4294,2575.69487,0.29847,1.54385
,,,0.4295,2576.04711,0.29857,1.53708
,,,0.4296,2576.0473,0.29866,1.54385
,,,0.4297,2576.04749,0.29875,1.51673
,,,0.4298,2576.75149,0.29884,1.52351
,,,0.4299,2576.75164,0.29894,1.51673
,,,0.43,2577.27942,0.29903,1.55064
,,,0.4301,2577.27954,0.29912,1.55064
,,,0.4302,2577.45549,0.29922,1.55064
,,,0.4303,2577.45559,0.29931,1.55064
,,,0.4304,2577.63151,0.2994,1.54385
,,,0.4305,2577.63159,0.29949,1.54385
,,,0.4306,2578.33477,0.29959,1.54385
,,,0.4307,2578.33481,0.29968,1.53708
,,,0.4308,2578.68627,0.29977,1.52351
,,,0.4309,2579.30113,0.29987,1.54385
,,,0.431,2579.30111,0.29996,1.55064
,,,0.4311,2579.74012,0.30005,1.55064
,,,0.4312,2579.74007,0.30014,1.53029
,,,0.4313,2580.0033,0.30024,1.53708
,,,0.4314,2580.00323,0.30033,1.52351
,,,0.4315,2580.35421,0.30042,1.54385
,,,0.4316,2580.35411,0.30052,1.53029
,,,0.4317,2580.79276,0.30061,1.55064
,,,0.4318,2580.79263,0.3007,1.53708
,,,0.4319,2581.23112,0.30079,1.52351
,,,0.432,2581.23097,0.30089,1.53708
,,,0.4321,2581.75694,0.30098,1.53029
,,,0.4322,2582.1074,0.30107,1.52351
,,,0.4323,2582.10719,0.30116,1.57099
,,,0.4324,2582.72046,0.30126,1.54385
,,,0.4325,2582.72021,0.30135,1.54385
,,,0.4326,2582.98274,0.30144,1.55064
,,,0.4327,2582.98247,0.30154,1.55742
,,,0.4328,2583.06975,0.30163,1.52351
,,,0.4329,2583.06948,0.30172,1.53029
,,,0.433,2583.41955,0.30181,1.52351
,,,0.4331,2583.41925,0.30191,1.54385
,,,0.4332,2584.03192,0.302,1.53029
,,,0.4333,2584.03158,0.30209,1.53029
,,,0.4334,2584.64396,0.30219,1.55064
,,,0.4335,2584.99358,0.30228,1.55064
,,,0.4336,2584.99317,0.30237,1.55064
,,,0.4337,2585.16773,0.30246,1.53029
,,,0.4338,2585.16731,0.30256,1.55064
,,,0.4339,2585.60428,0.30265,1.53029
,,,0.434,2585.60383,0.30274,1.54385
,,,0.4341,2585.95316,0.30284,1.57099
,,,0.4342,2585.95269,0.30293,1.53029
,,,0.4343,2586.30192,0.30302,1.57099
,,,0.4344,2586.30142,0.30311,1.54385
,,,0.4345,2586.3883,0.30321,1.57099
,,,0.4346,2586.3878,0.3033,1.5642
,,,0.4347,2586.82434,0.30339,1.55064
,,,0.4348,2586.99857,0.30348,1.55064
,,,0.4349,2586.99803,0.30358,1.53708
,,,0.435,2587.60904,0.30367,1.54385
,,,0.4351,2587.60846,0.30376,1.55064
,,,0.4352,2587.86993,0.30386,1.55064
,,,0.4353,2587.86933,0.30395,1.5642
,,,0.4354,2588.13073,0.30404,1.55064
,,,0.4355,2588.13012,0.30413,1.54385
,,,0.4356,2588.56604,0.30423,1.53029
,,,0.4357,2588.5654,0.30432,1.55064
,,,0.4358,2588.47751,0.30441,1.55064
,,,0.4359,2588.47687,0.30451,1.55742
,,,0.436,2588.82537,0.3046,1.53029
,,,0.4361,2589.34825,0.30469,1.55064
,,,0.4362,2589.34756,0.30478,1.55742
,,,0.4363,2589.52134,0.30488,1.55742
,,,0.4364,2589.52063,0.30497,1.55064
,,,0.4365,2589.51992,0.30506,1.57776
,,,0.4366,2589.51922,0.30516,1.55064
,,,0.4367,2589.6057,0.30525,1.57099
,,,0.4368,2589.60499,0.30534,1.57776
,,,0.4369,2589.69155,0.30543,1.57776
,,,0.437,2589.69083,0.30553,1.55064
,,,0.4371,2589.86456,0.30562,1.57776
,,,0.4372,2589.86383,0.30571,1.55064
,,,0.4373,2590.29916,0.3058,1.5642
,,,0.4374,2590.2984,0.3059,1.5642
,,,0.4375,2590.29765,0.30599,1.5642
,,,0.4376,2590.47126,0.30608,1.5642
,,,0.4377,2590.4705,0.30618,1.57099
,,,0.4378,2590.81841,0.30627,1.55064
,,,0.4379,2590.81763,0.30636,1.55742
,,,0.438,2590.81684,0.30645,1.57099
,,,0.4381,2590.81605,0.30655,1.55064
,,,0.4382,2591.07677,0.30664,1.55742
,,,0.4383,2591.07597,0.30673,1.55742
,,,0.4384,2590.98806,0.30683,1.57099
,,,0.4385,2590.98727,0.30692,1.55064
,,,0.4386,2591.16086,0.30701,1.57099
,,,0.4387,2591.33432,0.3071,1.55742
,,,0.4388,2591.33351,0.3072,1.55064
,,,0.4389,2591.2456,0.30729,1.55064
,,,0.439,2591.2448,0.30738,1.5642
,,,0.4391,2591.33117,0.30748,1.55742
,,,0.4392,2591.33035,0.30757,1.55064
,,,0.4393,2591.41671,0.30766,1.55064
,,,0.4394,2591.4159,0.30775,1.55742
,,,0.4395,2591.85069,0.30785,1.57099
,,,0.4396,2591.84985,0.30794,1.55064
,,,0.4397,2591.93614,0.30803,1.5642
,,,0.4398,2591.93529,0.30812,1.55064
,,,0.4399,2592.10872,0.30822,1.57776
,,,0.44,2591.84653,0.30831,1.55742
,,,0.4401,2591.84569,0.3084,1.57776
,,,0.4402,2591.84485,0.3085,1.55064
,,,0.4403,2591.84401,0.30859,1.57776
,,,0.4404,2592.1045,0.30868,1.55064
,,,0.4405,2592.10365,0.30877,1.58455
,,,0.4406,2592.18983,0.30887,1.5642
,,,0.4407,2592.18897,0.30896,1.57099
,,,0.4408,2592.18811,0.30905,1.54385
,,,0.4409,2592.18726,0.30915,1.55742
,,,0.441,2592.36055,0.30924,1.55742
,,,0.4411,2592.35969,0.30933,1.58455
,,,0.4412,2592.44593,0.30942,1.5642
,,,0.4413,2592.27092,0.30952,1.57776
,,,0.4414,2592.27006,0.30961,1.55742
,,,0.4415,2592.18208,0.3097,1.58455
,,,0.4416,2592.18123,0.3098,1.5642
,,,0.4417,2592.26751,0.30989,1.57776
,,,0.4418,2592.26665,0.30998,1.59133
,,,0.4419,2592.43994,0.31007,1.57099
,,,0.442,2592.43908,0.31017,1.57099
,,,0.4421,2592.69944,0.31026,1.57776
,,,0.4422,2592.69856,0.31035,1.58455
,,,0.4423,2592.61058,0.31044,1.57099
,,,0.4424,2592.60971,0.31054,1.55064
,,,0.4425,2592.87002,0.31063,1.55064
,,,0.4426,2592.86914,0.31072,1.57099
,,,0.4427,2592.86825,0.31082,1.59811
,,,0.4428,2592.69327,0.31091,1.55064
,,,0.4429,2592.6924,0.311,1.57776
,,,0.443,2592.34328,0.31109,1.57099
,,,0.4431,2592.34244,0.31119,1.57776
,,,0.4432,2592.42871,0.31128,1.5642
,,,0.4433,2592.42786,0.31137,1.57776
,,,0.4434,2592.3399,0.31147,1.55064
,,,0.4435,2592.33906,0.31156,1.57776
,,,0.4436,2592.33822,0.31165,1.55742
,,,0.4437,2592.33738,0.31174,1.5642
,,,0.4438,2591.90109,0.31184,1.5642
,,,0.4439,2591.81314,0.31193,1.5642
,,,0.444,2591.81234,0.31202,1.53708
,,,0.4441,2591.7244,0.31212,1.55064
,,,0.4442,2591.72361,0.31221,1.55064
,,,0.4443,2591.5486,0.3123,1.57099
,,,0.4444,2591.54783,0.31239,1.5642
,,,0.4445,2591.28565,0.31249,1.57776
,,,0.4446,2591.28489,0.31258,1.57099
,,,0.4447,2591.28414,0.31267,1.57099
,,,0.4448,2591.28339,0.31276,1.55064
,,,0.4449,2591.45688,0.31286,1.57099
,,,0.445,2591.45612,0.31295,1.57776
,,,0.4451,2591.19394,0.31304,1.55064
,,,0.4452,2590.84463,0.31314,1.53029
,,,0.4453,2590.84391,0.31323,1.55064
,,,0.4454,2590.66888,0.31332,1.57099
,,,0.4455,2590.66818,0.31341,1.55064
,,,0.4456,2590.92889,0.31351,1.55742
,,,0.4457,2590.92817,0.3136,1.57776
,,,0.4458,2590.92746,0.31369,1.55742
,,,0.4459,2590.92674,0.31379,1.5642
,,,0.446,2591.27457,0.31388,1.55742
,,,0.4461,2591.27383,0.31397,1.5642
,,,0.4462,2591.36026,0.31406,1.5642
,,,0.4463,2591.35952,0.31416,1.57776
,,,0.4464,2591.01015,0.31425,1.55064
,,,0.4465,2591.00944,0.31434,1.57099
,,,0.4466,2591.00872,0.31444,1.53708
,,,0.4467,2590.9209,0.31453,1.54385
,,,0.4468,2590.92019,0.31462,1.54385
,,,0.4469,2590.65798,0.31471,1.57776
,,,0.447,2590.65729,0.31481,1.57099
,,,0.4471,2591.0053,0.3149,1.55064
,,,0.4472,2591.00458,0.31499,1.55064
,,,0.4473,2591.00387,0.31508,1.57099
,,,0.4474,2591.00316,0.31518,1.55064
,,,0.4475,2591.17673,0.31527,1.57099
,,,0.4476,2591.17601,0.31536,1.58455
,,,0.4477,2591.08811,0.31546,1.55742
,,,0.4478,2591.00021,0.31555,1.53029
,,,0.4479,2590.99951,0.31564,1.55742
,,,0.448,2590.91161,0.31573,1.57099
,,,0.4481,2590.91091,0.31583,1.55064
,,,0.4482,2590.82302,0.31592,1.57099
,,,0.4483,2590.82233,0.31601,1.55742
,,,0.4484,2590.73445,0.31611,1.55742
,,,0.4485,2590.73377,0.3162,1.5642
,,,0.4486,2590.73308,0.31629,1.55064
,,,0.4487,2590.7324,0.31638,1.5642
,,,0.4488,2590.38297,0.31648,1.54385
,,,0.4489,2590.38232,0.31657,1.55064
,,,0.449,2590.29444,0.31666,1.53708
,,,0.4491,2590.2938,0.31676,1.55064
,,,0.4492,2590.29315,0.31685,1.55064
,,,0.4493,2590.20528,0.31694,1.55064
,,,0.4494,2590.20465,0.31703,1.55742
,,,0.4495,2590.20401,0.31713,1.55742
,,,0.4496,2590.20337,0.31722,1.55064
,,,0.4497,2590.28997,0.31731,1.55064
,,,0.4498,2590.28933,0.3174,1.54385
,,,0.4499,2590.28869,0.3175,1.55742
,,,0.45,2590.28805,0.31759,1.55064
,,,0.4501,2590.11304,0.31768,1.54385
,,,0.4502,2590.11242,0.31778,1.54385
,,,0.4503,2589.85016,0.31787,1.55064
,,,0.4504,2590.28556,0.31796,1.51673
,,,0.4505,2590.28492,0.31805,1.55064
,,,0.4506,2590.37151,0.31815,1.52351
,,,0.4507,2590.37087,0.31824,1.54385
,,,0.4508,2590.19587,0.31833,1.53708
,,,0.4509,2590.19525,0.31843,1.54385
,,,0.451,2590.28185,0.31852,1.52351
,,,0.4511,2590.28122,0.31861,1.54385
,,,0.4512,2590.28059,0.3187,1.54385
,,,0.4513,2590.27996,0.3188,1.5642
,,,0.4514,2590.27934,0.31889,1.53708
,,,0.4515,2590.27871,0.31898,1.54385
,,,0.4516,2590.01648,0.31908,1.54385
,,,0.4517,2590.01587,0.31917,1.52351
,,,0.4518,2590.01527,0.31926,1.53708
,,,0.4519,2589.92742,0.31935,1.53708
,,,0.452,2589.92682,0.31945,1.53029
,,,0.4521,2590.27498,0.31954,1.53708
,,,0.4522,2590.27436,0.31963,1.53029
,,,0.4523,2590.18651,0.31972,1.53708
,,,0.4524,2590.1859,0.31982,1.54385
,,,0.4525,2590.44686,0.31991,1.54385
,,,0.4526,2590.44623,0.32,1.52351
,,,0.4527,2590.70713,0.3201,1.50317
,,,0.4528,2590.70648,0.32019,1.54385
,,,0.4529,2590.96732,0.32028,1.54385
,,,0.453,2591.05384,0.32037,1.50995
,,,0.4531,2591.05317,0.32047,1.55064
,,,0.4532,2591.0525,0.32056,1.50995
,,,0.4533,2591.05183,0.32065,1.55064
,,,0.4534,2591.48682,0.32075,1.53029
,,,0.4535,2591.48612,0.32084,1.54385
,,,0.4536,2591.92096,0.32093,1.50995
,,,0.4537,2591.92023,0.32102,1.55064
,,,0.4538,2592.18079,0.32112,1.52351
,,,0.4539,2592.18004,0.32121,1.53708
,,,0.454,2592.35343,0.3213,1.52351
,,,0.4541,2592.87505,0.3214,1.53708
,,,0.4542,2592.87426,0.32149,1.53029
,,,0.4543,2593.13459,0.32158,1.53029
,,,0.4544,2593.13378,0.32167,1.52351
,,,0.4545,2593.39404,0.32177,1.55064
,,,0.4546,2593.39322,0.32186,1.54385
,,,0.4547,2593.56648,0.32195,1.54385
,,,0.4548,2593.56564,0.32204,1.53029
,,,0.4549,2593.91283,0.32214,1.52351
,,,0.455,2593.91197,0.32223,1.51673
,,,0.4551,2594.17206,0.32232,1.54385
,,,0.4552,2594.17118,0.32242,1.55064
,,,0.4553,2594.34421,0.32251,1.52351
,,,0.4554,2594.6042,0.3226,1.54385
,,,0.4555,2594.60329,0.32269,1.53029
,,,0.4556,2595.124,0.32279,1.51673
,,,0.4557,2595.12306,0.32288,1.55064
,,,0.4558,2595.64347,0.32297,1.50995
,,,0.4559,2595.64249,0.32307,1.55064
,,,0.456,2596.16277,0.32316,1.52351
,,,0.4561,2596.16176,0.32325,1.55064
,,,0.4562,2596.07386,0.32334,1.55064
,,,0.4563,2596.07285,0.32344,1.57776
,,,0.4564,2596.33243,0.32353,1.53029
,,,0.4565,2596.33141,0.32362,1.55064
,,,0.4566,2596.59092,0.32372,1.54385
,,,0.4567,2596.85038,0.32381,1.54385
,,,0.4568,2596.84932,0.3239,1.53029
,,,0.4569,2596.84827,0.32399,1.55742
,,,0.457,2596.84722,0.32409,1.54385
,,,0.4571,2597.19336,0.32418,1.54385
,,,0.4572,2597.19229,0.32427,1.54385
,,,0.4573,2597.4516,0.32436,1.55064
,,,0.4574,2597.45051,0.32446,1.53029
,,,0.4575,2597.53623,0.32455,1.55064
,,,0.4576,2597.53514,0.32464,1.52351
,,,0.4577,2597.44723,0.32474,1.54385
,,,0.4578,2597.44614,0.32483,1.53029
,,,0.4579,2597.53187,0.32492,1.53708
,,,0.458,2597.61759,0.32501,1.55064
,,,0.4581,2597.6165,0.32511,1.54385
,,,0.4582,2597.70221,0.3252,1.55064
,,,0.4583,2597.70111,0.32529,1.53708
,,,0.4584,2597.78681,0.32539,1.53708
,,,0.4585,2597.78571,0.32548,1.55064
,,,0.4586,2597.87141,0.32557,1.55064
,,,0.4587,2597.8703,0.32566,1.55064
,,,0.4588,2598.12947,0.32576,1.55064
,,,0.4589,2598.12835,0.32585,1.55064
,,,0.459,2598.04044,0.32594,1.53708
,,,0.4591,2598.03933,0.32604,1.55064
,,,0.4592,2598.21169,0.32613,1.52351
,,,0.4593,2598.03709,0.32622,1.55742
,,,0.4594,2598.03598,0.32631,1.54385
,,,0.4595,2597.86138,0.32641,1.55064
,,,0.4596,2597.86029,0.3265,1.55742
,,,0.4597,2597.6856,0.32659,1.5642
,,,0.4598,2597.68452,0.32668,1.55064
,,,0.4599,2597.77016,0.32678,1.55742
,,,0.46,2597.76908,0.32687,1.54385
,,,0.4601,2597.6812,0.32696,1.55742
,,,0.4602,2597.68012,0.32706,1.55064
,,,0.4603,2597.33189,0.32715,1.55742
,,,0.4604,2597.33085,0.32724,1.55742
,,,0.4605,2597.41662,0.32733,1.55064
,,,0.4606,2596.89485,0.32743,1.55064
,,,0.4607,2596.89384,0.32752,1.55064
,,,0.4608,2596.89284,0.32761,1.53029
,,,0.4609,2596.89183,0.32771,1.55064
,,,0.461,2596.97767,0.3278,1.55064
,,,0.4611,2596.97666,0.32789,1.55742
,,,0.4612,2596.80205,0.32798,1.55064
,,,0.4613,2596.80106,0.32808,1.55742
,,,0.4614,2596.62644,0.32817,1.55064
,,,0.4615,2596.62546,0.32826,1.5642
,,,0.4616,2596.27718,0.32836,1.55064
,,,0.4617,2596.27623,0.32845,1.55064
,,,0.4618,2596.27528,0.32854,1.55064
,,,0.4619,2596.10065,0.32863,1.54385
,,,0.462,2596.09972,0.32873,1.53708
,,,0.4621,2596.01189,0.32882,1.55064
,,,0.4622,2596.01097,0.32891,1.55064
,,,0.4623,2595.92315,0.329,1.55064
,,,0.4624,2595.92223,0.3291,1.53029
,,,0.4625,2595.40001,0.32919,1.55064
,,,0.4626,2595.39914,0.32928,1.55064
,,,0.4627,2594.78992,0.32938,1.55742
,,,0.4628,2594.78909,0.32947,1.55064
,,,0.4629,2594.52744,0.32956,1.55064
,,,0.463,2594.52663,0.32965,1.57099
,,,0.4631,2594.26496,0.32975,1.55064
,,,0.4632,2593.82934,0.32984,1.55064
,,,0.4633,2593.82858,0.32993,1.55064
,,,0.4634,2593.47982,0.33003,1.54385
,,,0.4635,2593.47909,0.33012,1.55064
,,,0.4636,2593.21733,0.33021,1.5642
,,,0.4637,2593.21662,0.3303,1.55064
,,,0.4638,2593.12887,0.3304,1.55742
,,,0.4639,2593.12817,0.33049,1.55064
,,,0.464,2592.51824,0.33058,1.55742
,,,0.4641,2592.51759,0.33068,1.57099
,,,0.4642,2592.08162,0.33077,1.55064
,,,0.4643,2592.081,0.33086,1.55064
,,,0.4644,2591.64493,0.33095,1.55064
,,,0.4645,2591.64435,0.33105,1.55742
,,,0.4646,2591.64376,0.33114,1.55742
,,,0.4647,2591.12045,0.33123,1.55064
,,,0.4648,2591.1199,0.33132,1.54385
,,,0.4649,2590.68364,0.33142,1.55064
,,,0.465,2590.68313,0.33151,1.57099
,,,0.4651,2590.07243,0.3316,1.5642
,,,0.4652,2590.07196,0.3317,1.55064
,,,0.4653,2589.98426,0.33179,1.57099
,,,0.4654,2589.9838,0.33188,1.55064
,,,0.4655,2589.46005,0.33197,1.57099
,,,0.4656,2589.45963,0.33207,1.55064
,,,0.4657,2589.02303,0.33216,1.5642
,,,0.4658,2588.49903,0.33225,1.53029
,,,0.4659,2588.49867,0.33235,1.55064
,,,0.466,2588.49832,0.33244,1.57099
,,,0.4661,2588.49796,0.33253,1.57099
,,,0.4662,2587.88657,0.33262,1.55742
,,,0.4663,2587.88626,0.33272,1.55064
,,,0.4664,2587.62397,0.33281,1.55742
,,,0.4665,2587.62368,0.3329,1.5642
,,,0.4666,2587.36137,0.333,1.55064
,,,0.4667,2587.3611,0.33309,1.55064
,,,0.4668,2587.18615,0.33318,1.54385
,,,0.4669,2587.18589,0.33327,1.55742
,,,0.467,2587.18563,0.33337,1.55064
,,,0.4671,2586.83588,0.33346,1.55742
,,,0.4672,2586.83564,0.33355,1.55742
,,,0.4673,2586.48584,0.33364,1.57776
,,,0.4674,2586.48562,0.33374,1.55064
,,,0.4675,2586.31064,0.33383,1.55064
,,,0.4676,2586.31044,0.33392,1.55064
,,,0.4677,2585.87319,0.33402,1.57099
,,,0.4678,2585.87302,0.33411,1.55742
,,,0.4679,2585.34819,0.3342,1.55064
,,,0.468,2585.34806,0.33429,1.57099
,,,0.4681,2585.34793,0.33439,1.5642
,,,0.4682,2585.34779,0.33448,1.55064
,,,0.4683,2585.08526,0.33457,1.57776
,,,0.4684,2585.08515,0.33467,1.55064
,,,0.4685,2585.08504,0.33476,1.55064
,,,0.4686,2584.99742,0.33485,1.55064
,,,0.4687,2584.99731,0.33494,1.57099
,,,0.4688,2584.9972,0.33504,1.57099
,,,0.4689,2584.9971,0.33513,1.5642
,,,0.469,2584.73462,0.33522,1.53029
,,,0.4691,2584.73453,0.33532,1.55742
,,,0.4692,2584.47203,0.33541,1.55064
,,,0.4693,2584.47196,0.3355,1.5642
,,,0.4694,2584.47189,0.33559,1.5642
,,,0.4695,2584.47182,0.33569,1.55064
,,,0.4696,2584.47175,0.33578,1.57099
,,,0.4697,2584.82161,0.33587,1.57776
,,,0.4698,2584.82152,0.33596,1.55064
,,,0.4699,2584.7339,0.33606,1.55064
,,,0.47,2584.73382,0.33615,1.53708
,,,0.4701,2584.82116,0.33624,1.5642
,,,0.4702,2584.82106,0.33634,1.55064
,,,0.4703,2584.99591,0.33643,1.54385
,,,0.4704,2584.9958,0.33652,1.55742
,,,0.4705,2585.0832,0.33661,1.55064
,,,0.4706,2585.08309,0.33671,1.53708
,,,0.4707,2585.43277,0.3368,1.55064
,,,0.4708,2585.43264,0.33689,1.55064
,,,0.4709,2585.34501,0.33699,1.54385
,,,0.471,2585.34489,0.33708,1.55064
,,,0.4711,2585.34476,0.33717,1.55742
,,,0.4712,2585.25723,0.33726,1.54385
,,,0.4713,2585.2571,0.33736,1.55064
,,,0.4714,2585.25698,0.33745,1.54385
,,,0.4715,2585.25686,0.33754,1.54385
,,,0.4716,2585.16933,0.33764,1.55064
,,,0.4717,2585.16922,0.33773,1.5642
,,,0.4718,2585.1691,0.33782,1.55064
,,,0.4719,2585.16898,0.33791,1.57776
,,,0.472,2585.08137,0.33801,1.55064
,,,0.4721,2585.08126,0.3381,1.55064
,,,0.4722,2585.25606,0.33819,1.57099
,,,0.4723,2585.08103,0.33828,1.55064
,,,0.4724,2585.08092,0.33838,1.53708
,,,0.4725,2585.08081,0.33847,1.57099
,,,0.4726,2585.0807,0.33856,1.55064
,,,0.4727,2585.2555,0.33866,1.5642
,,,0.4728,2585.25538,0.33875,1.54385
,,,0.4729,2584.99284,0.33884,1.55742
,,,0.473,2584.99274,0.33893,1.55064
,,,0.4731,2585.25496,0.33903,1.57776
,,,0.4732,2585.25484,0.33912,1.5642
,,,0.4733,2585.16723,0.33921,1.55064
,,,0.4734,2585.16711,0.33931,1.55742
,,,0.4735,2585.167,0.3394,1.55742
,,,0.4736,2585.16689,0.33949,1.55742
,,,0.4737,2585.16677,0.33958,1.57776
,,,0.4738,2585.42904,0.33968,1.55064
,,,0.4739,2585.42891,0.33977,1.57099
,,,0.474,2585.51626,0.33986,1.55064
,,,0.4741,2585.51612,0.33996,1.55064
,,,0.4742,2585.77822,0.34005,1.55064
,,,0.4743,2585.77806,0.34014,1.54385
,,,0.4744,2585.69053,0.34023,1.57099
,,,0.4745,2585.69038,0.34033,1.55064
,,,0.4746,2585.69024,0.34042,1.54385
,,,0.4747,2585.69009,0.34051,1.55064
,,,0.4748,2585.4276,0.3406,1.55742
,,,0.4749,2585.25259,0.3407,1.53029
,,,0.475,2585.25247,0.34079,1.55064
,,,0.4751,2584.81509,0.34088,1.57099
,,,0.4752,2584.81501,0.34098,1.5642
,,,0.4753,2584.81492,0.34107,1.55742
,,,0.4754,2584.81483,0.34116,1.55064
,,,0.4755,2584.55226,0.34125,1.55064
,,,0.4756,2584.55219,0.34135,1.55064
,,,0.4757,2584.37714,0.34144,1.54385
,,,0.4758,2584.37708,0.34153,1.53029
,,,0.4759,2584.11447,0.34163,1.55064
,,,0.476,2584.11443,0.34172,1.55064
,,,0.4761,2584.11439,0.34181,1.55064
,,,0.4762,2583.85183,0.3419,1.53029
,,,0.4763,2583.85181,0.342,1.55742
,,,0.4764,2583.58924,0.34209,1.55064
,,,0.4765,2583.58923,0.34218,1.55064
,,,0.4766,2583.15141,0.34228,1.55742
,,,0.4767,2583.15144,0.34237,1.55742
,,,0.4768,2582.97632,0.34246,1.55064
,,,0.4769,2582.97636,0.34255,1.57099
,,,0.477,2582.80124,0.34265,1.57099
,,,0.4771,2582.80129,0.34274,1.55064
,,,0.4772,2582.7138,0.34283,1.55742
,,,0.4773,2582.88902,0.34292,1.55064
,,,0.4774,2582.88907,0.34302,1.55742
,,,0.4775,2582.6263,0.34311,1.5642
,,,0.4776,2582.62636,0.3432,1.53029
,,,0.4777,2582.53887,0.3433,1.57776
,,,0.4778,2582.53894,0.34339,1.54385
,,,0.4779,2582.18856,0.34348,1.54385
,,,0.478,2582.18865,0.34357,1.55064
,,,0.4781,2581.83822,0.34367,1.55064
,,,0.4782,2581.83834,0.34376,1.55064
,,,0.4783,2581.83845,0.34385,1.54385
,,,0.4784,2581.83856,0.34395,1.53029
,,,0.4785,2581.75108,0.34404,1.53029
,,,0.4786,2581.22524,0.34413,1.55742
,,,0.4787,2581.22539,0.34422,1.55064
,,,0.4788,2580.8748,0.34432,1.53029
,,,0.4789,2580.87498,0.34441,1.5642
,,,0.479,2580.6121,0.3445,1.55064
,,,0.4791,2580.61229,0.3446,1.55064
,,,0.4792,2580.43706,0.34469,1.53708
,,,0.4793,2580.43726,0.34478,1.55064
,,,0.4794,2580.08655,0.34487,1.57099
,,,0.4795,2580.08678,0.34497,1.57099
,,,0.4796,2579.99922,0.34506,1.5642
,,,0.4797,2579.99945,0.34515,1.54385
,,,0.4798,2579.56085,0.34524,1.55064
,,,0.4799,2579.12225,0.34534,1.55742
,,,0.48,2579.12254,0.34543,1.55064
,,,0.4801,2579.12283,0.34552,1.55064
,,,0.4802,2579.12312,0.34562,1.55064
,,,0.4803,2579.03557,0.34571,1.54385
,,,0.4804,2579.03587,0.3458,1.54385
,,,0.4805,2578.77279,0.34589,1.55064
,,,0.4806,2578.7731,0.34599,1.55064
,,,0.4807,2579.03679,0.34608,1.55064
,,,0.4808,2579.03708,0.34617,1.53708
,,,0.4809,2578.86176,0.34627,1.5642
,,,0.481,2578.86207,0.34636,1.52351
,,,0.4811,2578.68675,0.34645,1.55064
,,,0.4812,2578.33574,0.34654,1.55064
,,,0.4813,2578.33608,0.34664,1.55064
,,,0.4814,2578.24853,0.34673,1.55064
,,,0.4815,2578.24888,0.34682,1.55064
,,,0.4816,2578.07352,0.34692,1.54385
,,,0.4817,2578.07387,0.34701,1.55064
,,,0.4818,2577.54701,0.3471,1.53029
,,,0.4819,2577.5474,0.34719,1.55742
,,,0.482,2577.45994,0.34729,1.54385
,,,0.4821,2577.46034,0.34738,1.53708
,,,0.4822,2576.9333,0.34747,1.55064
,,,0.4823,2576.93373,0.34756,1.54385
,,,0.4824,2576.49454,0.34766,1.53029
,,,0.4825,2576.05525,0.34775,1.54385
,,,0.4826,2576.05573,0.34784,1.53708
,,,0.4827,2575.61626,0.34794,1.55064
,,,0.4828,2575.61677,0.34803,1.51673
,,,0.4829,2575.08922,0.34812,1.53708
,,,0.483,2575.08976,0.34821,1.54385
,,,0.4831,2574.73817,0.34831,1.53029
,,,0.4832,2574.73873,0.3484,1.52351
,,,0.4833,2574.38707,0.34849,1.52351
,,,0.4834,2574.38766,0.34859,1.53708
,,,0.4835,2574.2121,0.34868,1.54385
,,,0.4836,2574.2127,0.34877,1.54385
,,,0.4837,2574.38943,0.34886,1.54385
,,,0.4838,2574.56613,0.34896,1.53708
,,,0.4839,2574.5667,0.34905,1.53708
,,,0.484,2574.65537,0.34914,1.54385
,,,0.4841,2574.65593,0.34924,1.54385
,,,0.4842,2574.83258,0.34933,1.53708
,,,0.4843,2574.83313,0.34942,1.54385
,,,0.4844,2574.65759,0.34951,1.55064
,,,0.4845,2574.65815,0.34961,1.55064
,,,0.4846,2574.5707,0.3497,1.53708
,,,0.4847,2574.57126,0.34979,1.54385
,,,0.4848,2574.65992,0.34988,1.53029
,,,0.4849,2574.66048,0.34998,1.53708
,,,0.485,2574.57303,0.35007,1.54385
,,,0.4851,2574.30936,0.35016,1.55064
,,,0.4852,2574.30994,0.35026,1.55064
,,,0.4853,2574.31051,0.35035,1.54385
,,,0.4854,2574.31109,0.35044,1.53029
,,,0.4855,2574.13551,0.35053,1.52351
,,,0.4856,2574.1361,0.35063,1.53708
,,,0.4857,2574.40095,0.35072,1.53708
,,,0.4858,2574.40152,0.35081,1.53029
,,,0.4859,2574.31397,0.35091,1.53029
,,,0.486,2574.31454,0.351,1.51673
,,,0.4861,2574.22709,0.35109,1.55064
,,,0.4862,2574.22766,0.35118,1.53029
,,,0.4863,2573.8759,0.35128,1.53708
,,,0.4864,2573.70029,0.35137,1.53029
,,,0.4865,2573.7009,0.35146,1.54385
,,,0.4866,2573.78966,0.35156,1.53708
,,,0.4867,2573.79026,0.35165,1.53708
,,,0.4868,2573.87891,0.35174,1.55064
,,,0.4869,2573.87951,0.35183,1.53708
,,,0.487,2574.05628,0.35193,1.53029
,,,0.4871,2574.05686,0.35202,1.54385
,,,0.4872,2574.2336,0.35211,1.51673
,,,0.4873,2574.23417,0.3522,1.52351
,,,0.4874,2574.23474,0.3523,1.53029
,,,0.4875,2574.23531,0.35239,1.53708
,,,0.4876,2574.23587,0.35248,1.52351
,,,0.4877,2574.5887,0.35258,1.54385
,,,0.4878,2574.58924,0.35267,1.50995
,,,0.4879,2574.76589,0.35276,1.50317
,,,0.488,2574.76642,0.35285,1.51673
,,,0.4881,2574.76695,0.35295,1.53029
,,,0.4882,2574.76748,0.35304,1.52351
,,,0.4883,2574.68,0.35313,1.52351
,,,0.4884,2574.68053,0.35323,1.55064
,,,0.4885,2574.59297,0.35332,1.53708
,,,0.4886,2574.5935,0.35341,1.51673
,,,0.4887,2574.3299,0.3535,1.54385
,,,0.4888,2574.33045,0.3536,1.52351
,,,0.4889,2574.68325,0.35369,1.52351
,,,0.489,2574.85987,0.35378,1.54385
,,,0.4891,2574.86038,0.35388,1.54385
,,,0.4892,2575.12496,0.35397,1.53029
,,,0.4893,2575.12545,0.35406,1.53029
,,,0.4894,2574.8619,0.35415,1.53708
,,,0.4895,2574.86241,0.35425,1.50995
,,,0.4896,2574.77484,0.35434,1.52351
,,,0.4897,2574.77536,0.35443,1.55064
,,,0.4898,2574.42365,0.35452,1.51673
,,,0.4899,2574.42419,0.35462,1.53029
,,,0.49,2574.68886,0.35471,1.53708
,,,0.4901,2574.68938,0.3548,1.52351
,,,0.4902,2574.866,0.3549,1.53029
,,,0.4903,2574.77851,0.35499,1.52351
,,,0.4904,2574.77902,0.35508,1.53029
,,,0.4905,2574.86763,0.35517,1.53708
,,,0.4906,2574.86813,0.35527,1.53029
,,,0.4907,2575.04471,0.35536,1.52351
,,,0.4908,2575.04521,0.35545,1.53708
,,,0.4909,2575.13378,0.35555,1.54385
,,,0.491,2575.13427,0.35564,1.55064
,,,0.4911,2575.13476,0.35573,1.53029
,,,0.4912,2575.13524,0.35582,1.53029
,,,0.4913,2575.57584,0.35592,1.53029
,,,0.4914,2575.5763,0.35601,1.52351
,,,0.4915,2575.92872,0.3561,1.54385
,,,0.4916,2576.28104,0.3562,1.50995
,,,0.4917,2576.28145,0.35629,1.52351
,,,0.4918,2576.36987,0.35638,1.51673
,,,0.4919,2576.37027,0.35647,1.53029
,,,0.492,2576.63448,0.35657,1.53708
,,,0.4921,2576.63486,0.35666,1.54385
,,,0.4922,2576.81112,0.35675,1.51673
,,,0.4923,2576.81149,0.35684,1.51673
,,,0.4924,2576.81187,0.35694,1.51673
,,,0.4925,2576.81224,0.35703,1.54385
,,,0.4926,2577.07634,0.35712,1.52351
,,,0.4927,2577.07669,0.35722,1.54385
,,,0.4928,2576.54946,0.35731,1.53708
,,,0.4929,2576.54984,0.3574,1.53708
,,,0.493,2576.55023,0.35749,1.54385
,,,0.4931,2576.55062,0.35759,1.53029
,,,0.4932,2576.551,0.35768,1.55064
,,,0.4933,2576.72727,0.35777,1.51673
,,,0.4934,2576.72765,0.35787,1.54385
,,,0.4935,2576.99185,0.35796,1.50995
,,,0.4936,2576.99221,0.35805,1.53708
,,,0.4937,2577.34421,0.35814,1.54385
,,,0.4938,2577.34455,0.35824,1.52351
,,,0.4939,2577.60852,0.35833,1.53029
,,,0.494,2577.60883,0.35842,1.54385
,,,0.4941,2577.87274,0.35852,1.53029
,,,0.4942,2577.60944,0.35861,1.53029
,,,0.4943,2577.60975,0.3587,1.55064
,,,0.4944,2577.87366,0.35879,1.53029
,,,0.4945,2577.87395,0.35889,1.53029
,,,0.4946,2578.57706,0.35898,1.52351
,,,0.4947,2578.57731,0.35907,1.55064
,,,0.4948,2578.57756,0.35916,1.52351
,,,0.4949,2578.57781,0.35926,1.53029
,,,0.495,2579.0172,0.35935,1.52351
,,,0.4951,2579.01742,0.35944,1.53708
,,,0.4952,2579.10539,0.35954,1.52351
,,,0.4953,2579.1056,0.35963,1.54385
,,,0.4954,2579.10581,0.35972,1.53708
,,,0.4955,2578.84264,0.35981,1.53029
,,,0.4956,2578.84287,0.35991,1.49639
,,,0.4957,2578.93087,0.36,1.51673
,,,0.4958,2578.93109,0.36009,1.52351
,,,0.4959,2578.75567,0.36019,1.52351
,,,0.496,2578.75591,0.36028,1.53029
,,,0.4961,2578.75614,0.36037,1.55064
,,,0.4962,2578.75637,0.36046,1.53708
,,,0.4963,2579.02,0.36056,1.53029
,,,0.4964,2579.02022,0.36065,1.53029
,,,0.4965,2579.02043,0.36074,1.53029
,,,0.4966,2579.02064,0.36084,1.52351
,,,0.4967,2579.10862,0.36093,1.53029
,,,0.4968,2579.10882,0.36102,1.53029
,,,0.4969,2579.10903,0.36111,1.53029
,,,0.497,2579.28483,0.36121,1.50995
,,,0.4971,2579.28503,0.3613,1.53029
,,,0.4972,2579.37297,0.36139,1.53029
,,,0.4973,2579.37316,0.36148,1.55742
,,,0.4974,2579.46109,0.36158,1.53708
,,,0.4975,2579.46127,0.36167,1.54385
,,,0.4976,2579.63701,0.36176,1.51673
,,,0.4977,2579.63718,0.36186,1.50995
,,,0.4978,2579.9006,0.36195,1.53029
,,,0.4979,2579.90075,0.36204,1.52351
,,,0.498,2579.81319,0.36213,1.53708
,,,0.4981,2579.98886,0.36223,1.53708
,,,0.4982,2579.98901,0.36232,1.53029
,,,0.4983,2579.98915,0.36241,1.55064
,,,0.4984,2579.9893,0.36251,1.53029
,,,0.4985,2580.25264,0.3626,1.55742
,,,0.4986,2580.25276,0.36269,1.50995
,,,0.4987,2580.6038,0.36278,1.52351
,,,0.4988,2580.60391,0.36288,1.53708
,,,0.4989,2580.86719,0.36297,1.55064
,,,0.499,2580.86728,0.36306,1.53029
,,,0.4991,2581.04276,0.36316,1.53029
,,,0.4992,2581.04283,0.36325,1.53029
,,,0.4993,2581.04291,0.36334,1.53029
,,,0.4994,2581.30599,0.36343,1.54385
,,,0.4995,2581.30605,0.36353,1.55064
,,,0.4996,2581.21838,0.36362,1.5642
,,,0.4997,2581.21844,0.36371,1.54385
,,,0.4998,2581.48158,0.3638,1.52351
,,,0.4999,2581.48162,0.3639,1.54385
,,,0.5,2581.74461,0.36399,1.53708
,,,,,0.36408,1.55064
,,,,,0.36418,1.54385
,,,,,0.36427,1.52351
,,,,,0.36436,1.53708
,,,,,0.36445,1.53029
,,,,,0.36455,1.54385
,,,,,0.36464,1.53708
,,,,,0.36473,1.55064
,,,,,0.36483,1.53708
,,,,,0.36492,1.55064
,,,,,0.36501,1.55742
,,,,,0.3651,1.5642
,,,,,0.3652,1.55064
,,,,,0.36529,1.53708
,,,,,0.36538,1.54385
,,,,,0.36548,1.52351
,,,,,0.36557,1.54385
,,,,,0.36566,1.52351
,,,,,0.36575,1.54385
,,,,,0.36585,1.53029
,,,,,0.36594,1.53708
,,,,,0.36603,1.53029
,,,,,0.36612,1.55064
,,,,,0.36622,1.53708
,,,,,0.36631,1.54385
,,,,,0.3664,1.53708
,,,,,0.3665,1.55064
,,,,,0.36659,1.53708
,,,,,0.36668,1.54385
,,,,,0.36677,1.53708
,,,,,0.36687,1.5642
,,,,,0.36696,1.55064
,,,,,0.36705,1.55742
,,,,,0.36715,1.53708
,,,,,0.36724,1.54385
,,,,,0.36733,1.55064
,,,,,0.36742,1.5642
,,,,,0.36752,1.54385
,,,,,0.36761,1.55064
,,,,,0.3677,1.55742
,,,,,0.3678,1.55064
,,,,,0.36789,1.55064
,,,,,0.36798,1.55742
,,,,,0.36807,1.55064
,,,,,0.36817,1.53708
,,,,,0.36826,1.55064
,,,,,0.36835,1.57099
,,,,,0.36844,1.52351
,,,,,0.36854,1.54385
,,,,,0.36863,1.53708
,,,,,0.36872,1.55064
,,,,,0.36882,1.53029
,,,,,0.36891,1.55064
,,,,,0.369,1.54385
,,,,,0.36909,1.5642
,,,,,0.36919,1.53029
,,,,,0.36928,1.5642
,,,,,0.36937,1.55064
,,,,,0.36947,1.55064
,,,,,0.36956,1.55064
,,,,,0.36965,1.55064
,,,,,0.36974,1.55064
,,,,,0.36984,1.54385
,,,,,0.36993,1.55064
,,,,,0.37002,1.55064
,,,,,0.37012,1.53708
,,,,,0.37021,1.55064
,,,,,0.3703,1.55742
,,,,,0.37039,1.55064
,,,,,0.37049,1.55064
,,,,,0.37058,1.55742
,,,,,0.37067,1.55064
,,,,,0.37076,1.55064
,,,,,0.37086,1.53029
,,,,,0.37095,1.53708
,,,,,0.37104,1.54385
,,,,,0.37114,1.55742
,,,,,0.37123,1.55064
,,,,,0.37132,1.55064
,,,,,0.37141,1.53029
,,,,,0.37151,1.55064
,,,,,0.3716,1.5642
,,,,,0.37169,1.55742
,,,,,0.37179,1.55064
,,,,,0.37188,1.55742
,,,,,0.37197,1.55064
,,,,,0.37206,1.55064
,,,,,0.37216,1.53708
,,,,,0.37225,1.55742
,,,,,0.37234,1.54385
,,,,,0.37244,1.55064
,,,,,0.37253,1.53708
,,,,,0.37262,1.55742
,,,,,0.37271,1.55742
,,,,,0.37281,1.55064
,,,,,0.3729,1.55064
,,,,,0.37299,1.55064
,,,,,0.37308,1.52351
,,,,,0.37318,1.55742
,,,,,0.37327,1.54385
,,,,,0.37336,1.55064
,,,,,0.37346,1.54385
,,,,,0.37355,1.54385
,,,,,0.37364,1.55064
,,,,,0.37373,1.55064
,,,,,0.37383,1.53029
,,,,,0.37392,1.54385
,,,,,0.37401,1.52351
,,,,,0.37411,1.53708
,,,,,0.3742,1.55742
,,,,,0.37429,1.55742
,,,,,0.37438,1.53029
,,,,,0.37448,1.54385
,,,,,0.37457,1.53708
,,,,,0.37466,1.55064
,,,,,0.37476,1.53708
,,,,,0.37485,1.55064
,,,,,0.37494,1.52351
,,,,,0.37503,1.53029
,,,,,0.37513,1.52351
,,,,,0.37522,1.55742
,,,,,0.37531,1.55742
,,,,,0.3754,1.5642
,,,,,0.3755,1.54385
,,,,,0.37559,1.55064
,,,,,0.37568,1.53708
,,,,,0.37578,1.52351
,,,,,0.37587,1.53708
,,,,,0.37596,1.54385
,,,,,0.37605,1.54385
,,,,,0.37615,1.55064
,,,,,0.37624,1.55064
,,,,,0.37633,1.55064
,,,,,0.37643,1.54385
,,,,,0.37652,1.55064
,,,,,0.37661,1.55064
,,,,,0.3767,1.55064
,,,,,0.3768,1.55064
,,,,,0.37689,1.55064
,,,,,0.37698,1.54385
,,,,,0.37708,1.55064
,,,,,0.37717,1.55064
,,,,,0.37726,1.55064
,,,,,0.37735,1.54385
,,,,,0.37745,1.55064
,,,,,0.37754,1.57099
,,,,,0.37763,1.55064
,,,,,0.37772,1.55064
,,,,,0.37782,1.55742
,,,,,0.37791,1.53029
,,,,,0.378,1.55064
,,,,,0.3781,1.54385
,,,,,0.37819,1.55064
,,,,,0.37828,1.52351
,,,,,0.37837,1.55064
,,,,,0.37847,1.52351
,,,,,0.37856,1.55742
,,,,,0.37865,1.53029
,,,,,0.37875,1.5642
,,,,,0.37884,1.54385
,,,,,0.37893,1.5642
,,,,,0.37902,1.53708
,,,,,0.37912,1.53708
,,,,,0.37921,1.55742
,,,,,0.3793,1.54385
,,,,,0.3794,1.54385
,,,,,0.37949,1.54385
,,,,,0.37958,1.53029
,,,,,0.37967,1.55064
,,,,,0.37977,1.53708
,,,,,0.37986,1.53708
,,,,,0.37995,1.50995
,,,,,0.38004,1.53029
,,,,,0.38014,1.53029
,,,,,0.38023,1.53029
,,,,,0.38032,1.52351
,,,,,0.38042,1.53029
,,,,,0.38051,1.53708
,,,,,0.3806,1.52351
,,,,,0.38069,1.54385
,,,,,0.38079,1.53029
,,,,,0.38088,1.52351
,,,,,0.38097,1.53708
,,,,,0.38107,1.55064
,,,,,0.38116,1.54385
,,,,,0.38125,1.54385
,,,,,0.38134,1.50317
,,,,,0.38144,1.54385
,,,,,0.38153,1.55064
,,,,,0.38162,1.53708
,,,,,0.38172,1.54385
,,,,,0.38181,1.53708
,,,,,0.3819,1.53029
,,,,,0.38199,1.52351
,,,,,0.38209,1.51673
,,,,,0.38218,1.53029
,,,,,0.38227,1.52351
,,,,,0.38236,1.53029
,,,,,0.38246,1.53029
,,,,,0.38255,1.53029
,,,,,0.38264,1.51673
,,,,,0.38274,1.52351
,,,,,0.38283,1.53029
,,,,,0.38292,1.53029
,,,,,0.38301,1.53708
,,,,,0.38311,1.51673
,,,,,0.3832,1.50995
,,,,,0.38329,1.53029
,,,,,0.38339,1.50995
,,,,,0.38348,1.50995
,,,,,0.38357,1.50317
,,,,,0.38366,1.4896
,,,,,0.38376,1.53708
,,,,,0.38385,1.53708
,,,,,0.38394,1.52351
,,,,,0.38404,1.50317
,,,,,0.38413,1.53029
,,,,,0.38422,1.53708
,,,,,0.38431,1.52351
,,,,,0.38441,1.55064
,,,,,0.3845,1.53708
,,,,,0.38459,1.52351
,,,,,0.38468,1.50995
,,,,,0.38478,1.53029
,,,,,0.38487,1.53029
,,,,,0.38496,1.52351
,,,,,0.38506,1.54385
,,,,,0.38515,1.53029
,,,,,0.38524,1.50995
,,,,,0.38533,1.53708
,,,,,0.38543,1.52351
,,,,,0.38552,1.52351
,,,,,0.38561,1.53029
,,,,,0.38571,1.55064
,,,,,0.3858,1.55064
,,,,,0.38589,1.53029
,,,,,0.38598,1.54385
,,,,,0.38608,1.53708
,,,,,0.38617,1.52351
,,,,,0.38626,1.53029
,,,,,0.38636,1.53708
,,,,,0.38645,1.53708
,,,,,0.38654,1.54385
,,,,,0.38663,1.53029
,,,,,0.38673,1.52351
,,,,,0.38682,1.53708
,,,,,0.38691,1.53029
,,,,,0.387,1.53029
,,,,,0.3871,1.54385
,,,,,0.38719,1.52351
,,,,,0.38728,1.54385
,,,,,0.38738,1.53708
,,,,,0.38747,1.55064
,,,,,0.38756,1.52351
,,,,,0.38765,1.53029
,,,,,0.38775,1.52351
,,,,,0.38784,1.55064
,,,,,0.38793,1.54385
,,,,,0.38803,1.54385
,,,,,0.38812,1.54385
,,,,,0.38821,1.53708
,,,,,0.3883,1.55064
,,,,,0.3884,1.55064
,,,,,0.38849,1.53029
,,,,,0.38858,1.53708
,,,,,0.38868,1.54385
,,,,,0.38877,1.53708
,,,,,0.38886,1.53029
,,,,,0.38895,1.53708
,,,,,0.38905,1.50995
,,,,,0.38914,1.54385
,,,,,0.38923,1.52351
,,,,,0.38932,1.53708
,,,,,0.38942,1.53029
,,,,,0.38951,1.53708
,,,,,0.3896,1.53029
,,,,,0.3897,1.53708
,,,,,0.38979,1.54385
,,,,,0.38988,1.54385
,,,,,0.38997,1.52351
,,,,,0.39007,1.53708
,,,,,0.39016,1.55064
,,,,,0.39025,1.55064
,,,,,0.39035,1.51673
,,,,,0.39044,1.52351
,,,,,0.39053,1.5642
,,,,,0.39062,1.53708
,,,,,0.39072,1.53029
,,,,,0.39081,1.53029
,,,,,0.3909,1.52351
,,,,,0.391,1.54385
,,,,,0.39109,1.52351
,,,,,0.39118,1.53029
,,,,,0.39127,1.53029
,,,,,0.39137,1.53708
,,,,,0.39146,1.52351
,,,,,0.39155,1.53029
,,,,,0.39164,1.50317
,,,,,0.39174,1.52351
,,,,,0.39183,1.53708
,,,,,0.39192,1.53029
,,,,,0.39202,1.55064
,,,,,0.39211,1.55064
,,,,,0.3922,1.53708
,,,,,0.39229,1.53708
,,,,,0.39239,1.50995
,,,,,0.39248,1.52351
,,,,,0.39257,1.54385
,,,,,0.39267,1.54385
,,,,,0.39276,1.53029
,,,,,0.39285,1.55742
,,,,,0.39294,1.55064
,,,,,0.39304,1.53708
,,,,,0.39313,1.54385
,,,,,0.39322,1.55742
,,,,,0.39332,1.55064
,,,,,0.39341,1.55742
,,,,,0.3935,1.55064
,,,,,0.39359,1.55742
,,,,,0.39369,1.55064
,,,,,0.39378,1.55742
,,,,,0.39387,1.53029
,,,,,0.39396,1.55742
,,,,,0.39406,1.55064
,,,,,0.39415,1.55064
,,,,,0.39424,1.52351
,,,,,0.39434,1.53708
,,,,,0.39443,1.53708
,,,,,0.39452,1.55064
,,,,,0.39461,1.53029
,,,,,0.39471,1.53029
,,,,,0.3948,1.53708
,,,,,0.39489,1.54385
,,,,,0.39499,1.55742
,,,,,0.39508,1.5642
,,,,,0.39517,1.54385
,,,,,0.39526,1.54385
,,,,,0.39536,1.54385
,,,,,0.39545,1.55064
,,,,,0.39554,1.55742
,,,,,0.39564,1.57776
,,,,,0.39573,1.54385
,,,,,0.39582,1.5642
,,,,,0.39591,1.54385
,,,,,0.39601,1.53708
,,,,,0.3961,1.54385
,,,,,0.39619,1.54385
,,,,,0.39628,1.53708
,,,,,0.39638,1.55064
,,,,,0.39647,1.55064
,,,,,0.39656,1.54385
,,,,,0.39666,1.54385
,,,,,0.39675,1.55064
,,,,,0.39684,1.55064
,,,,,0.39693,1.55064
,,,,,0.39703,1.53708
,,,,,0.39712,1.55064
,,,,,0.39721,1.54385
,,,,,0.39731,1.53708
,,,,,0.3974,1.55064
,,,,,0.39749,1.53708
,,,,,0.39758,1.52351
,,,,,0.39768,1.55064
,,,,,0.39777,1.52351
,,,,,0.39786,1.55064
,,,,,0.39796,1.54385
,,,,,0.39805,1.55064
,,,,,0.39814,1.51673
,,,,,0.39823,1.55064
,,,,,0.39833,1.55064
,,,,,0.39842,1.55064
,,,,,0.39851,1.54385
,,,,,0.3986,1.55064
,,,,,0.3987,1.53708
,,,,,0.39879,1.5642
,,,,,0.39888,1.55064
,,,,,0.39898,1.55742
,,,,,0.39907,1.53708
,,,,,0.39916,1.55064
,,,,,0.39925,1.55064
,,,,,0.39935,1.5642
,,,,,0.39944,1.55742
,,,,,0.39953,1.57099
,,,,,0.39963,1.57099
,,,,,0.39972,1.57099
,,,,,0.39981,1.55064
,,,,,0.3999,1.55742
,,,,,0.4,1.54385
,,,,,0.40009,1.55742
,,,,,0.40018,1.54385
,,,,,0.40028,1.57099
,,,,,0.40037,1.57099
,,,,,0.40046,1.55742
,,,,,0.40055,1.55064
,,,,,0.40065,1.55742
,,,,,0.40074,1.54385
,,,,,0.40083,1.55064
,,,,,0.40092,1.53708
,,,,,0.40102,1.5642
,,,,,0.40111,1.55064
,,,,,0.4012,1.55742
,,,,,0.4013,1.54385
,,,,,0.40139,1.5642
,,,,,0.40148,1.55064
,,,,,0.40157,1.55064
,,,,,0.40167,1.53708
,,,,,0.40176,1.57099
,,,,,0.40185,1.54385
,,,,,0.40195,1.55064
,,,,,0.40204,1.53029
,,,,,0.40213,1.55064
,,,,,0.40222,1.53029
,,,,,0.40232,1.53708
,,,,,0.40241,1.53029
,,,,,0.4025,1.57099
,,,,,0.4026,1.55064
,,,,,0.40269,1.52351
,,,,,0.40278,1.55064
,,,,,0.40287,1.55064
,,,,,0.40297,1.53029
,,,,,0.40306,1.55064
,,,,,0.40315,1.53708
,,,,,0.40324,1.54385
,,,,,0.40334,1.54385
,,,,,0.40343,1.53029
,,,,,0.40352,1.54385
,,,,,0.40362,1.55064
,,,,,0.40371,1.53029
,,,,,0.4038,1.53708
,,,,,0.40389,1.52351
,,,,,0.40399,1.54385
,,,,,0.40408,1.52351
,,,,,0.40417,1.54385
,,,,,0.40427,1.54385
,,,,,0.40436,1.55742
,,,,,0.40445,1.53029
,,,,,0.40454,1.54385
,,,,,0.40464,1.52351
,,,,,0.40473,1.54385
,,,,,0.40482,1.55064
,,,,,0.40492,1.55742
,,,,,0.40501,1.53708
,,,,,0.4051,1.54385
,,,,,0.40519,1.53708
,,,,,0.40529,1.53708
,,,,,0.40538,1.53708
,,,,,0.40547,1.54385
,,,,,0.40556,1.52351
,,,,,0.40566,1.53029
,,,,,0.40575,1.54385
,,,,,0.40584,1.54385
,,,,,0.40594,1.53029
,,,,,0.40603,1.50995
,,,,,0.40612,1.53029
,,,,,0.40621,1.53029
,,,,,0.40631,1.54385
,,,,,0.4064,1.54385
,,,,,0.40649,1.53029
,,,,,0.40659,1.54385
,,,,,0.40668,1.52351
,,,,,0.40677,1.55742
,,,,,0.40686,1.53029
,,,,,0.40696,1.55742
,,,,,0.40705,1.53708
,,,,,0.40714,1.55064
,,,,,0.40724,1.55064
,,,,,0.40733,1.52351
,,,,,0.40742,1.55064
,,,,,0.40751,1.54385
,,,,,0.40761,1.53029
,,,,,0.4077,1.54385
,,,,,0.40779,1.53029
,,,,,0.40788,1.54385
,,,,,0.40798,1.53029
,,,,,0.40807,1.54385
,,,,,0.40816,1.55064
,,,,,0.40826,1.54385
,,,,,0.40835,1.55064
,,,,,0.40844,1.54385
,,,,,0.40853,1.51673
,,,,,0.40863,1.52351
,,,,,0.40872,1.52351
,,,,,0.40881,1.54385
,,,,,0.40891,1.52351
,,,,,0.409,1.50995
,,,,,0.40909,1.52351
,,,,,0.40918,1.55064
,,,,,0.40928,1.50995
,,,,,0.40937,1.53708
,,,,,0.40946,1.51673
,,,,,0.40956,1.53029
,,,,,0.40965,1.54385
,,,,,0.40974,1.53708
,,,,,0.40983,1.54385
,,,,,0.40993,1.54385
,,,,,0.41002,1.52351
,,,,,0.41011,1.55064
,,,,,0.4102,1.53029
,,,,,0.4103,1.53029
,,,,,0.41039,1.51673
,,,,,0.41048,1.53029
,,,,,0.41058,1.53029
,,,,,0.41067,1.51673
,,,,,0.41076,1.51673
,,,,,0.41085,1.50995
,,,,,0.41095,1.50995
,,,,,0.41104,1.53708
,,,,,0.41113,1.51673
,,,,,0.41123,1.52351
,,,,,0.41132,1.53029
,,,,,0.41141,1.53029
,,,,,0.4115,1.52351
,,,,,0.4116,1.54385
,,,,,0.41169,1.52351
,,,,,0.41178,1.50995
,,,,,0.41188,1.50317
,,,,,0.41197,1.53708
,,,,,0.41206,1.53029
,,,,,0.41215,1.51673
,,,,,0.41225,1.50995
,,,,,0.41234,1.51673
,,,,,0.41243,1.52351
,,,,,0.41252,1.52351
,,,,,0.41262,1.52351
,,,,,0.41271,1.51673
,,,,,0.4128,1.50995
,,,,,0.4129,1.54385
,,,,,0.41299,1.54385
,,,,,0.41308,1.53029
,,,,,0.41317,1.52351
,,,,,0.41327,1.54385
,,,,,0.41336,1.53029
,,,,,0.41345,1.53029
,,,,,0.41355,1.53708
,,,,,0.41364,1.53029
,,,,,0.41373,1.52351
,,,,,0.41382,1.53029
,,,,,0.41392,1.50995
,,,,,0.41401,1.54385
,,,,,0.4141,1.53029
,,,,,0.4142,1.52351
,,,,,0.41429,1.52351
,,,,,0.41438,1.54385
,,,,,0.41447,1.52351
,,,,,0.41457,1.52351
,,,,,0.41466,1.52351
,,,,,0.41475,1.53708
,,,,,0.41484,1.53029
,,,,,0.41494,1.50317
,,,,,0.41503,1.53029
,,,,,0.41512,1.50317
,,,,,0.41522,1.52351
,,,,,0.41531,1.50317
,,,,,0.4154,1.50995
,,,,,0.41549,1.54385
,,,,,0.41559,1.50995
,,,,,0.41568,1.53708
,,,,,0.41577,1.51673
,,,,,0.41587,1.52351
,,,,,0.41596,1.50995
,,,,,0.41605,1.52351
,,,,,0.41614,1.53029
,,,,,0.41624,1.50317
,,,,,0.41633,1.52351
,,,,,0.41642,1.50317
,,,,,0.41652,1.53029
,,,,,0.41661,1.51673
,,,,,0.4167,1.52351
,,,,,0.41679,1.50995
,,,,,0.41689,1.52351
,,,,,0.41698,1.54385
,,,,,0.41707,1.53029
,,,,,0.41716,1.53708
,,,,,0.41726,1.52351
,,,,,0.41735,1.53029
,,,,,0.41744,1.52351
,,,,,0.41754,1.51673
,,,,,0.41763,1.52351
,,,,,0.41772,1.51673
,,,,,0.41781,1.53708
,,,,,0.41791,1.54385
,,,,,0.418,1.54385
,,,,,0.41809,1.52351
,,,,,0.41819,1.52351
,,,,,0.41828,1.52351
,,,,,0.41837,1.51673
,,,,,0.41846,1.54385
,,,,,0.41856,1.52351
,,,,,0.41865,1.50995
,,,,,0.41874,1.51673
,,,,,0.41884,1.52351
,,,,,0.41893,1.52351
,,,,,0.41902,1.54385
,,,,,0.41911,1.52351
,,,,,0.41921,1.53708
,,,,,0.4193,1.54385
,,,,,0.41939,1.54385
,,,,,0.41948,1.51673
,,,,,0.41958,1.53708
,,,,,0.41967,1.50995
,,,,,0.41976,1.53708
,,,,,0.41986,1.51673
,,,,,0.41995,1.52351
,,,,,0.42004,1.50995
,,,,,0.42013,1.54385
,,,,,0.42023,1.54385
,,,,,0.42032,1.52351
,,,,,0.42041,1.52351
,,,,,0.42051,1.54385
,,,,,0.4206,1.52351
,,,,,0.42069,1.50317
,,,,,0.42078,1.51673
,,,,,0.42088,1.53029
,,,,,0.42097,1.52351
,,,,,0.42106,1.4896
,,,,,0.42116,1.51673
,,,,,0.42125,1.52351
,,,,,0.42134,1.52351
,,,,,0.42143,1.53708
,,,,,0.42153,1.52351
,,,,,0.42162,1.52351
,,,,,0.42171,1.52351
,,,,,0.4218,1.54385
,,,,,0.4219,1.54385
,,,,,0.42199,1.53029
,,,,,0.42208,1.50995
,,,,,0.42218,1.51673
,,,,,0.42227,1.52351
,,,,,0.42236,1.53708
,,,,,0.42245,1.50995
,,,,,0.42255,1.52351
,,,,,0.42264,1.50995
,,,,,0.42273,1.53708
,,,,,0.42283,1.50995
,,,,,0.42292,1.52351
,,,,,0.42301,1.53708
,,,,,0.4231,1.52351
,,,,,0.4232,1.50995
,,,,,0.42329,1.52351
,,,,,0.42338,1.52351
,,,,,0.42348,1.50995
,,,,,0.42357,1.50317
,,,,,0.42366,1.53029
,,,,,0.42375,1.51673
,,,,,0.42385,1.50317
,,,,,0.42394,1.53029
,,,,,0.42403,1.55064
,,,,,0.42412,1.52351
,,,,,0.42422,1.50995
,,,,,0.42431,1.52351
,,,,,0.4244,1.53029
,,,,,0.4245,1.51673
,,,,,0.42459,1.52351
,,,,,0.42468,1.50995
,,,,,0.42477,1.51673
,,,,,0.42487,1.51673
,,,,,0.42496,1.50317
,,,,,0.42505,1.53708
,,,,,0.42515,1.50995
,,,,,0.42524,1.50995
,,,,,0.42533,1.51673
,,,,,0.42542,1.50995
,,,,,0.42552,1.50995
,,,,,0.42561,1.53029
,,,,,0.4257,1.50317
,,,,,0.4258,1.50995
,,,,,0.42589,1.52351
,,,,,0.42598,1.50995
,,,,,0.42607,1.50995
,,,,,0.42617,1.51673
,,,,,0.42626,1.52351
,,,,,0.42635,1.52351
,,,,,0.42644,1.50317
,,,,,0.42654,1.51673
,,,,,0.42663,1.49639
,,,,,0.42672,1.50995
,,,,,0.42682,1.50317
,,,,,0.42691,1.50995
,,,,,0.427,1.50995
,,,,,0.42709,1.51673
,,,,,0.42719,1.50995
,,,,,0.42728,1.50317
,,,,,0.42737,1.50995
,,,,,0.42747,1.52351
,,,,,0.42756,1.4896
,,,,,0.42765,1.51673
,,,,,0.42774,1.52351
,,,,,0.42784,1.50995
,,,,,0.42793,1.53708
,,,,,0.42802,1.52351
,,,,,0.42812,1.53029
,,,,,0.42821,1.52351
,,,,,0.4283,1.52351
,,,,,0.42839,1.50995
,,,,,0.42849,1.50317
,,,,,0.42858,1.50317
,,,,,0.42867,1.51673
,,,,,0.42876,1.50317
,,,,,0.42886,1.52351
,,,,,0.42895,1.52351
,,,,,0.42904,1.4896
,,,,,0.42914,1.53708
,,,,,0.42923,1.49639
,,,,,0.42932,1.51673
,,,,,0.42941,1.52351
,,,,,0.42951,1.51673
,,,,,0.4296,1.52351
,,,,,0.42969,1.50995
,,,,,0.42979,1.52351
,,,,,0.42988,1.52351
,,,,,0.42997,1.49639
,,,,,0.43006,1.51673
,,,,,0.43016,1.50317
,,,,,0.43025,1.53708
,,,,,0.43034,1.52351
,,,,,0.43044,1.50995
,,,,,0.43053,1.51673
,,,,,0.43062,1.53029
,,,,,0.43071,1.51673
,,,,,0.43081,1.53708
,,,,,0.4309,1.53708
,,,,,0.43099,1.50317
,,,,,0.43108,1.53029
,,,,,0.43118,1.53029
,,,,,0.43127,1.52351
,,,,,0.43136,1.52351
,,,,,0.43146,1.52351
,,,,,0.43155,1.52351
,,,,,0.43164,1.50995
,,,,,0.43173,1.53029
,,,,,0.43183,1.50995
,,,,,0.43192,1.52351
,,,,,0.43201,1.52351
,,,,,0.43211,1.53708
,,,,,0.4322,1.52351
,,,,,0.43229,1.51673
,,,,,0.43238,1.54385
,,,,,0.43248,1.53029
,,,,,0.43257,1.53029
,,,,,0.43266,1.52351
,,,,,0.43276,1.53029
,,,,,0.43285,1.53029
,,,,,0.43294,1.54385
,,,,,0.43303,1.51673
,,,,,0.43313,1.53029
,,,,,0.43322,1.52351
,,,,,0.43331,1.52351
,,,,,0.4334,1.53029
,,,,,0.4335,1.54385
,,,,,0.43359,1.53029
,,,,,0.43368,1.55064
,,,,,0.43378,1.54385
,,,,,0.43387,1.54385
,,,,,0.43396,1.54385
,,,,,0.43405,1.53708
,,,,,0.43415,1.53708
,,,,,0.43424,1.5642
,,,,,0.43433,1.5642
,,,,,0.43443,1.55064
,,,,,0.43452,1.55064
,,,,,0.43461,1.54385
,,,,,0.4347,1.54385
,,,,,0.4348,1.54385
,,,,,0.43489,1.52351
,,,,,0.43498,1.55064
,,,,,0.43508,1.5642
,,,,,0.43517,1.55064
,,,,,0.43526,1.54385
,,,,,0.43535,1.55064
,,,,,0.43545,1.57099
,,,,,0.43554,1.5642
,,,,,0.43563,1.55064
,,,,,0.43572,1.55064
,,,,,0.43582,1.53029
,,,,,0.43591,1.57099
,,,,,0.436,1.53708
,,,,,0.4361,1.57099
,,,,,0.43619,1.55064
,,,,,0.43628,1.55064
,,,,,0.43637,1.53708
,,,,,0.43647,1.54385
,,,,,0.43656,1.5642
,,,,,0.43665,1.55064
,,,,,0.43675,1.54385
,,,,,0.43684,1.55064
,,,,,0.43693,1.55742
,,,,,0.43702,1.5642
,,,,,0.43712,1.54385
,,,,,0.43721,1.55064
,,,,,0.4373,1.53029
,,,,,0.4374,1.55742
,,,,,0.43749,1.53708
,,,,,0.43758,1.55064
,,,,,0.43767,1.55064
,,,,,0.43777,1.55064
,,,,,0.43786,1.55064
,,,,,0.43795,1.57099
,,,,,0.43804,1.55064
,,,,,0.43814,1.5642
,,,,,0.43823,1.55064
,,,,,0.43832,1.57099
,,,,,0.43842,1.55064
,,,,,0.43851,1.54385
,,,,,0.4386,1.54385
,,,,,0.43869,1.55064
,,,,,0.43879,1.53708
,,,,,0.43888,1.55064
,,,,,0.43897,1.53029
,,,,,0.43907,1.57099
,,,,,0.43916,1.55064
,,,,,0.43925,1.53029
,,,,,0.43934,1.55064
,,,,,0.43944,1.5642
,,,,,0.43953,1.55742
,,,,,0.43962,1.57099
,,,,,0.43972,1.55064
,,,,,0.43981,1.55064
,,,,,0.4399,1.55742
,,,,,0.43999,1.55064
,,,,,0.44009,1.53708
,,,,,0.44018,1.53708
,,,,,0.44027,1.52351
,,,,,0.44036,1.5642
,,,,,0.44046,1.55064
,,,,,0.44055,1.55064
,,,,,0.44064,1.5642
,,,,,0.44074,1.55064
,,,,,0.44083,1.54385
,,,,,0.44092,1.55064
,,,,,0.44101,1.52351
,,,,,0.44111,1.55064
,,,,,0.4412,1.54385
,,,,,0.44129,1.57099
,,,,,0.44139,1.52351
,,,,,0.44148,1.55064
,,,,,0.44157,1.54385
,,,,,0.44166,1.55064
,,,,,0.44176,1.55742
,,,,,0.44185,1.55064
,,,,,0.44194,1.53029
,,,,,0.44204,1.55064
,,,,,0.44213,1.53029
,,,,,0.44222,1.55742
,,,,,0.44231,1.55064
,,,,,0.44241,1.55064
,,,,,0.4425,1.53029
,,,,,0.44259,1.5642
,,,,,0.44268,1.55064
,,,,,0.44278,1.55742
,,,,,0.44287,1.53708
,,,,,0.44296,1.57776
,,,,,0.44306,1.55742
,,,,,0.44315,1.57776
,,,,,0.44324,1.55064
,,,,,0.44333,1.5642
,,,,,0.44343,1.55742
,,,,,0.44352,1.5642
,,,,,0.44361,1.55742
,,,,,0.44371,1.55742
,,,,,0.4438,1.55064
,,,,,0.44389,1.55742
,,,,,0.44398,1.55742
,,,,,0.44408,1.57776
,,,,,0.44417,1.57099
,,,,,0.44426,1.5642
,,,,,0.44436,1.55742
,,,,,0.44445,1.57099
,,,,,0.44454,1.55064
,,,,,0.44463,1.55742
,,,,,0.44473,1.55064
,,,,,0.44482,1.55064
,,,,,0.44491,1.55064
,,,,,0.445,1.55742
,,,,,0.4451,1.54385
,,,,,0.44519,1.54385
,,,,,0.44528,1.55064
,,,,,0.44538,1.55742
,,,,,0.44547,1.55064
,,,,,0.44556,1.55064
,,,,,0.44565,1.57099
,,,,,0.44575,1.55742
,,,,,0.44584,1.53029
,,,,,0.44593,1.55064
,,,,,0.44603,1.55064
,,,,,0.44612,1.5642
,,,,,0.44621,1.55064
,,,,,0.4463,1.54385
,,,,,0.4464,1.54385
,,,,,0.44649,1.55064
,,,,,0.44658,1.55742
,,,,,0.44668,1.55742
,,,,,0.44677,1.54385
,,,,,0.44686,1.55064
,,,,,0.44695,1.57099
,,,,,0.44705,1.55064
,,,,,0.44714,1.55064
,,,,,0.44723,1.58455
,,,,,0.44732,1.53708
,,,,,0.44742,1.53708
,,,,,0.44751,1.52351
,,,,,0.4476,1.53029
,,,,,0.4477,1.55064
,,,,,0.44779,1.51673
,,,,,0.44788,1.53029
,,,,,0.44797,1.52351
,,,,,0.44807,1.53029
,,,,,0.44816,1.55064
,,,,,0.44825,1.51673
,,,,,0.44835,1.54385
,,,,,0.44844,1.54385
,,,,,0.44853,1.55742
,,,,,0.44862,1.55064
,,,,,0.44872,1.55064
,,,,,0.44881,1.53708
,,,,,0.4489,1.55064
,,,,,0.449,1.53708
,,,,,0.44909,1.55064
,,,,,0.44918,1.53708
,,,,,0.44927,1.53708
,,,,,0.44937,1.53708
,,,,,0.44946,1.55064
,,,,,0.44955,1.53029
,,,,,0.44964,1.54385
,,,,,0.44974,1.53708
,,,,,0.44983,1.53708
,,,,,0.44992,1.53029
,,,,,0.45002,1.55064
,,,,,0.45011,1.54385
,,,,,0.4502,1.53708
,,,,,0.45029,1.54385
,,,,,0.45039,1.55064
,,,,,0.45048,1.55064
,,,,,0.45057,1.55064
,,,,,0.45067,1.55064
,,,,,0.45076,1.5642
,,,,,0.45085,1.53029
,,,,,0.45094,1.55064
,,,,,0.45104,1.53029
,,,,,0.45113,1.57776
,,,,,0.45122,1.52351
,,,,,0.45132,1.55742
,,,,,0.45141,1.53029
,,,,,0.4515,1.55064
,,,,,0.45159,1.55742
,,,,,0.45169,1.54385
,,,,,0.45178,1.55064
,,,,,0.45187,1.53708
,,,,,0.45196,1.55064
,,,,,0.45206,1.5642
,,,,,0.45215,1.55064
,,,,,0.45224,1.53708
,,,,,0.45234,1.54385
,,,,,0.45243,1.54385
,,,,,0.45252,1.55064
,,,,,0.45261,1.55064
,,,,,0.45271,1.55064
,,,,,0.4528,1.55064
,,,,,0.45289,1.54385
,,,,,0.45299,1.57776
,,,,,0.45308,1.55742
,,,,,0.45317,1.55064
,,,,,0.45326,1.54385
,,,,,0.45336,1.55064
,,,,,0.45345,1.55064
,,,,,0.45354,1.57099
,,,,,0.45364,1.55064
,,,,,0.45373,1.54385
,,,,,0.45382,1.54385
,,,,,0.45391,1.57099
,,,,,0.45401,1.55064
,,,,,0.4541,1.55742
,,,,,0.45419,1.55064
,,,,,0.45428,1.55742
,,,,,0.45438,1.55064
,,,,,0.45447,1.55064
,,,,,0.45456,1.53708
,,,,,0.45466,1.57099
,,,,,0.45475,1.55064
,,,,,0.45484,1.5642
,,,,,0.45493,1.5642
,,,,,0.45503,1.5642
,,,,,0.45512,1.55742
,,,,,0.45521,1.57776
,,,,,0.45531,1.53708
,,,,,0.4554,1.57099
,,,,,0.45549,1.55064
,,,,,0.45558,1.53708
,,,,,0.45568,1.55742
,,,,,0.45577,1.57776
,,,,,0.45586,1.54385
,,,,,0.45596,1.55064
,,,,,0.45605,1.55064
,,,,,0.45614,1.5642
,,,,,0.45623,1.55064
,,,,,0.45633,1.5642
,,,,,0.45642,1.53029
,,,,,0.45651,1.5642
,,,,,0.4566,1.55064
,,,,,0.4567,1.57099
,,,,,0.45679,1.54385
,,,,,0.45688,1.5642
,,,,,0.45698,1.55064
,,,,,0.45707,1.5642
,,,,,0.45716,1.55064
,,,,,0.45725,1.57099
,,,,,0.45735,1.53708
,,,,,0.45744,1.55742
,,,,,0.45753,1.55064
,,,,,0.45763,1.55064
,,,,,0.45772,1.55064
,,,,,0.45781,1.55064
,,,,,0.4579,1.57099
,,,,,0.458,1.55064
,,,,,0.45809,1.57099
,,,,,0.45818,1.57776
,,,,,0.45828,1.55742
,,,,,0.45837,1.5642
,,,,,0.45846,1.55064
,,,,,0.45855,1.55742
,,,,,0.45865,1.57099
,,,,,0.45874,1.55064
,,,,,0.45883,1.55742
,,,,,0.45892,1.55742
,,,,,0.45902,1.55064
,,,,,0.45911,1.57099
,,,,,0.4592,1.55742
,,,,,0.4593,1.57776
,,,,,0.45939,1.57099
,,,,,0.45948,1.57099
,,,,,0.45957,1.57099
,,,,,0.45967,1.57099
,,,,,0.45976,1.5642
,,,,,0.45985,1.57776
,,,,,0.45995,1.55064
,,,,,0.46004,1.55742
,,,,,0.46013,1.57099
,,,,,0.46022,1.55064
,,,,,0.46032,1.5642
,,,,,0.46041,1.57776
,,,,,0.4605,1.57099
,,,,,0.4606,1.57099
,,,,,0.46069,1.55064
,,,,,0.46078,1.55742
,,,,,0.46087,1.57099
,,,,,0.46097,1.55742
,,,,,0.46106,1.57099
,,,,,0.46115,1.55064
,,,,,0.46124,1.57099
,,,,,0.46134,1.58455
,,,,,0.46143,1.54385
,,,,,0.46152,1.5642
,,,,,0.46162,1.57776
,,,,,0.46171,1.5642
,,,,,0.4618,1.57099
,,,,,0.46189,1.5642
,,,,,0.46199,1.55064
,,,,,0.46208,1.5642
,,,,,0.46217,1.55064
,,,,,0.46227,1.5642
,,,,,0.46236,1.55064
,,,,,0.46245,1.55742
,,,,,0.46254,1.55742
,,,,,0.46264,1.55064
,,,,,0.46273,1.55742
,,,,,0.46282,1.5642
,,,,,0.46292,1.55064
,,,,,0.46301,1.57099
,,,,,0.4631,1.55742
,,,,,0.46319,1.58455
,,,,,0.46329,1.57099
,,,,,0.46338,1.55742
,,,,,0.46347,1.54385
,,,,,0.46356,1.55742
,,,,,0.46366,1.55064
,,,,,0.46375,1.55742
,,,,,0.46384,1.53708
,,,,,0.46394,1.53708
,,,,,0.46403,1.55064
,,,,,0.46412,1.57099
,,,,,0.46421,1.54385
,,,,,0.46431,1.55742
,,,,,0.4644,1.54385
,,,,,0.46449,1.55742
,,,,,0.46459,1.54385
,,,,,0.46468,1.55064
,,,,,0.46477,1.53029
,,,,,0.46486,1.54385
,,,,,0.46496,1.55064
,,,,,0.46505,1.55064
,,,,,0.46514,1.50995
,,,,,0.46524,1.55742
,,,,,0.46533,1.55064
,,,,,0.46542,1.53029
,,,,,0.46551,1.53708
,,,,,0.46561,1.5642
,,,,,0.4657,1.53708
,,,,,0.46579,1.54385
,,,,,0.46588,1.53029
,,,,,0.46598,1.54385
,,,,,0.46607,1.52351
,,,,,0.46616,1.53708
,,,,,0.46626,1.55064
,,,,,0.46635,1.55064
,,,,,0.46644,1.52351
,,,,,0.46653,1.54385
,,,,,0.46663,1.54385
,,,,,0.46672,1.54385
,,,,,0.46681,1.54385
,,,,,0.46691,1.54385
,,,,,0.467,1.53029
,,,,,0.46709,1.55064
,,,,,0.46718,1.52351
,,,,,0.46728,1.53708
,,,,,0.46737,1.53708
,,,,,0.46746,1.55064
,,,,,0.46756,1.53029
,,,,,0.46765,1.55064
,,,,,0.46774,1.53708
,,,,,0.46783,1.54385
,,,,,0.46793,1.53029
,,,,,0.46802,1.53708
,,,,,0.46811,1.53029
,,,,,0.4682,1.55064
,,,,,0.4683,1.55064
,,,,,0.46839,1.54385
,,,,,0.46848,1.52351
,,,,,0.46858,1.55742
,,,,,0.46867,1.53708
,,,,,0.46876,1.54385
,,,,,0.46885,1.53029
,,,,,0.46895,1.54385
,,,,,0.46904,1.55064
,,,,,0.46913,1.53708
,,,,,0.46923,1.53029
,,,,,0.46932,1.54385
,,,,,0.46941,1.53029
,,,,,0.4695,1.54385
,,,,,0.4696,1.52351
,,,,,0.46969,1.52351
,,,,,0.46978,1.54385
,,,,,0.46988,1.54385
,,,,,0.46997,1.53029
,,,,,0.47006,1.55064
,,,,,0.47015,1.53708
,,,,,0.47025,1.55064
,,,,,0.47034,1.53029
,,,,,0.47043,1.54385
,,,,,0.47052,1.54385
,,,,,0.47062,1.55064
,,,,,0.47071,1.53029
,,,,,0.4708,1.53708
,,,,,0.4709,1.55064
,,,,,0.47099,1.55064
,,,,,0.47108,1.53029
,,,,,0.47117,1.54385
,,,,,0.47127,1.53708
,,,,,0.47136,1.54385
,,,,,0.47145,1.55064
,,,,,0.47155,1.54385
,,,,,0.47164,1.53029
,,,,,0.47173,1.52351
,,,,,0.47182,1.53029
,,,,,0.47192,1.53708
,,,,,0.47201,1.53708
,,,,,0.4721,1.53708
,,,,,0.4722,1.52351
,,,,,0.47229,1.55064
,,,,,0.47238,1.53029
,,,,,0.47247,1.55064
,,,,,0.47257,1.54385
,,,,,0.47266,1.50995
,,,,,0.47275,1.53029
,,,,,0.47284,1.53029
,,,,,0.47294,1.53708
,,,,,0.47303,1.54385
,,,,,0.47312,1.54385
,,,,,0.47322,1.53029
,,,,,0.47331,1.54385
,,,,,0.4734,1.53029
,,,,,0.47349,1.52351
,,,,,0.47359,1.53708
,,,,,0.47368,1.52351
,,,,,0.47377,1.52351
,,,,,0.47387,1.53029
,,,,,0.47396,1.53708
,,,,,0.47405,1.55064
,,,,,0.47414,1.54385
,,,,,0.47424,1.53708
,,,,,0.47433,1.53708
,,,,,0.47442,1.54385
,,,,,0.47452,1.54385
,,,,,0.47461,1.54385
,,,,,0.4747,1.54385
,,,,,0.47479,1.55064
,,,,,0.47489,1.54385
,,,,,0.47498,1.53708
,,,,,0.47507,1.54385
,,,,,0.47516,1.55064
,,,,,0.47526,1.55064
,,,,,0.47535,1.54385
,,,,,0.47544,1.55064
,,,,,0.47554,1.52351
,,,,,0.47563,1.55064
,,,,,0.47572,1.53708
,,,,,0.47581,1.52351
,,,,,0.47591,1.54385
,,,,,0.476,1.54385
,,,,,0.47609,1.52351
,,,,,0.47619,1.53029
,,,,,0.47628,1.52351
,,,,,0.47637,1.53708
,,,,,0.47646,1.53029
,,,,,0.47656,1.50995
,,,,,0.47665,1.54385
,,,,,0.47674,1.53708
,,,,,0.47684,1.52351
,,,,,0.47693,1.54385
,,,,,0.47702,1.53029
,,,,,0.47711,1.53708
,,,,,0.47721,1.54385
,,,,,0.4773,1.54385
,,,,,0.47739,1.53029
,,,,,0.47748,1.55064
,,,,,0.47758,1.54385
,,,,,0.47767,1.55064
,,,,,0.47776,1.53029
,,,,,0.47786,1.55064
,,,,,0.47795,1.53029
,,,,,0.47804,1.53029
,,,,,0.47813,1.55064
,,,,,0.47823,1.53029
,,,,,0.47832,1.55064
,,,,,0.47841,1.5642
,,,,,0.47851,1.53708
,,,,,0.4786,1.52351
,,,,,0.47869,1.54385
,,,,,0.47878,1.53708
,,,,,0.47888,1.53708
,,,,,0.47897,1.53029
,,,,,0.47906,1.53029
,,,,,0.47916,1.53029
,,,,,0.47925,1.51673
,,,,,0.47934,1.54385
,,,,,0.47943,1.51673
,,,,,0.47953,1.50317
,,,,,0.47962,1.50995
,,,,,0.47971,1.50995
,,,,,0.4798,1.53029
,,,,,0.4799,1.52351
,,,,,0.47999,1.53029
,,,,,0.48008,1.53708
,,,,,0.48018,1.51673
,,,,,0.48027,1.53029
,,,,,0.48036,1.51673
,,,,,0.48045,1.53708
,,,,,0.48055,1.55064
,,,,,0.48064,1.53708
,,,,,0.48073,1.50995
,,,,,0.48083,1.53708
,,,,,0.48092,1.50995
,,,,,0.48101,1.51673
,,,,,0.4811,1.50317
,,,,,0.4812,1.52351
,,,,,0.48129,1.50995
,,,,,0.48138,1.50995
,,,,,0.48148,1.51673
,,,,,0.48157,1.53708
,,,,,0.48166,1.53708
,,,,,0.48175,1.52351
,,,,,0.48185,1.54385
,,,,,0.48194,1.53708
,,,,,0.48203,1.51673
,,,,,0.48212,1.52351
,,,,,0.48222,1.53708
,,,,,0.48231,1.50995
,,,,,0.4824,1.51673
,,,,,0.4825,1.52351
,,,,,0.48259,1.49639
,,,,,0.48268,1.53708
,,,,,0.48277,1.52351
,,,,,0.48287,1.50317
,,,,,0.48296,1.52351
,,,,,0.48305,1.50995
,,,,,0.48315,1.50995
,,,,,0.48324,1.52351
,,,,,0.48333,1.50995
,,,,,0.48342,1.52351
,,,,,0.48352,1.52351
,,,,,0.48361,1.52351
,,,,,0.4837,1.53029
,,,,,0.4838,1.53708
,,,,,0.48389,1.52351
,,,,,0.48398,1.50317
,,,,,0.48407,1.53029
,,,,,0.48417,1.52351
,,,,,0.48426,1.51673
,,,,,0.48435,1.54385
,,,,,0.48444,1.50995
,,,,,0.48454,1.49639
,,,,,0.48463,1.52351
,,,,,0.48472,1.54385
,,,,,0.48482,1.53029
,,,,,0.48491,1.50317
,,,,,0.485,1.52351
,,,,,0.48509,1.50317
,,,,,0.48519,1.54385
,,,,,0.48528,1.50317
,,,,,0.48537,1.50995
,,,,,0.48547,1.50995
,,,,,0.48556,1.51673
,,,,,0.48565,1.49639
,,,,,0.48574,1.51673
,,,,,0.48584,1.4896
,,,,,0.48593,1.51673
,,,,,0.48602,1.52351
,,,,,0.48612,1.51673
,,,,,0.48621,1.52351
,,,,,0.4863,1.50317
,,,,,0.48639,1.51673
,,,,,0.48649,1.52351
,,,,,0.48658,1.48282
,,,,,0.48667,1.50317
,,,,,0.48676,1.50995
,,,,,0.48686,1.49639
,,,,,0.48695,1.49639
,,,,,0.48704,1.49639
,,,,,0.48714,1.49639
,,,,,0.48723,1.51673
,,,,,0.48732,1.50317
,,,,,0.48741,1.50995
,,,,,0.48751,1.51673
,,,,,0.4876,1.50995
,,,,,0.48769,1.50317
,,,,,0.48779,1.51673
,,,,,0.48788,1.49639
,,,,,0.48797,1.52351
,,,,,0.48806,1.51673
,,,,,0.48816,1.54385
,,,,,0.48825,1.50995
,,,,,0.48834,1.53029
,,,,,0.48844,1.50317
,,,,,0.48853,1.52351
,,,,,0.48862,1.50317
,,,,,0.48871,1.52351
,,,,,0.48881,1.53029
,,,,,0.4889,1.51673
,,,,,0.48899,1.53029
,,,,,0.48908,1.52351
,,,,,0.48918,1.50317
,,,,,0.48927,1.52351
,,,,,0.48936,1.50317
,,,,,0.48946,1.50995
,,,,,0.48955,1.53029
,,,,,0.48964,1.53029
,,,,,0.48973,1.4896
,,,,,0.48983,1.50995
,,,,,0.48992,1.51673
,,,,,0.49001,1.49639
,,,,,0.49011,1.53029
,,,,,0.4902,1.52351
,,,,,0.49029,1.53029
,,,,,0.49038,1.50317
,,,,,0.49048,1.52351
,,,,,0.49057,1.50995
,,,,,0.49066,1.50317
,,,,,0.49076,1.50995
,,,,,0.49085,1.53708
,,,,,0.49094,1.53029
,,,,,0.49103,1.53029
,,,,,0.49113,1.52351
,,,,,0.49122,1.53708
,,,,,0.49131,1.54385
,,,,,0.4914,1.54385
,,,,,0.4915,1.53029
,,,,,0.49159,1.51673
,,,,,0.49168,1.50995
,,,,,0.49178,1.52351
,,,,,0.49187,1.52351
,,,,,0.49196,1.52351
,,,,,0.49205,1.52351
,,,,,0.49215,1.53708
,,,,,0.49224,1.53708
,,,,,0.49233,1.53708
,,,,,0.49243,1.52351
,,,,,0.49252,1.50995
,,,,,0.49261,1.52351
,,,,,0.4927,1.54385
,,,,,0.4928,1.52351
,,,,,0.49289,1.51673
,,,,,0.49298,1.51673
,,,,,0.49308,1.54385
,,,,,0.49317,1.50995
,,,,,0.49326,1.54385
,,,,,0.49335,1.54385
,,,,,0.49345,1.55064
,,,,,0.49354,1.52351
,,,,,0.49363,1.53708
,,,,,0.49372,1.54385
,,,,,0.49382,1.51673
,,,,,0.49391,1.50995
,,,,,0.494,1.54385
,,,,,0.4941,1.51673
,,,,,0.49419,1.52351
,,,,,0.49428,1.51673
,,,,,0.49437,1.53029
,,,,,0.49447,1.53029
,,,,,0.49456,1.54385
,,,,,0.49465,1.53029
,,,,,0.49475,1.53708
,,,,,0.49484,1.50995
,,,,,0.49493,1.54385
,,,,,0.49502,1.52351
,,,,,0.49512,1.51673
,,,,,0.49521,1.53029
,,,,,0.4953,1.52351
,,,,,0.4954,1.50995
,,,,,0.49549,1.52351
,,,,,0.49558,1.52351
,,,,,0.49567,1.52351
,,,,,0.49577,1.53708
,,,,,0.49586,1.53029
,,,,,0.49595,1.52351
,,,,,0.49604,1.52351
,,,,,0.49614,1.52351
,,,,,0.49623,1.53708
,,,,,0.49632,1.52351
,,,,,0.49642,1.52351
,,,,,0.49651,1.53029
,,,,,0.4966,1.53708
,,,,,0.49669,1.52351
,,,,,0.49679,1.50317
,,,,,0.49688,1.51673
,,,,,0.49697,1.50995
,,,,,0.49707,1.54385
,,,,,0.49716,1.53708
,,,,,0.49725,1.50317
,,,,,0.49734,1.53029
,,,,,0.49744,1.53029
,,,,,0.49753,1.54385
,,,,,0.49762,1.52351
,,,,,0.49772,1.53708
,,,,,0.49781,1.53708
,,,,,0.4979,1.53029
,,,,,0.49799,1.53708
,,,,,0.49809,1.51673
,,,,,0.49818,1.55064
,,,,,0.49827,1.50317
,,,,,0.49836,1.54385
,,,,,0.49846,1.52351
,,,,,0.49855,1.53029
,,,,,0.49864,1.55064
,,,,,0.49874,1.50995
,,,,,0.49883,1.53708
,,,,,0.49892,1.53029
,,,,,0.49901,1.55064
,,,,,0.49911,1.55064
,,,,,0.4992,1.54385
,,,,,0.49929,1.52351
,,,,,0.49939,1.53708
,,,,,0.49948,1.53708
,,,,,0.49957,1.50317
,,,,,0.49966,1.51673
,,,,,0.49976,1.52351
,,,,,0.49985,1.50995
,,,,,0.49994,1.52351
,,,,,0.50004,1.50995
