Time ms,Tvib mean K,Trot mean K,Time ms,Ttr cal isentropic K,Time ms,Pressure bar
-0.05579,923.62928,526.75925,0,2662.14381,-0.10001,0.02585
-0.05514,1288.2516,621.4264,1.00E-04,2675.76676,-0.09992,0.0055
-0.05449,767.83479,770.76471,2.00E-04,2675.68566,-0.09982,0.03263
-0.05384,467.97966,1133.31632,3.00E-04,2675.6047,-0.09973,0.03263
-0.05319,504.46901,1325.36815,4.00E-04,2675.5239,-0.09964,0.0055
-0.05254,533.46029,1349.25937,5.00E-04,2675.44323,-0.09955,0.01228
-0.05189,523.55484,1337.17929,6.00E-04,2675.36271,-0.09945,0.03263
-0.05124,531.21765,1343.37756,7.00E-04,2675.28233,-0.09936,0.02585
-0.05059,563.55804,1324.79439,8.00E-04,2675.20209,-0.09927,0.01228
-0.04994,575.91564,1323.76892,9.00E-04,2675.12199,-0.09917,0.01228
-0.04929,596.00682,1323.49714,0.001,2675.04203,-0.09908,0.02585
-0.04864,595.39644,1321.96995,0.0011,2674.9622,-0.09899,0.01906
-0.04799,607.27116,1321.6896,0.0012,2674.88251,-0.0989,0.04619
-0.04734,614.3953,1314.50805,0.0013,2674.80295,-0.0988,0.01906
-0.04669,623.35632,1322.39576,0.0014,2674.72353,-0.09871,0.0055
-0.04604,621.99663,1318.31468,0.0015,2674.64424,-0.09862,0.02585
-0.04539,635.0351,1327.50996,0.0016,2674.56509,-0.09852,0.02585
-0.04474,647.62324,1321.22465,0.0017,2674.48607,-0.09843,0.01906
-0.0441,651.93098,1331.73044,0.0018,2674.40718,-0.09834,0.02585
-0.04345,657.61161,1317.09305,0.0019,2674.32842,-0.09825,0.02585
-0.0428,657.84902,1325.74477,0.002,2674.24979,-0.09815,0.02585
-0.04215,662.95054,1324.21766,0.0021,2674.17129,-0.09806,0.04619
-0.0415,660.97485,1329.35447,0.0022,2674.09293,-0.09797,0.04619
-0.04085,672.04136,1323.65779,0.0023,2674.01469,-0.09788,0.01228
-0.0402,690.42379,1318.85677,0.0024,2673.93658,-0.09778,0.01228
-0.03955,683.64507,1323.26079,0.0025,2673.85861,-0.09769,0.03263
-0.0389,697.47383,1314.97334,0.0026,2673.78076,-0.0976,0.02585
-0.03825,694.0507,1319.6609,0.0027,2673.70304,-0.0975,0.01228
-0.0376,701.92103,1315.76948,0.0028,2673.62545,-0.09741,0.03941
-0.03695,709.15549,1324.47959,0.0029,2673.54799,-0.09732,-0.00128
-0.0363,707.96343,1312.44006,0.003,2673.47066,-0.09723,0.03941
-0.03565,717.67269,1312.11219,0.0031,2673.39345,-0.09713,0.01906
-0.035,710.13752,1323.26423,0.0032,2673.31637,-0.09704,0.02585
-0.03435,729.18084,1319.17027,0.0033,2673.23943,-0.09695,0.03263
-0.0337,743.04111,1315.15104,0.0034,2673.1626,-0.09685,0.01228
-0.03305,725.64851,1313.76296,0.0035,2673.08591,-0.09676,0.02585
-0.0324,739.02744,1313.75467,0.0036,2673.00934,-0.09667,0.02585
-0.03175,737.32442,1316.43915,0.0037,2672.9329,-0.09658,0.01906
-0.0311,744.44398,1316.41707,0.0038,2672.85658,-0.09648,0.03263
-0.03045,752.04285,1320.52349,0.0039,2672.78039,-0.09639,0.01906
-0.0298,750.95997,1310.30768,0.004,2672.70433,-0.0963,0.02585
-0.02915,753.11532,1315.12767,0.0041,2672.6284,-0.0962,0.01228
-0.0285,769.81087,1316.28653,0.0042,2672.55259,-0.09611,0.03263
-0.02786,752.35073,1315.24415,0.0043,2672.4769,-0.09602,0.02585
-0.02721,761.90309,1307.32809,0.0044,2672.40135,-0.09593,0.01906
-0.02656,770.82555,1314.48962,0.0045,2672.32591,-0.09583,0.01906
-0.02591,775.57653,1320.11056,0.0046,2672.25061,-0.09574,0.04619
-0.02526,774.1952,1311.44484,0.0047,2672.17543,-0.09565,0.02585
-0.02461,783.38749,1311.91884,0.0048,2672.10037,-0.09556,0.01228
-0.02396,778.6527,1314.95131,0.0049,2672.02544,-0.09546,0.01906
-0.02331,786.52556,1315.49772,0.005,2671.95063,-0.09537,0.01228
-0.02266,788.42356,1311.48456,0.0051,2671.87595,-0.09528,0.01906
-0.02201,792.63054,1316.34234,0.0052,2671.80139,-0.09518,0.01906
-0.02136,795.59413,1306.28708,0.0053,2671.72696,-0.09509,0.0055
-0.02071,793.54557,1305.48445,0.0054,2671.65265,-0.095,0.0055
-0.02006,793.90817,1307.75321,0.0055,2671.57847,-0.09491,0.01906
-0.01941,801.60196,1312.74689,0.0056,2671.50441,-0.09481,0.04619
-0.01876,797.23726,1315.62909,0.0057,2671.43048,-0.09472,0.01228
-0.01811,805.58145,1308.88723,0.0058,2671.35667,-0.09463,0.0055
-0.01746,812.46498,1304.96165,0.0059,2671.28298,-0.09453,0.03263
-0.01681,812.95749,1310.42239,0.006,2671.20942,-0.09444,0.0055
-0.01616,813.07205,1308.96639,0.0061,2671.13598,-0.09435,0.01906
-0.01551,810.99369,1306.79314,0.0062,2671.06267,-0.09426,0.02585
-0.01486,816.26067,1310.67797,0.0063,2670.98948,-0.09416,0.03263
-0.01421,815.85562,1318.3113,0.0064,2670.91641,-0.09407,0.01228
-0.01356,818.81935,1313.29523,0.0065,2670.84346,-0.09398,0.0055
-0.01291,819.31468,1320.66506,0.0066,2670.77064,-0.09388,0.0055
-0.01226,828.35912,1311.309,0.0067,2670.69795,-0.09379,0.01228
-0.01162,829.61896,1310.50649,0.0068,2670.62537,-0.0937,0.01228
-0.01097,826.26301,1318.7232,0.0069,2670.55292,-0.09361,0.02585
-0.01032,837.97473,1315.37826,0.007,2670.48059,-0.09351,0.02585
-0.00967,834.35223,1314.5197,0.0071,2670.40838,-0.09342,0.02585
-0.00902,844.44961,1318.26265,0.0072,2670.3363,-0.09333,0.0055
-0.00837,840.57738,1319.60464,0.0073,2670.26434,-0.09324,0.01906
-0.00772,847.12746,1322.725,0.0074,2670.1925,-0.09314,0.01228
-0.00707,842.33038,1322.96808,0.0075,2670.12079,-0.09305,0.02585
-0.00642,841.55033,1311.84218,0.0076,2670.04919,-0.09296,0.02585
-0.00577,849.14339,1315.69976,0.0077,2669.97772,-0.09286,0.02585
-0.00512,854.10195,1328.08315,0.0078,2669.90637,-0.09277,0.01906
-0.00447,859.90594,1358.30809,0.0079,2669.83515,-0.09268,0.03263
-0.00382,859.56411,1385.72562,0.008,2669.76404,-0.09259,0.03941
-0.00317,861.23332,1888.47764,0.0081,2669.69306,-0.09249,0.02585
-0.00252,846.62085,1941.08547,0.0082,2669.6222,-0.0924,0.0055
-0.00187,799.46673,2357.63441,0.0083,2669.55146,-0.09231,0.01228
-0.00122,599.78072,2632.01792,0.0084,2669.48084,-0.09221,0.03263
-5.72E-04,695.64182,2624.25473,0.0085,2669.41034,-0.09212,0.02585
7.76E-05,1096.63384,2628.05876,0.0086,2669.33997,-0.09203,0.02585
7.27E-04,1441.82115,2619.65197,0.0087,2669.26971,-0.09194,0.02585
0.00138,1394.15532,2584.61235,0.0088,2669.19958,-0.09184,0.03941
0.00203,1256.39194,2613.39744,0.0089,2669.12957,-0.09175,0.01906
0.00268,1222.80403,2601.97518,0.009,2669.05968,-0.09166,0.04619
0.00333,1165.7456,2609.30294,0.0091,2668.98991,-0.09156,0.01228
0.00398,1136.23786,2626.28903,0.0092,2668.92026,-0.09147,0.01228
0.00462,1152.62116,2625.51662,0.0093,2668.85073,-0.09138,0.01906
0.00527,1183.09612,2614.26511,0.0094,2668.78133,-0.09129,0.04619
0.00592,1225.23957,2638.83582,0.0095,2668.71204,-0.09119,0.03263
0.00657,1254.54126,2599.95873,0.0096,2668.64287,-0.0911,0.03263
0.00722,1280.27801,2623.97297,0.0097,2668.57383,-0.09101,0.02585
0.00787,1320.49726,2615.49796,0.0098,2668.5049,-0.09092,0.01906
0.00852,1360.03175,2639.854,0.0099,2668.43609,-0.09082,0.02585
0.00917,1388.73971,2629.40388,0.01,2668.36741,-0.09073,0.03941
0.00982,1402.48769,2589.62505,0.0101,2668.29884,-0.09064,0.01228
0.01047,1442.18487,2617.93804,0.0102,2668.2304,-0.09054,0.03263
0.01112,1465.35961,2631.90007,0.0103,2668.16207,-0.09045,0.01906
0.01177,1477.53234,2632.57023,0.0104,2668.09386,-0.09036,0.01906
0.01242,1506.33104,2626.54594,0.0105,2668.02578,-0.09027,0.02585
0.01307,1520.72037,2602.88115,0.0106,2667.95781,-0.09017,0.02585
0.01372,1550.23475,2640.11081,0.0107,2667.88996,-0.09008,0.01228
0.01437,1561.18858,2614.73129,0.0108,2667.82223,-0.08999,0.01228
0.01502,1589.61225,2626.38926,0.0109,2667.75462,-0.08989,0.03263
0.01567,1595.23526,2600.54654,0.011,2667.68713,-0.0898,0.03263
0.01632,1618.3289,2635.68723,0.0111,2667.61975,-0.08971,0.01906
0.01697,1647.69946,2626.80956,0.0112,2667.5525,-0.08962,0.01906
0.01762,1667.25599,2632.42493,0.0113,2667.48536,-0.08952,0.01228
0.01827,1687.8167,2615.12109,0.0114,2667.41835,-0.08943,0.03263
0.01892,1710.29239,2650.20304,0.0115,2667.35145,-0.08934,0.02585
0.01957,1709.06835,2597.57076,0.0116,2667.28467,-0.08924,0.01228
0.02022,1716.30672,2631.17536,0.0117,2667.21801,-0.08915,0.01228
0.02086,1743.12783,2614.24602,0.0118,2667.15146,-0.08906,0.01228
0.02151,1771.61949,2622.43544,0.0119,2667.08504,-0.08897,0.03941
0.02216,1766.93506,2615.18204,0.012,2667.01873,-0.08887,0.01906
0.02281,1777.57574,2601.76789,0.0121,2666.95254,-0.08878,0.02585
0.02346,1803.45283,2616.62023,0.0122,2666.88646,-0.08869,0.02585
0.02411,1806.56322,2647.27318,0.0123,2666.82051,-0.0886,0.03263
0.02476,1824.30341,2626.53357,0.0124,2666.75467,-0.0885,0.01906
0.02541,1830.54778,2667.63434,0.0125,2666.68895,-0.08841,0.02585
0.02606,1848.93143,2596.90927,0.0126,2666.62335,-0.08832,0.03263
0.02671,1860.76594,2647.72438,0.0127,2666.55786,-0.08822,0.01228
0.02736,1871.95658,2627.29375,0.0128,2666.49249,-0.08813,0.03263
0.02801,1895.68226,2626.78755,0.0129,2666.42724,-0.08804,0.02585
0.02866,1897.12766,2658.42184,0.013,2666.3621,-0.08795,0.01228
0.02931,1905.98297,2631.31324,0.0131,2666.29708,-0.08785,0.01906
0.02996,1897.05664,2639.64192,0.0132,2666.23218,-0.08776,0.01228
0.03061,1934.04234,2622.82999,0.0133,2666.16739,-0.08767,0.04619
0.03126,1951.67847,2652.04236,0.0134,2666.10272,-0.08757,0.05297
0.03191,1946.34887,2628.64344,0.0135,2666.03816,-0.08748,0.03263
0.03256,1968.01127,2660.74086,0.0136,2665.97372,-0.08739,0.02585
0.03321,1957.99272,2649.86015,0.0137,2665.9094,-0.0873,0.03263
0.03386,1973.96941,2646.77496,0.0138,2665.84519,-0.0872,0.03263
0.03451,1966.30411,2632.3207,0.0139,2665.7811,-0.08711,0.01906
0.03516,2007.04237,2679.31044,0.014,2665.71712,-0.08702,0.02585
0.03581,1994.75724,2629.35607,0.0141,2665.65326,-0.08692,0.04619
0.03646,2015.65836,2639.23631,0.0142,2665.58951,-0.08683,0.03263
0.0371,2010.53574,2636.71684,0.0143,2665.52588,-0.08674,0.02585
0.03775,2024.79369,2629.25393,0.0144,2665.46236,-0.08665,0.02585
0.0384,2025.56228,2647.66239,0.0145,2665.39896,-0.08655,0.03263
0.03905,2050.36494,2649.22365,0.0146,2665.33567,-0.08646,0.01906
0.0397,2072.37319,2650.85672,0.0147,2665.2725,-0.08637,0.03263
0.04035,2080.22006,2648.37784,0.0148,2665.20944,-0.08628,0.02585
0.041,2072.36984,2645.0275,0.0149,2665.1465,-0.08618,-0.00128
0.04165,2070.84998,2651.30171,0.015,2665.08367,-0.08609,0.03941
0.0423,2088.47519,2632.90718,0.0151,2665.02095,-0.086,0.01228
0.04295,2099.63422,2636.23117,0.0152,2664.95835,-0.0859,0.01906
0.0436,2080.98093,2614.70298,0.0153,2664.89586,-0.08581,0.01228
0.04425,2111.76834,2678.80979,0.0154,2664.83348,-0.08572,0.05297
0.0449,2115.80188,2656.95465,0.0155,2664.77122,-0.08563,0.02585
0.04555,2124.3493,2665.22337,0.0156,2664.70907,-0.08553,0.0055
0.0462,2129.99502,2640.79398,0.0157,2664.64703,-0.08544,0.01906
0.04685,2122.28745,2637.03896,0.0158,2664.58511,-0.08535,0.0055
0.0475,2124.59604,2626.40867,0.0159,2664.5233,-0.08525,0.01228
0.04815,2123.57069,2605.57585,0.016,2651.27565,-0.08516,0.01906
0.0488,2130.01908,2638.08081,0.0161,2652.17754,-0.08507,0.01906
0.04945,2166.01098,2657.77977,0.0162,2652.1188,-0.08498,0.03941
0.0501,2160.48682,2645.76284,0.0163,2652.84558,-0.08488,0.03263
0.05075,2158.26141,2648.92773,0.0164,2652.78687,-0.08479,-0.00128
0.0514,2172.8873,2656.11437,0.0165,2653.94915,-0.0847,0.03263
0.05205,2167.37074,2620.31499,0.0166,2653.89038,-0.0846,0.03263
0.0527,2160.24334,2619.13823,0.0167,2654.96456,-0.08451,0.0055
0.05334,2166.7158,2593.13827,0.0168,2654.90576,-0.08442,0.0055
0.05399,2193.77019,2615.67281,0.0169,2655.45671,-0.08433,0.03263
0.05464,2202.91297,2646.45901,0.017,2655.39798,-0.08423,0.0055
0.05529,2192.9734,2645.19691,0.0171,2656.55782,-0.08414,0.01906
0.05594,2196.90282,2635.89919,0.0172,2657.9775,-0.08405,0.03941
0.05659,2197.69315,2633.70644,0.0173,2657.91849,-0.08396,0.02585
0.05724,2211.3875,2656.68471,0.0174,2658.90235,-0.08386,0.01906
0.05789,2206.54465,2625.20704,0.0175,2658.84332,-0.08377,0.01228
0.05854,2217.89893,2650.54403,0.0176,2659.82636,-0.08368,0.04619
0.05919,2217.83588,2636.60007,0.0177,2659.76732,-0.08358,0.0055
0.05984,2228.32479,2644.52081,0.0178,2660.66292,-0.08349,0.01228
0.06049,2228.77349,2624.73915,0.0179,2660.60388,-0.0834,0.05297
0.06114,2232.30005,2670.31916,0.018,2662.10565,-0.08331,0.05297
0.06179,2254.30403,2667.0553,0.0181,2662.04649,-0.08321,0.01906
0.06244,2240.12697,2642.98722,0.0182,2663.1136,-0.08312,0.01228
0.06309,2245.64585,2638.06376,0.0183,2663.0544,-0.08303,0.01906
0.06374,2248.79454,2628.97445,0.0184,2664.03407,-0.08293,0.03263
0.06439,2266.79645,2626.94646,0.0185,2665.35892,-0.08284,0.01906
0.06504,2254.51034,2635.20696,0.0186,2665.29952,-0.08275,0.03263
0.06569,2293.20745,2649.4124,0.0187,2666.01819,-0.08266,0.01228
0.06634,2282.26073,2635.14371,0.0188,2665.95883,-0.08256,0.03263
0.06699,2266.8196,2639.06015,0.0189,2666.84988,-0.08247,0.01906
0.06764,2267.46591,2661.30547,0.019,2666.79053,-0.08238,0.01906
0.06829,2276.74074,2647.91782,0.0191,2667.33571,-0.08228,0.02585
0.06894,2272.79282,2648.47402,0.0192,2667.27645,-0.08219,0.01906
0.06958,2285.82453,2650.79818,0.0193,2667.82146,-0.0821,0.01228
0.07023,2294.72354,2645.93777,0.0194,2667.76229,-0.08201,0.01228
0.07088,2293.87698,2669.56068,0.0195,2668.6521,-0.08191,0.01228
0.07153,2312.85011,2646.80182,0.0196,2668.59293,-0.08182,0.02585
0.07218,2323.87405,2681.79492,0.0197,2669.56828,-0.08173,0.02585
0.07283,2285.61247,2617.73596,0.0198,2670.28452,-0.08164,0.01906
0.07348,2267.08613,2622.82424,0.0199,2670.22528,-0.08154,0.03263
0.07413,2294.65547,2628.4153,0.02,2670.85503,-0.08145,0.0055
0.07478,2313.41079,2648.29086,0.0201,2670.79587,-0.08136,0.01228
0.07543,2310.52132,2623.43705,0.0202,2671.42535,-0.08126,0.01228
0.07608,2286.19184,2626.49065,0.0203,2671.36626,-0.08117,0.02585
0.07673,2287.73397,2645.75037,0.0204,2672.08153,-0.08108,0.01906
0.07738,2330.27121,2658.44355,0.0205,2672.0225,-0.08099,0.03941
0.07803,2325.19662,2644.74314,0.0206,2672.39355,-0.08089,0.02585
0.07868,2323.35394,2630.05475,0.0207,2672.33464,-0.0808,0.03263
0.07933,2319.03668,2611.15552,0.0208,2672.79158,-0.08071,0.02585
0.07998,2334.67227,2632.27419,0.0209,2672.73278,-0.08061,0.02585
0.08063,2319.75158,2635.21579,0.021,2673.10377,-0.08052,0.02585
0.08128,2313.00451,2649.67562,0.0211,2673.64643,-0.08043,0.01906
0.08193,2339.883,2645.32427,0.0212,2673.58774,-0.08034,0.02585
0.08258,2348.4162,2633.51454,0.0213,2673.78682,-0.08024,0.01906
0.08323,2340.55386,2620.28392,0.0214,2673.7283,-0.08015,0.03263
0.08388,2311.78415,2591.69642,0.0215,2674.61409,-0.08006,0.02585
0.08453,2334.86203,2629.52173,0.0216,2674.55559,-0.07996,0.02585
0.08518,2339.75309,2622.13906,0.0217,2674.66879,-0.07987,0.02585
0.08582,2341.15501,2638.81299,0.0218,2674.61047,-0.07978,0.02585
0.08647,2330.65319,2631.20677,0.0219,2674.72383,-0.07969,0.02585
0.08712,2334.91294,2613.03255,0.022,2674.6657,-0.07959,0.02585
0.08777,2349.49877,2625.9023,0.0221,2674.6935,-0.0795,0.02585
0.08842,2354.63658,2631.62312,0.0222,2674.63557,-0.07941,0.01906
0.08907,2353.82981,2636.08376,0.0223,2674.40622,-0.07932,0.01228
0.08972,2358.92235,2645.42907,0.0224,2674.86318,-0.07922,0.03263
0.09037,2334.22026,2621.66375,0.0225,2674.80552,-0.07913,0.0055
0.09102,2336.29624,2635.97656,0.0226,2674.83374,-0.07904,0.02585
0.09167,2362.65773,2630.90806,0.0227,2674.77628,-0.07894,0.01228
0.09232,2343.42421,2593.82638,0.0228,2674.97613,-0.07885,0.03263
0.09297,2346.03465,2595.53756,0.0229,2674.91883,-0.07876,0.01906
0.09362,2335.39604,2595.18942,0.023,2674.9474,-0.07867,0.02585
0.09427,2370.25776,2633.46842,0.0231,2674.8903,-0.07857,0.02585
0.09492,2368.41695,2610.8697,0.0232,2675.00471,-0.07848,0.01906
0.09557,2373.87154,2614.48215,0.0233,2674.9478,-0.07839,0.02585
0.09622,2372.83373,2671.647,0.0234,2674.891,-0.07829,0.03263
0.09687,2403.98288,2630.13232,0.0235,2674.83431,-0.0782,0.02585
0.09752,2355.57372,2624.16673,0.0236,2674.86336,-0.07811,0.02585
0.09817,2350.37988,2636.67221,0.0237,2674.72115,-0.07802,0.02585
0.09882,2391.93568,2645.15135,0.0238,2674.66479,-0.07792,0.03263
0.09947,2378.70492,2592.12983,0.0239,2674.35156,-0.07783,0.01906
0.10012,2374.41311,2587.08773,0.024,2674.29547,-0.07774,0.02585
0.10077,2381.56185,2621.64926,0.0241,2674.15385,-0.07764,0.01228
0.10142,2387.94224,2617.29257,0.0242,2674.098,-0.07755,0.04619
0.10206,2430.64401,2669.20037,0.0243,2673.52813,-0.07746,0.0055
0.10271,2384.29342,2591.81384,0.0244,2673.4726,-0.07737,0.03941
0.10336,2361.92019,2596.24827,0.0245,2673.33144,-0.07727,0.02585
0.10401,2376.05972,2596.21993,0.0246,2673.27615,-0.07718,0.02585
0.10466,2388.66802,2603.33142,0.0247,2672.79239,-0.07709,0.02585
0.10531,2385.72237,2618.51892,0.0248,2672.7374,-0.077,0.01228
0.10596,2380.26373,2598.61148,0.0249,2672.16817,-0.0769,0.01906
0.10661,2395.97042,2618.65871,0.025,2671.59902,-0.07681,0.01228
0.10726,2414.74071,2630.18842,0.0251,2671.54457,-0.07672,0.01906
0.10791,2381.91255,2617.59805,0.0252,2671.14716,-0.07662,0.03263
0.10856,2406.5559,2629.88936,0.0253,2671.09299,-0.07653,0.03941
0.10921,2425.75708,2632.95012,0.0254,2670.78156,-0.07644,0.02585
0.10986,2413.20975,2586.5717,0.0255,2670.72764,-0.07635,0.01228
0.11051,2429.20973,2606.85392,0.0256,2670.15911,-0.07625,0.04619
0.11116,2413.63794,2605.7756,0.0257,2670.10551,-0.07616,0.03263
0.11181,2371.50433,2592.36697,0.0258,2669.88042,-0.07607,0.02585
0.11246,2427.50594,2613.10818,0.0259,2669.82706,-0.07597,0.01228
0.11311,2404.15653,2593.83557,0.026,2669.43058,-0.07588,0.02585
0.11376,2424.06888,2655.06481,0.0261,2669.3775,-0.07579,0.01906
0.11441,2381.41546,2619.14425,0.0262,2668.6379,-0.0757,0.02585
0.11506,2423.68314,2603.71358,0.0263,2667.46871,-0.0756,0.03263
0.11571,2412.02867,2605.98433,0.0264,2667.4163,-0.07551,0.03941
0.11636,2413.13727,2589.0325,0.0265,2666.84854,-0.07542,0.02585
0.11701,2417.17348,2620.01797,0.0266,2666.79644,-0.07532,0.03263
0.11766,2446.33992,2636.43534,0.0267,2665.88507,-0.07523,0.01228
0.1183,2415.8417,2620.26182,0.0268,2665.83333,-0.07514,0.02585
0.11895,2435.62307,2626.79773,0.0269,2665.09393,-0.07505,0.03263
0.1196,2444.65206,2632.81022,0.027,2665.04253,-0.07495,0.02585
0.12025,2417.16804,2611.69194,0.0271,2664.30314,-0.07486,0.02585
0.1209,2432.70475,2637.17855,0.0272,2664.25207,-0.07477,0.01228
0.12155,2452.2739,2626.76292,0.0273,2663.42676,-0.07468,0.02585
0.1222,2419.96846,2609.57311,0.0274,2663.37604,-0.07458,0.02585
0.12285,2445.66075,2637.6624,0.0275,2662.89508,-0.07449,0.02585
0.1235,2442.20002,2607.98036,0.0276,2661.98366,-0.0744,0.05297
0.12415,2414.75398,2585.23952,0.0277,2661.93348,-0.0743,0.02585
0.1248,2419.33633,2620.88339,0.0278,2661.2805,-0.07421,0.03263
0.12545,2419.69553,2615.46942,0.0279,2661.23063,-0.07412,0.05297
0.1261,2439.96219,2623.07308,0.028,2660.40544,-0.07403,0.02585
0.12675,2433.64964,2615.77435,0.0281,2660.35591,-0.07393,0.02585
0.1274,2423.00516,2605.55953,0.0282,2659.96168,-0.07384,0.03263
0.12805,2433.95155,2599.03168,0.0283,2659.91241,-0.07375,0.03263
0.1287,2443.40002,2599.4333,0.0284,2659.43222,-0.07365,0.03263
0.12935,2445.18852,2629.86547,0.0285,2659.38321,-0.07356,0.01228
0.13,2468.31622,2613.24558,0.0286,2658.90321,-0.07347,0.0055
0.13065,2451.78432,2609.62325,0.0287,2658.85447,-0.07338,0.01228
0.1313,2434.64205,2595.66421,0.0288,2658.20217,-0.07328,0.02585
0.13195,2443.74327,2607.69324,0.0289,2657.37732,-0.07319,0.01906
0.1326,2452.69076,2619.28914,0.029,2657.32911,-0.0731,0.0055
0.13325,2450.31352,2613.84511,0.0291,2656.50427,-0.073,0.03941
0.1339,2477.61044,2638.89216,0.0292,2656.45639,-0.07291,0.01906
0.13454,2436.05437,2604.11715,0.0293,2655.80426,-0.07282,0.01906
0.13519,2439.22159,2601.46957,0.0294,2655.75668,-0.07273,0.01228
0.13584,2452.80028,2593.29245,0.0295,2655.01824,-0.07263,0.0055
0.13649,2456.7954,2632.96942,0.0296,2654.97096,-0.07254,0.02585
0.13714,2479.41938,2638.73293,0.0297,2654.40538,-0.07245,0.03263
0.13779,2473.37519,2661.00078,0.0298,2654.35837,-0.07236,0.03941
0.13844,2456.73325,2621.96552,0.0299,2653.87939,-0.07226,0.02585
0.13909,2462.46858,2618.70533,0.03,2653.83263,-0.07217,0.02585
0.13974,2466.14414,2639.31865,0.0301,2653.26734,-0.07208,0.01228
0.14039,2473.67446,2621.30041,0.0302,2652.70209,-0.07198,0.02585
0.14104,2462.47658,2612.57317,0.0303,2652.65579,-0.07189,0.03263
0.14169,2477.61637,2623.25103,0.0304,2652.35014,-0.0718,0.01906
0.14234,2466.42365,2638.25002,0.0305,2652.30405,-0.07171,0.03263
0.14299,2440.18377,2625.41166,0.0306,2651.47965,-0.07161,0.01906
0.14364,2443.536,2610.39692,0.0307,2651.43387,-0.07152,0.01228
0.14429,2452.45491,2592.31783,0.0308,2651.04215,-0.07143,0.03941
0.14494,2473.8698,2637.295,0.0309,2650.99661,-0.07133,0.02585
0.14559,2458.7519,2624.90602,0.031,2650.86459,-0.07124,0.02585
0.14624,2485.45293,2643.60233,0.0311,2650.81923,-0.07115,0.01228
0.14689,2448.58527,2614.62624,0.0312,2650.60083,-0.07106,0.01906
0.14754,2461.30897,2607.36223,0.0313,2650.55567,-0.07096,0.01228
0.14819,2466.35681,2609.19766,0.0314,2650.33746,-0.07087,0.02585
0.14884,2474.8946,2636.06353,0.0315,2649.85978,-0.07078,-0.00128
0.14949,2470.77205,2627.99656,0.0316,2649.81497,-0.07068,0.02585
0.15014,2477.17495,2635.42049,0.0317,2650.0299,-0.07059,0.04619
0.15078,2513.06346,2659.78421,0.0318,2649.98522,-0.0705,-0.00128
0.15143,2493.78995,2631.98158,0.0319,2649.4213,-0.07041,0.01228
0.15208,2452.012,2607.20751,0.032,2649.37687,-0.07031,0.01228
0.15273,2461.35946,2608.53456,0.0321,2648.89968,-0.07022,0.01228
0.15338,2482.04186,2606.32194,0.0322,2648.85549,-0.07013,0.01228
0.15403,2444.81168,2587.6259,0.0323,2648.81138,-0.07004,0.02585
0.15468,2495.2703,2619.73614,0.0324,2648.76735,-0.06994,0.01906
0.15533,2462.50141,2605.86032,0.0325,2648.72341,-0.06985,0.01228
0.15598,2493.90216,2634.25841,0.0326,2648.67954,-0.06976,0.02585
0.15663,2469.98653,2637.80589,0.0327,2648.46263,-0.06966,0.0055
0.15728,2482.18023,2604.18622,0.0328,2648.24581,-0.06957,0.02585
0.15793,2474.75644,2631.88114,0.0329,2648.20225,-0.06948,0.01906
0.15858,2493.48502,2637.48683,0.033,2648.07214,-0.06939,0.03941
0.15923,2469.25235,2603.38045,0.0331,2648.02875,-0.06929,0.0055
0.15988,2505.77391,2627.86524,0.0332,2647.72566,-0.0692,0.02585
0.16053,2499.52725,2637.55005,0.0333,2647.68247,-0.06911,0.02585
0.16118,2464.65023,2611.06178,0.0334,2647.72589,-0.06901,0.02585
0.16183,2506.49738,2649.69687,0.0335,2647.68284,-0.06892,0.01906
0.16248,2496.77511,2614.81225,0.0336,2647.46672,-0.06883,0.01906
0.16313,2471.155,2594.54034,0.0337,2647.42386,-0.06874,0.03263
0.16378,2490.71629,2636.4699,0.0338,2647.20792,-0.06864,0.04619
0.16443,2483.37151,2617.78709,0.0339,2647.16524,-0.06855,0.02585
0.16508,2497.30535,2619.34385,0.034,2647.12264,-0.06846,0.01906
0.16573,2484.52043,2628.72018,0.0341,2646.9935,-0.06836,0.0055
0.16638,2510.74829,2656.91697,0.0342,2646.95107,-0.06827,0.0055
0.16702,2493.62673,2607.28173,0.0343,2646.90871,-0.06818,0.02585
0.16767,2488.26227,2627.09964,0.0344,2646.86644,-0.06809,0.01228
0.16832,2474.21142,2629.24356,0.0345,2646.56445,-0.06799,0.02585
0.16897,2484.23518,2612.59832,0.0346,2646.52237,-0.0679,0.02585
0.16962,2511.38585,2647.62944,0.0347,2646.65353,-0.06781,0.01906
0.17027,2491.30671,2605.19769,0.0348,2646.61157,-0.06772,0.02585
0.17092,2493.51636,2620.15497,0.0349,2646.48307,-0.06762,0.01906
0.17157,2493.85056,2607.88271,0.035,2646.44128,-0.06753,0.04619
0.17222,2523.31227,2607.24368,0.0351,2646.48609,-0.06744,0.01906
0.17287,2499.4023,2631.28503,0.0352,2646.44443,-0.06734,0.01228
0.17352,2493.99825,2608.03398,0.0353,2646.57596,-0.06725,0.0055
0.17417,2495.90366,2635.14977,0.0354,2646.70752,-0.06716,0.02585
0.17482,2512.6249,2645.01414,0.0355,2646.66603,-0.06707,0.03263
0.17547,2534.29758,2627.90265,0.0356,2646.71111,-0.06697,0.01228
0.17612,2503.88443,2634.38813,0.0357,2646.66975,-0.06688,0.01906
0.17677,2542.47279,2649.47362,0.0358,2646.88799,-0.06679,0.0055
0.17742,2498.86851,2621.44485,0.0359,2646.84674,-0.06669,0.02585
0.17807,2511.10004,2616.69155,0.036,2647.15158,-0.0666,0.01228
0.17872,2482.84206,2606.84427,0.0361,2647.11042,-0.06651,0.01906
0.17937,2545.08271,2653.56931,0.0362,2646.89635,-0.06642,0.02585
0.18002,2522.16182,2661.29727,0.0363,2646.85536,-0.06632,0.0055
0.18067,2498.35002,2604.98706,0.0364,2647.07396,-0.06623,0.03263
0.18132,2504.85782,2639.5901,0.0365,2647.20612,-0.06614,0.01228
0.18197,2500.01094,2606.31739,0.0366,2647.16529,-0.06604,0.01228
0.18262,2533.17666,2660.43404,0.0367,2647.29754,-0.06595,0.02585
0.18326,2502.51034,2637.58636,0.0368,2647.25682,-0.06586,0.03941
0.18391,2516.03534,2626.44342,0.0369,2647.12968,-0.06577,0.01906
0.18456,2551.79859,2673.60778,0.037,2647.08913,-0.06567,0.03941
0.18521,2539.29827,2626.70144,0.0371,2647.39451,-0.06558,0.03263
0.18586,2494.42161,2625.9224,0.0372,2647.35404,-0.06549,0.02585
0.18651,2511.66887,2619.09391,0.0373,2647.40012,-0.0654,0.02585
0.18716,2517.84327,2634.99918,0.0374,2647.35979,-0.0653,0.03263
0.18781,2559.98841,2652.78465,0.0375,2647.40599,-0.06521,0.0055
0.18846,2518.3364,2584.29271,0.0376,2647.36579,-0.06512,0.03941
0.18911,2537.89517,2621.46381,0.0377,2647.23919,-0.06502,0.01228
0.18976,2528.14296,2658.03418,0.0378,2647.45842,-0.06493,0.02585
0.19041,2514.56412,2618.02286,0.0379,2647.41841,-0.06484,0.02585
0.19106,2554.10114,2662.31934,0.038,2647.55125,-0.06475,0.02585
0.19171,2540.89508,2634.36171,0.0381,2647.51135,-0.06465,0.01906
0.19236,2525.37773,2622.12419,0.0382,2647.73071,-0.06456,0.01228
0.19301,2537.37344,2604.08909,0.0383,2647.6909,-0.06447,0.01906
0.19366,2513.67903,2638.37403,0.0384,2647.82391,-0.06437,-0.01484
0.19431,2525.95966,2648.35282,0.0385,2647.78422,-0.06428,0.02585
0.19496,2509.92737,2615.29155,0.0386,2647.831,-0.06419,0.02585
0.19561,2500.61623,2635.67292,0.0387,2647.79144,-0.0641,0.02585
0.19626,2539.23671,2657.05286,0.0388,2647.57925,-0.064,0.02585
0.19691,2525.33838,2581.07072,0.0389,2647.53986,-0.06391,0.01906
0.19756,2557.13411,2661.27856,0.039,2647.2415,-0.06382,0.0055
0.19821,2530.64429,2655.58997,0.0391,2647.37502,-0.06372,0.0055
0.19886,2536.77655,2615.70959,0.0392,2647.33585,-0.06363,-0.01484
0.1995,2539.22074,2643.09612,0.0393,2647.29676,-0.06354,-0.00128
0.20015,2517.83435,2603.65499,0.0394,2647.25774,-0.06345,0.01906
0.2008,2537.04284,2664.51004,0.0395,2646.87335,-0.06335,0.0055
0.20145,2551.2747,2631.93955,0.0396,2646.83452,-0.06326,0.01228
0.2021,2552.04122,2615.02197,0.0397,2646.62303,-0.06317,0.0055
0.20275,2564.54402,2677.85307,0.0398,2646.58437,-0.06308,0.03263
0.2034,2540.01555,2628.10767,0.0399,2646.20027,-0.06298,0.01228
0.20405,2511.92453,2607.09028,0.04,2646.1618,-0.06289,0.01228
0.2047,2531.62685,2637.15831,0.0401,2645.69147,-0.0628,0.01228
0.20535,2501.71637,2636.76901,0.0402,2645.65322,-0.0627,0.04619
0.206,2541.95105,2629.91492,0.0403,2645.26938,-0.06261,0.02585
0.20665,2550.45162,2610.76012,0.0404,2645.14494,-0.06252,0.01228
0.2073,2525.59705,2590.78576,0.0405,2645.10695,-0.06243,0.0055
0.20795,2563.21952,2624.82169,0.0406,2644.55044,-0.06233,0.02585
0.2086,2536.74621,2650.54887,0.0407,2644.51268,-0.06224,0.02585
0.20925,2551.43824,2593.0419,0.0408,2643.86973,-0.06215,0.01228
0.2099,2559.32999,2646.56103,0.0409,2643.83219,-0.06205,0.03263
0.21055,2537.49167,2648.97704,0.041,2643.53534,-0.06196,0.01906
0.2112,2499.01528,2579.48611,0.0411,2643.49797,-0.06187,0.01228
0.21185,2539.8976,2585.50071,0.0412,2643.11472,-0.06178,0.03263
0.2125,2531.72032,2606.41842,0.0413,2643.07755,-0.06168,0.04619
0.21315,2526.38855,2608.61958,0.0414,2642.26176,-0.06159,0.03263
0.2138,2516.28666,2592.30992,0.0415,2642.22484,-0.0615,0.01906
0.21445,2543.88527,2627.33205,0.0416,2641.75523,-0.0614,0.02585
0.2151,2520.93374,2604.14803,0.0417,2641.11249,-0.06131,0.03941
0.21574,2556.82522,2652.89571,0.0418,2641.07593,-0.06122,0.01906
0.21639,2553.1591,2613.30676,0.0419,2640.25999,-0.06113,0.02585
0.21704,2553.28134,2639.63587,0.042,2640.22367,-0.06103,0.02585
0.21769,2539.41384,2605.97405,0.0421,2639.49434,-0.06094,0.02585
0.21834,2547.22142,2627.3645,0.0422,2639.45826,-0.06085,0.03263
0.21899,2551.28515,2641.21943,0.0423,2638.81555,-0.06076,0.03263
0.21964,2564.90051,2634.57007,0.0424,2638.77969,-0.06066,0.02585
0.22029,2520.52276,2594.39354,0.0425,2638.22375,-0.06057,0.01906
0.22094,2535.89975,2594.96061,0.0426,2638.18809,-0.06048,0.03941
0.22159,2514.81887,2599.81839,0.0427,2637.54544,-0.06038,0.02585
0.22224,2543.84598,2593.31314,0.0428,2637.51,-0.06029,0.01228
0.22289,2522.78109,2597.16363,0.0429,2637.30115,-0.0602,0.01906
0.22354,2557.11211,2643.5735,0.043,2636.83208,-0.06011,0.02585
0.22419,2569.76227,2619.3912,0.0431,2636.79692,-0.06001,-0.00128
0.22484,2532.78779,2568.10136,0.0432,2635.98079,-0.05992,0.02585
0.22549,2540.77389,2628.03163,0.0433,2635.94587,-0.05983,0.01906
0.22614,2581.89954,2630.88715,0.0434,2635.39016,-0.05973,0.03263
0.22679,2552.46902,2661.32815,0.0435,2635.35544,-0.05964,0.02585
0.22744,2560.84412,2613.76019,0.0436,2634.88668,-0.05955,0.04619
0.22809,2552.6226,2600.96109,0.0437,2634.85214,-0.05946,0.0055
0.22874,2540.34089,2597.47133,0.0438,2634.12283,-0.05936,0.03263
0.22939,2540.95778,2621.51846,0.0439,2634.08851,-0.05927,0.0055
0.23004,2563.11219,2644.61939,0.044,2633.44601,-0.05918,0.03941
0.23069,2527.25571,2614.41364,0.0441,2633.41191,-0.05908,0.02585
0.23134,2570.65928,2607.57971,0.0442,2632.68253,-0.05899,0.03263
0.23198,2524.11374,2593.55078,0.0443,2632.03996,-0.0589,0.0055
0.23263,2556.51739,2595.31508,0.0444,2632.00622,-0.05881,0.03941
0.23328,2550.02714,2586.11472,0.0445,2631.45068,-0.05871,0.01228
0.23393,2567.52854,2633.77895,0.0446,2631.41713,-0.05862,0.01906
0.23458,2568.25592,2610.35718,0.0447,2630.86165,-0.05853,0.01228
0.23523,2596.76317,2648.28017,0.0448,2630.82829,-0.05844,0.01906
0.23588,2546.11177,2609.02227,0.0449,2630.44691,-0.05834,0.02585
0.23653,2545.61347,2608.04168,0.045,2630.41372,-0.05825,-0.00128
0.23718,2550.02908,2621.05695,0.0451,2629.68424,-0.05816,0.0055
0.23783,2546.83989,2607.68397,0.0452,2629.65126,-0.05806,0.01906
0.23848,2527.58201,2585.79045,0.0453,2629.00877,-0.05797,0.03263
0.23913,2556.28154,2604.24628,0.0454,2628.97599,-0.05788,0.02585
0.23978,2557.97295,2600.54599,0.0455,2628.3335,-0.05779,0.04619
0.24043,2557.78818,2608.76366,0.0456,2627.60374,-0.05769,0.01906
0.24108,2568.2412,2611.82453,0.0457,2627.57131,-0.0576,0.01906
0.24173,2556.71584,2603.68276,0.0458,2627.27742,-0.05751,0.02585
0.24238,2552.63478,2589.18547,0.0459,2627.24514,-0.05741,0.01906
0.24303,2550.35705,2599.08796,0.046,2627.12579,-0.05732,0.02585
0.24368,2543.82532,2596.38746,0.0461,2627.09363,-0.05723,0.01906
0.24433,2568.54899,2634.52951,0.0462,2626.71275,-0.05714,0.0055
0.24498,2561.50066,2614.95361,0.0463,2626.68074,-0.05704,0.0055
0.24563,2562.57923,2607.63574,0.0464,2626.38719,-0.05695,0.03941
0.24628,2532.34287,2577.02037,0.0465,2626.35533,-0.05686,0.01228
0.24693,2566.60766,2600.73499,0.0466,2625.8003,-0.05676,0.03941
0.24758,2553.16936,2616.0477,0.0467,2625.76862,-0.05667,0.03263
0.24822,2560.04342,2611.51206,0.0468,2625.38811,-0.05658,0.02585
0.24887,2555.03469,2589.48404,0.0469,2624.65859,-0.05649,0.0055
0.24952,2549.31643,2583.47246,0.047,2624.62721,-0.05639,0.03263
0.25017,2546.86581,2565.03852,0.0471,2624.50867,-0.0563,0.04619
0.25082,2558.86628,2600.71629,0.0472,2624.47741,-0.05621,0.03941
0.25147,2557.0225,2586.61758,0.0473,2624.35889,-0.05612,0.01906
0.25212,2544.25899,2592.31136,0.0474,2624.32774,-0.05602,0.04619
0.25277,2531.93847,2556.52775,0.0475,2624.12211,-0.05593,0.01228
0.25342,2550.38728,2586.49251,0.0476,2624.09109,-0.05584,0.04619
0.25407,2554.37999,2595.49778,0.0477,2623.79824,-0.05574,0.03263
0.25472,2555.03791,2599.62068,0.0478,2623.76736,-0.05565,0.01906
0.25537,2531.02936,2594.9613,0.0479,2623.91109,-0.05556,0.02585
0.25602,2556.9224,2615.89387,0.048,2623.88029,-0.05547,0.03263
0.25667,2550.06903,2546.40015,0.0481,2624.19859,-0.05537,0.02585
0.25732,2559.98828,2595.58454,0.0482,2624.08063,-0.05528,0.02585
0.25797,2573.39195,2605.89275,0.0483,2624.04995,-0.05519,0.03263
0.25862,2559.13656,2593.08344,0.0484,2623.8448,-0.05509,0.02585
0.25927,2562.07348,2587.14819,0.0485,2623.81424,-0.055,0.04619
0.25992,2565.51048,2598.96525,0.0486,2624.04553,-0.05491,0.03263
0.26057,2535.45141,2582.19373,0.0487,2624.01504,-0.05482,0.02585
0.26122,2517.76712,2596.63345,0.0488,2623.98459,-0.05472,0.02585
0.26187,2553.98343,2587.05911,0.0489,2623.9542,-0.05463,0.02585
0.26252,2540.46272,2569.48633,0.049,2624.18551,-0.05454,0.05297
0.26317,2547.32841,2572.1852,0.0491,2624.15518,-0.05444,0.02585
0.26382,2550.42971,2607.98014,0.0492,2624.47376,-0.05435,0.02585
0.26446,2570.26763,2584.22397,0.0493,2624.44348,-0.05426,0.04619
0.26511,2580.09232,2627.8996,0.0494,2624.76203,-0.05417,0.02585
0.26576,2546.07342,2588.3176,0.0495,2624.64457,-0.05407,0.0055
0.26641,2571.38445,2621.85975,0.0496,2624.61441,-0.05398,0.03941
0.26706,2549.90424,2618.20641,0.0497,2625.10732,-0.05389,0.01228
0.26771,2564.68517,2609.24798,0.0498,2625.07718,-0.0538,0.03941
0.26836,2610.82367,2621.21535,0.0499,2625.1342,-0.0537,0.01906
0.26901,2517.33494,2605.37863,0.05,2625.10415,-0.05361,0.0055
0.26966,2545.4696,2602.46423,0.0501,2625.16125,-0.05352,0.01228
0.27031,2565.49966,2636.33118,0.0502,2625.13129,-0.05342,0.01906
0.27096,2581.66742,2593.48299,0.0503,2625.36273,-0.05333,-0.00128
0.27161,2575.88857,2615.22683,0.0504,2625.33283,-0.05324,0.03941
0.27226,2561.04644,2609.08355,0.0505,2625.65143,-0.05315,0.03263
0.27291,2579.51232,2631.94277,0.0506,2625.62158,-0.05305,0.03941
0.27356,2558.27756,2604.3396,0.0507,2625.94015,-0.05296,0.01906
0.27421,2551.95176,2615.50256,0.0508,2626.25865,-0.05287,0.03263
0.27486,2551.84973,2612.61769,0.0509,2626.22885,-0.05277,0.03263
0.27551,2596.84153,2611.71166,0.051,2626.72139,-0.05268,0.0055
0.27616,2532.7183,2598.12446,0.0511,2626.69162,-0.05259,0.02585
0.27681,2533.51311,2579.93353,0.0512,2627.358,-0.0525,0.03941
0.27746,2571.70319,2610.19536,0.0513,2627.32823,-0.0524,0.03941
0.27811,2580.75051,2602.70804,0.0514,2627.82039,-0.05231,0.05297
0.27876,2568.21278,2609.61225,0.0515,2627.79065,-0.05222,0.03941
0.27941,2574.69031,2626.19849,0.0516,2628.10877,-0.05212,0.03263
0.28006,2583.14877,2634.29128,0.0517,2628.07908,-0.05203,0.06654
0.2807,2556.25203,2635.22886,0.0518,2628.48413,-0.05194,0.05297
0.28135,2573.89599,2622.58557,0.0519,2628.45448,-0.05185,0.06654
0.282,2557.87543,2595.34317,0.052,2628.94638,-0.05175,0.08688
0.28265,2580.08784,2619.11569,0.0521,2629.35117,-0.05166,0.08688
0.2833,2570.10444,2635.63578,0.0522,2629.32154,-0.05157,0.0801
0.28395,2556.39878,2635.7046,0.0523,2630.07357,-0.05148,0.09366
0.2846,2566.3107,2629.33755,0.0524,2630.04393,-0.05138,0.09366
0.28525,2546.20505,2598.44256,0.0525,2630.53516,-0.05129,0.10723
0.2859,2555.34,2609.9889,0.0526,2630.50554,-0.0512,0.12079
0.28655,2578.72717,2607.61496,0.0527,2631.25693,-0.0511,0.12757
0.2872,2598.69217,2612.566,0.0528,2631.2273,-0.05101,0.13435
0.28785,2573.15288,2610.98746,0.0529,2631.54467,-0.05092,0.1547
0.2885,2576.17054,2616.11451,0.053,2631.5151,-0.05083,0.1547
0.28915,2574.18639,2567.11661,0.0531,2631.74577,-0.05073,0.17504
0.2898,2535.28503,2568.64583,0.0532,2631.71626,-0.05064,0.18182
0.29045,2561.30482,2608.38059,0.0533,2632.46702,-0.05055,0.18861
0.2911,2582.65599,2561.73514,0.0534,2632.95741,-0.05045,0.19539
0.29175,2546.4423,2612.49583,0.0535,2632.92787,-0.05036,0.20895
0.2924,2570.51923,2590.6125,0.0536,2633.33155,-0.05027,0.20895
0.29305,2576.25429,2642.67438,0.0537,2633.30205,-0.05018,0.21573
0.2937,2576.54521,2588.06359,0.0538,2633.53236,-0.05008,0.23608
0.29435,2546.30059,2589.85895,0.0539,2633.50292,-0.04999,0.25642
0.295,2585.46622,2613.0632,0.054,2633.90649,-0.0499,0.24286
0.29565,2566.24464,2613.53357,0.0541,2633.87709,-0.0498,0.24964
0.2963,2581.63276,2601.56858,0.0542,2634.19398,-0.04971,0.24964
0.29694,2578.21937,2578.11728,0.0543,2634.16464,-0.04962,0.25642
0.29759,2565.69872,2576.4076,0.0544,2634.22193,-0.04953,0.2632
0.29824,2590.1843,2610.95496,0.0545,2634.19267,-0.04943,0.27677
0.29889,2576.73557,2594.21922,0.0546,2634.76917,-0.04934,0.27677
0.29954,2571.7721,2621.97421,0.0547,2635.25889,-0.04925,0.30389
0.30019,2596.25513,2593.11869,0.0548,2635.22962,-0.04916,0.26999
0.30084,2567.57545,2597.51377,0.0549,2635.2004,-0.04906,0.27677
0.30149,2561.42253,2596.2889,0.055,2635.17123,-0.04897,0.28355
0.30214,2569.08699,2594.45003,0.0551,2635.14211,-0.04888,0.27677
0.30279,2565.63088,2612.11048,0.0552,2635.11304,-0.04878,0.30389
0.30344,2601.00115,2577.76974,0.0553,2635.08401,-0.04869,0.29033
0.30409,2576.57146,2585.22167,0.0554,2635.05504,-0.0486,0.30389
0.30474,2617.89318,2627.792,0.0555,2635.19904,-0.04851,0.30389
0.30539,2577.03044,2626.81208,0.0556,2635.17014,-0.04841,0.31746
0.30604,2593.75996,2630.89913,0.0557,2635.57348,-0.04832,0.30389
0.30669,2587.14259,2612.88629,0.0558,2635.54461,-0.04823,0.29033
0.30734,2580.24282,2613.48266,0.0559,2635.94795,-0.04813,0.30389
0.30799,2567.82694,2601.17974,0.056,2636.35107,-0.04804,0.31068
0.30864,2626.59863,2639.79307,0.0561,2636.32223,-0.04795,0.30389
0.30929,2611.62037,2619.9719,0.0562,2636.55253,-0.04786,0.3378
0.30994,2529.56222,2585.82928,0.0563,2636.52376,-0.04776,0.34458
0.31059,2585.0826,2611.90213,0.0564,2636.49503,-0.04767,0.35137
0.31124,2581.46304,2622.14999,0.0565,2636.46635,-0.04758,0.35815
0.31189,2592.5202,2619.39014,0.0566,2636.52413,-0.04748,0.35137
0.31254,2582.2137,2611.38858,0.0567,2636.49553,-0.04739,0.32424
0.31318,2574.52743,2605.44976,0.0568,2636.63969,-0.0473,0.35137
0.31383,2578.42279,2602.52355,0.0569,2636.61117,-0.04721,0.35137
0.31448,2584.90397,2624.08907,0.057,2636.5827,-0.04711,0.35137
0.31513,2572.42562,2635.96921,0.0571,2636.55427,-0.04702,0.36493
0.31578,2598.19149,2591.07935,0.0572,2636.09407,-0.04693,0.35137
0.31643,2592.33215,2586.64358,0.0573,2636.23851,-0.04684,0.35137
0.31708,2592.83597,2625.8803,0.0574,2636.21026,-0.04674,0.35137
0.31773,2581.79392,2614.32155,0.0575,2636.70019,-0.04665,0.3378
0.31838,2570.73702,2612.48748,0.0576,2636.67196,-0.04656,0.34458
0.31903,2547.91401,2585.56718,0.0577,2636.90278,-0.04646,0.3378
0.31968,2590.39144,2601.55767,0.0578,2636.87461,-0.04637,0.32424
0.32033,2582.83016,2599.17898,0.0579,2637.19169,-0.04628,0.31068
0.32098,2583.93377,2641.01994,0.058,2637.16357,-0.04619,0.3378
0.32163,2595.38232,2612.26428,0.0581,2637.22183,-0.04609,0.33102
0.32228,2588.70432,2602.75644,0.0582,2637.1938,-0.046,0.31746
0.32293,2532.29145,2580.73022,0.0583,2637.16581,-0.04591,0.32424
0.32358,2593.97224,2666.20112,0.0584,2636.96529,-0.04581,0.33102
0.32423,2573.84401,2593.47231,0.0585,2636.93742,-0.04572,0.32424
0.32488,2578.96542,2587.68013,0.0586,2636.82335,-0.04563,0.32424
0.32553,2618.26313,2623.12899,0.0587,2636.79558,-0.04554,0.32424
0.32618,2585.49643,2594.15448,0.0588,2636.59527,-0.04544,0.33102
0.32683,2567.3176,2580.90914,0.0589,2636.56762,-0.04535,0.31068
0.32748,2602.88367,2598.46262,0.059,2636.71259,-0.04526,0.32424
0.32813,2605.36204,2604.97028,0.0591,2636.685,-0.04516,0.3378
0.32878,2584.81202,2598.91134,0.0592,2636.83002,-0.04507,0.33102
0.32942,2594.06711,2654.22764,0.0593,2636.80251,-0.04498,0.36493
0.33007,2571.94197,2591.31912,0.0594,2636.77504,-0.04489,0.34458
0.33072,2603.8961,2625.38941,0.0595,2636.74761,-0.04479,0.35137
0.33137,2626.92741,2636.64549,0.0596,2636.54768,-0.0447,0.35815
0.33202,2568.71272,2592.31808,0.0597,2636.43414,-0.04461,0.31746
0.33267,2583.72925,2602.61473,0.0598,2636.40688,-0.04452,0.3378
0.33332,2587.91048,2605.47674,0.0599,2636.55222,-0.04442,0.31068
0.33397,2559.46985,2585.35907,0.06,2636.52504,-0.04433,0.34458
0.33462,2606.30256,2637.58785,0.0601,2636.49789,-0.04424,0.3378
0.33527,2625.19222,2639.30254,0.0602,2636.4708,-0.04414,0.32424
0.33592,2585.2355,2632.83137,0.0603,2636.44375,-0.04405,0.33102
0.33657,2594.23288,2618.77331,0.0604,2636.41674,-0.04396,0.32424
0.33722,2591.11694,2617.5034,0.0605,2636.47608,-0.04387,0.32424
0.33787,2590.58709,2639.23429,0.0606,2636.44915,-0.04377,0.35137
0.33852,2603.94464,2626.25221,0.0607,2636.59477,-0.04368,0.3378
0.33917,2548.19685,2595.68394,0.0608,2636.56791,-0.04359,0.33102
0.33982,2577.2918,2606.39567,0.0609,2636.62729,-0.04349,0.34458
0.34047,2578.19865,2605.44012,0.061,2636.42793,-0.0434,0.33102
0.34112,2575.8217,2622.56418,0.0611,2636.40122,-0.04331,0.32424
0.34177,2595.23083,2626.08281,0.0612,2636.37454,-0.04322,0.32424
0.34242,2569.85349,2589.76234,0.0613,2636.34791,-0.04312,0.33102
0.34307,2564.08842,2608.5623,0.0614,2636.23504,-0.04303,0.34458
0.34372,2598.74615,2624.85386,0.0615,2636.20851,-0.04294,0.32424
0.34437,2591.51449,2611.80079,0.0616,2636.09573,-0.04284,0.31068
0.34502,2571.3998,2582.59489,0.0617,2636.0693,-0.04275,0.30389
0.34566,2556.17773,2568.34818,0.0618,2635.78411,-0.04266,0.29033
0.34631,2587.66465,2615.33735,0.0619,2635.7578,-0.04257,0.31068
0.34696,2573.0983,2597.47833,0.062,2635.81774,-0.04247,0.30389
0.34761,2549.96786,2544.34171,0.0621,2635.79151,-0.04238,0.30389
0.34826,2610.76601,2634.30142,0.0622,2635.85152,-0.04229,0.31068
0.34891,2582.64768,2632.74356,0.0623,2635.73907,-0.0422,0.30389
0.34956,2604.54604,2632.00855,0.0624,2635.71296,-0.0421,0.32424
0.35021,2589.48628,2613.47598,0.0625,2635.6869,-0.04201,0.30389
0.35086,2554.84974,2584.15289,0.0626,2635.66088,-0.04192,0.34458
0.35151,2577.83986,2614.62626,0.0627,2635.6349,-0.04182,0.3378
0.35216,2618.04644,2622.01443,0.0628,2635.60897,-0.04173,0.34458
0.35281,2598.62891,2604.3947,0.0629,2635.41058,-0.04164,0.34458
0.35346,2589.03829,2616.97647,0.063,2635.38476,-0.04155,0.34458
0.35411,2615.88859,2604.07481,0.0631,2635.01394,-0.04145,0.3378
0.35476,2578.99106,2615.20396,0.0632,2634.98824,-0.04136,0.3378
0.35541,2573.17978,2587.43733,0.0633,2634.87627,-0.04127,0.33102
0.35606,2559.77097,2608.53532,0.0634,2634.85067,-0.04117,0.3378
0.35671,2580.10122,2637.03041,0.0635,2635.34263,-0.04108,0.33102
0.35736,2590.76163,2616.58561,0.0636,2635.31705,-0.04099,0.33102
0.35801,2607.70241,2642.35025,0.0637,2635.29151,-0.0409,0.33102
0.35866,2606.23527,2602.74111,0.0638,2635.26601,-0.0408,0.31068
0.35931,2593.69661,2608.26827,0.0639,2635.24055,-0.04071,0.32424
0.35996,2595.41175,2632.31145,0.064,2635.38759,-0.04062,0.33102
0.36061,2584.99859,2598.88916,0.0641,2635.3622,-0.04052,0.30389
0.36126,2579.9256,2617.19746,0.0642,2635.59545,-0.04043,0.31746
0.3619,2553.47036,2606.14991,0.0643,2635.5701,-0.04034,0.3378
0.36255,2588.80293,2609.11382,0.0644,2635.71721,-0.04025,0.33102
0.3632,2573.6323,2622.50903,0.0645,2635.69192,-0.04015,0.31746
0.36385,2599.25919,2622.49953,0.0646,2635.66668,-0.04006,0.31068
0.3645,2612.00795,2612.3757,0.0647,2635.64148,-0.03997,0.31068
0.36515,2582.62022,2605.52936,0.0648,2635.61632,-0.03988,0.31068
0.3658,2577.9936,2574.45461,0.0649,2635.33256,-0.03978,0.29033
0.36645,2601.99422,2610.42549,0.065,2635.30752,-0.03969,0.29711
0.3671,2587.40389,2610.78262,0.0651,2635.02392,-0.0396,0.32424
0.36775,2622.10198,2631.58964,0.0652,2634.99899,-0.0395,0.29711
0.3684,2623.27274,2639.63489,0.0653,2634.88793,-0.03941,0.29711
0.36905,2589.73659,2623.26684,0.0654,2634.86309,-0.03932,0.29033
0.3697,2591.57737,2626.84214,0.0655,2634.75212,-0.03923,0.29711
0.37035,2587.46276,2593.88994,0.0656,2634.72737,-0.03913,0.31068
0.371,2593.56492,2617.09223,0.0657,2634.44394,-0.03904,0.29711
0.37165,2578.72767,2596.10957,0.0658,2634.41931,-0.03895,0.31746
0.3723,2579.93806,2593.98676,0.0659,2634.56717,-0.03885,0.29033
0.37295,2598.29752,2620.83598,0.066,2634.54259,-0.03876,0.31746
0.3736,2578.95792,2602.82597,0.0661,2634.51806,-0.03867,0.31746
0.37425,2624.43646,2610.59752,0.0662,2634.66599,-0.03858,0.31068
0.3749,2606.69326,2615.87442,0.0663,2634.64152,-0.03848,0.31746
0.37555,2603.85035,2597.17885,0.0664,2634.27222,-0.03839,0.32424
0.3762,2554.6207,2596.32209,0.0665,2634.24786,-0.0383,0.32424
0.37685,2567.73369,2593.09143,0.0666,2633.61983,-0.0382,0.31746
0.3775,2597.31972,2618.87318,0.0667,2633.59563,-0.03811,0.3378
0.37814,2594.07624,2614.08331,0.0668,2632.96754,-0.03802,0.3378
0.37879,2606.47436,2618.1645,0.0669,2632.9435,-0.03793,0.30389
0.37944,2589.67996,2596.22086,0.067,2632.40171,-0.03783,0.30389
0.38009,2584.21142,2634.14878,0.0671,2632.37781,-0.03774,0.30389
0.38074,2572.4209,2599.75165,0.0672,2632.26758,-0.03765,0.30389
0.38139,2563.1946,2606.49246,0.0673,2632.24376,-0.03756,0.31068
0.38204,2577.29352,2601.38139,0.0674,2632.30624,-0.03746,0.29033
0.38269,2592.8383,2602.4715,0.0675,2632.19623,-0.03737,0.31068
0.38334,2577.12046,2586.93861,0.0676,2632.17252,-0.03728,0.30389
0.38399,2593.89158,2610.67556,0.0677,2632.14886,-0.03718,0.30389
0.38464,2557.28571,2577.09209,0.0678,2632.12523,-0.03709,0.30389
0.38529,2627.08502,2655.50695,0.0679,2631.67002,-0.037,0.29033
0.38594,2616.20978,2642.04824,0.068,2631.64652,-0.03691,0.30389
0.38659,2615.88138,2632.07005,0.0681,2631.62305,-0.03681,0.31746
0.38724,2621.48512,2642.3393,0.0682,2631.59963,-0.03672,0.30389
0.38789,2592.71705,2629.70492,0.0683,2631.40359,-0.03663,0.31746
0.38854,2602.99322,2606.83743,0.0684,2631.38026,-0.03653,0.30389
0.38919,2558.32302,2587.63081,0.0685,2631.1843,-0.03644,0.31746
0.38984,2588.88601,2615.46811,0.0686,2631.16107,-0.03635,0.30389
0.39049,2598.35659,2620.6317,0.0687,2630.96519,-0.03626,0.33102
0.39114,2583.26125,2615.69294,0.0688,2630.76936,-0.03616,0.32424
0.39179,2584.09657,2631.42182,0.0689,2630.74628,-0.03607,0.31068
0.39244,2575.12809,2626.44698,0.069,2630.3778,-0.03598,0.31746
0.39309,2580.19974,2602.08831,0.0691,2630.35483,-0.03588,0.30389
0.39374,2606.86182,2635.38476,0.0692,2630.07283,-0.03579,0.29033
0.39438,2577.66935,2622.97765,0.0693,2630.04997,-0.0357,0.32424
0.39503,2603.06468,2620.89897,0.0694,2629.59515,-0.03561,0.31068
0.39568,2604.83436,2592.29014,0.0695,2629.57241,-0.03551,0.30389
0.39633,2585.22136,2591.20218,0.0696,2629.11762,-0.03542,0.33102
0.39698,2572.99081,2589.29825,0.0697,2629.09501,-0.03533,0.27677
0.39763,2573.31054,2610.14873,0.0698,2628.46743,-0.03524,0.31068
0.39828,2584.88781,2591.68391,0.0699,2628.44496,-0.03514,0.31068
0.39893,2558.93721,2589.36902,0.07,2627.90375,-0.03505,0.30389
0.39958,2605.34953,2622.34575,0.0701,2627.36248,-0.03496,0.30389
0.40023,2567.90992,2605.02918,0.0702,2627.34024,-0.03486,0.32424
,,,0.0703,2626.71237,-0.03477,0.33102
,,,0.0704,2626.69027,-0.03468,0.32424
,,,0.0705,2625.97582,-0.03459,0.33102
,,,0.0706,2625.95386,-0.03449,0.33102
,,,0.0707,2625.49911,-0.0344,0.31746
,,,0.0708,2625.47728,-0.03431,0.31746
,,,0.0709,2624.67599,-0.03421,0.32424
,,,0.071,2624.65431,-0.03412,0.32424
,,,0.0711,2624.28613,-0.03403,0.33102
,,,0.0712,2624.26456,-0.03394,0.32424
,,,0.0713,2623.3764,-0.03384,0.3378
,,,0.0714,2623.00823,-0.03375,0.33102
,,,0.0715,2622.98689,-0.03366,0.33102
,,,0.0716,2622.70551,-0.03356,0.33102
,,,0.0717,2622.68427,-0.03347,0.32424
,,,0.0718,2622.40287,-0.03338,0.34458
,,,0.0719,2622.38172,-0.03329,0.31746
,,,0.072,2621.84019,-0.03319,0.34458
,,,0.0721,2621.81917,-0.0331,0.31068
,,,0.0722,2621.45115,-0.03301,0.33102
,,,0.0723,2621.43024,-0.03292,0.31746
,,,0.0724,2620.97551,-0.03282,0.32424
,,,0.0725,2620.95471,-0.03273,0.31746
,,,0.0726,2620.49991,-0.03264,0.33102
,,,0.0727,2620.04508,-0.03254,0.32424
,,,0.0728,2620.02447,-0.03245,0.33102
,,,0.0729,2620.00389,-0.03236,0.32424
,,,0.073,2619.98334,-0.03227,0.33102
,,,0.0731,2619.96282,-0.03217,0.30389
,,,0.0732,2619.94234,-0.03208,0.30389
,,,0.0733,2620.18238,-0.03199,0.3378
,,,0.0734,2620.16194,-0.03189,0.31746
,,,0.0735,2620.22837,-0.0318,0.32424
,,,0.0736,2620.20797,-0.03171,0.3378
,,,0.0737,2620.53488,-0.03162,0.33102
,,,0.0738,2620.51451,-0.03152,0.30389
,,,0.0739,2620.84135,-0.03143,0.32424
,,,0.074,2620.99453,-0.03134,0.31746
,,,0.0741,2620.9742,-0.03124,0.32424
,,,0.0742,2621.30087,-0.03115,0.34458
,,,0.0743,2621.28056,-0.03106,0.32424
,,,0.0744,2621.17351,-0.03097,0.31746
,,,0.0745,2621.15328,-0.03087,0.33102
,,,0.0746,2621.30654,-0.03078,0.31746
,,,0.0747,2621.28635,-0.03069,0.32424
,,,0.0748,2621.61305,-0.0306,0.3378
,,,0.0749,2621.59288,-0.0305,0.31746
,,,0.075,2621.48609,-0.03041,0.33102
,,,0.0751,2621.46599,-0.03032,0.33102
,,,0.0752,2621.61934,-0.03022,0.31068
,,,0.0753,2621.68603,-0.03013,0.31068
,,,0.0754,2621.666,-0.03004,0.31068
,,,0.0755,2621.646,-0.02995,0.29711
,,,0.0756,2621.62604,-0.02985,0.31746
,,,0.0757,2621.6061,-0.02976,0.31746
,,,0.0758,2621.5862,-0.02967,0.31068
,,,0.0759,2621.73969,-0.02957,0.30389
,,,0.076,2621.71983,-0.02948,0.33102
,,,0.0761,2622.21998,-0.02939,0.29033
,,,0.0762,2622.20013,-0.0293,0.31746
,,,0.0763,2622.35359,-0.0292,0.31746
,,,0.0764,2622.33378,-0.02911,0.31068
,,,0.0765,2622.48735,-0.02902,0.3378
,,,0.0766,2623.0739,-0.02892,0.32424
,,,0.0767,2623.0541,-0.02883,0.31746
,,,0.0768,2623.90004,-0.02874,0.31068
,,,0.0769,2623.8802,-0.02865,0.31746
,,,0.077,2624.81218,-0.02855,0.32424
,,,0.0771,2624.7923,-0.02846,0.32424
,,,0.0772,2625.03197,-0.02837,0.32424
,,,0.0773,2625.01213,-0.02828,0.32424
,,,0.0774,2625.5112,-0.02818,0.32424
,,,0.0775,2625.49136,-0.02809,0.29711
,,,0.0776,2625.9038,-0.028,0.31746
,,,0.0777,2625.88398,-0.0279,0.32424
,,,0.0778,2626.46911,-0.02781,0.3378
,,,0.0779,2627.05398,-0.02772,0.30389
,,,0.078,2627.03412,-0.02763,0.32424
,,,0.0781,2627.3597,-0.02753,0.33102
,,,0.0782,2627.33987,-0.02744,0.3378
,,,0.0783,2627.49274,-0.02735,0.32424
,,,0.0784,2627.47295,-0.02725,0.32424
,,,0.0785,2627.79848,-0.02716,0.33102
,,,0.0786,2627.77872,-0.02707,0.33102
,,,0.0787,2628.27686,-0.02698,0.30389
,,,0.0788,2628.2571,-0.02688,0.31746
,,,0.0789,2628.66868,-0.02679,0.31068
,,,0.079,2628.64894,-0.0267,0.31746
,,,0.0791,2629.40541,-0.0266,0.29711
,,,0.0792,2629.90286,-0.02651,0.33102
,,,0.0793,2629.88307,-0.02642,0.33102
,,,0.0794,2630.46657,-0.02633,0.32424
,,,0.0795,2630.44678,-0.02623,0.31068
,,,0.0796,2631.11611,-0.02614,0.31068
,,,0.0797,2631.09631,-0.02605,0.30389
,,,0.0798,2631.42097,-0.02596,0.30389
,,,0.0799,2631.40119,-0.02586,0.30389
,,,0.08,2631.81192,-0.02577,0.31068
,,,0.0801,2631.79216,-0.02568,0.30389
,,,0.0802,2632.11669,-0.02558,0.30389
,,,0.0803,2632.09695,-0.02549,0.3378
,,,0.0804,2632.93757,-0.0254,0.31746
,,,0.0805,2633.00385,-0.02531,0.31746
,,,0.0806,2632.98411,-0.02521,0.31746
,,,0.0807,2633.22234,-0.02512,0.30389
,,,0.0808,2633.20263,-0.02503,0.30389
,,,0.0809,2633.52686,-0.02493,0.33102
,,,0.081,2633.50718,-0.02484,0.29033
,,,0.0811,2634.17513,-0.02475,0.30389
,,,0.0812,2634.15543,-0.02466,0.30389
,,,0.0813,2634.56532,-0.02456,0.30389
,,,0.0814,2634.54564,-0.02447,0.31068
,,,0.0815,2634.86959,-0.02438,0.30389
,,,0.0816,2634.84993,-0.02428,0.31068
,,,0.0817,2634.83031,-0.02419,0.28355
,,,0.0818,2634.89665,-0.0241,0.29711
,,,0.0819,2634.87709,-0.02401,0.30389
,,,0.082,2634.51399,-0.02391,0.30389
,,,0.0821,2634.49453,-0.02382,0.29711
,,,0.0822,2633.95964,-0.02373,0.30389
,,,0.0823,2633.94029,-0.02364,0.30389
,,,0.0824,2633.40536,-0.02354,0.31068
,,,0.0825,2633.38613,-0.02345,0.29711
,,,0.0826,2633.02311,-0.02336,0.32424
,,,0.0827,2633.00398,-0.02326,0.30389
,,,0.0828,2632.21099,-0.02317,0.31068
,,,0.0829,2631.50376,-0.02308,0.31068
,,,0.083,2631.48488,-0.02299,0.30389
,,,0.0831,2631.38003,-0.02289,0.29033
,,,0.0832,2631.36121,-0.0228,0.29711
,,,0.0833,2630.99823,-0.02271,0.30389
,,,0.0834,2630.97951,-0.02261,0.30389
,,,0.0835,2630.70268,-0.02252,0.29033
,,,0.0836,2630.68405,-0.02243,0.31068
,,,0.0837,2630.23501,-0.02234,0.31746
,,,0.0838,2630.21648,-0.02224,0.29033
,,,0.0839,2629.76753,-0.02215,0.31068
,,,0.084,2629.7491,-0.02206,0.32424
,,,0.0841,2629.47232,-0.02196,0.30389
,,,0.0842,2628.93718,-0.02187,0.31068
,,,0.0843,2628.91892,-0.02178,0.30389
,,,0.0844,2628.55607,-0.02169,0.28355
,,,0.0845,2628.5379,-0.02159,0.32424
,,,0.0846,2628.43356,-0.0215,0.32424
,,,0.0847,2628.41545,-0.02141,0.32424
,,,0.0848,2628.13882,-0.02132,0.32424
,,,0.0849,2628.12081,-0.02122,0.30389
,,,0.085,2627.93046,-0.02113,0.31746
,,,0.0851,2627.91251,-0.02104,0.31068
,,,0.0852,2627.29116,-0.02094,0.31746
,,,0.0853,2627.27333,-0.02085,0.29033
,,,0.0854,2626.82446,-0.02076,0.31746
,,,0.0855,2626.28915,-0.02067,0.31068
,,,0.0856,2626.2715,-0.02057,0.30389
,,,0.0857,2625.21835,-0.02048,0.31746
,,,0.0858,2625.20086,-0.02039,0.31746
,,,0.0859,2623.97458,-0.02029,0.33102
,,,0.086,2623.95727,-0.0202,0.30389
,,,0.0861,2623.16239,-0.02011,0.30389
,,,0.0862,2623.14521,-0.02002,0.31746
,,,0.0863,2622.78237,-0.01992,0.31068
,,,0.0864,2622.76528,-0.01983,0.30389
,,,0.0865,2621.97011,-0.01974,0.34458
,,,0.0866,2621.95315,-0.01964,0.31068
,,,0.0867,2621.33077,-0.01955,0.31068
,,,0.0868,2620.53519,-0.01946,0.31746
,,,0.0869,2620.51845,-0.01937,0.28355
,,,0.087,2619.89579,-0.01927,0.31746
,,,0.0871,2619.87916,-0.01918,0.30389
,,,0.0872,2619.60286,-0.01909,0.31746
,,,0.0873,2619.5863,-0.019,0.30389
,,,0.0874,2619.3966,-0.0189,0.31068
,,,0.0875,2619.3801,-0.01881,0.31746
,,,0.0876,2619.01724,-0.01872,0.31746
,,,0.0877,2619.00083,-0.01862,0.31746
,,,0.0878,2618.46464,-0.01853,0.29711
,,,0.0879,2618.44833,-0.01844,0.29711
,,,0.088,2617.91217,-0.01835,0.31746
,,,0.0881,2617.11581,-0.01825,0.29711
,,,0.0882,2617.0997,-0.01816,0.31068
,,,0.0883,2616.56334,-0.01807,0.30389
,,,0.0884,2616.54733,-0.01797,0.30389
,,,0.0885,2615.92412,-0.01788,0.32424
,,,0.0886,2615.90821,-0.01779,0.31068
,,,0.0887,2615.37172,-0.0177,0.30389
,,,0.0888,2615.35591,-0.0176,0.31746
,,,0.0889,2614.99297,-0.01751,0.31068
,,,0.089,2614.97725,-0.01742,0.30389
,,,0.0891,2614.78794,-0.01732,0.27677
,,,0.0892,2614.77228,-0.01723,0.30389
,,,0.0893,2614.3226,-0.01714,0.30389
,,,0.0894,2613.95967,-0.01705,0.28355
,,,0.0895,2613.94415,-0.01695,0.30389
,,,0.0896,2613.66806,-0.01686,0.28355
,,,0.0897,2613.65261,-0.01677,0.29033
,,,0.0898,2613.28972,-0.01668,0.31068
,,,0.0899,2613.27435,-0.01658,0.28355
,,,0.09,2612.91147,-0.01649,0.30389
,,,0.0901,2612.89618,-0.0164,0.31068
,,,0.0902,2612.62026,-0.0163,0.30389
,,,0.0903,2612.60504,-0.01621,0.30389
,,,0.0904,2612.50298,-0.01612,0.30389
,,,0.0905,2612.48782,-0.01603,0.28355
,,,0.0906,2612.12501,-0.01593,0.30389
,,,0.0907,2612.45758,-0.01584,0.30389
,,,0.0908,2612.44248,-0.01575,0.32424
,,,0.0909,2612.4274,-0.01565,0.29711
,,,0.091,2612.41234,-0.01556,0.30389
,,,0.0911,2612.83182,-0.01547,0.29033
,,,0.0912,2612.81676,-0.01538,0.30389
,,,0.0913,2613.14922,-0.01528,0.29033
,,,0.0914,2613.13418,-0.01519,0.29033
,,,0.0915,2613.11916,-0.0151,0.29711
,,,0.0916,2613.10417,-0.015,0.29711
,,,0.0917,2613.17601,-0.01491,0.28355
,,,0.0918,2613.16105,-0.01482,0.29711
,,,0.0919,2613.14612,-0.01473,0.29033
,,,0.092,2613.47857,-0.01463,0.29033
,,,0.0921,2613.46365,-0.01454,0.28355
,,,0.0922,2613.44875,-0.01445,0.30389
,,,0.0923,2613.43387,-0.01436,0.32424
,,,0.0924,2613.59267,-0.01426,0.30389
,,,0.0925,2613.57782,-0.01417,0.29711
,,,0.0926,2613.91024,-0.01408,0.29711
,,,0.0927,2613.8954,-0.01398,0.31068
,,,0.0928,2613.96743,-0.01389,0.31746
,,,0.0929,2613.95263,-0.0138,0.30389
,,,0.093,2614.28499,-0.01371,0.29711
,,,0.0931,2614.2702,-0.01361,0.29033
,,,0.0932,2614.34225,-0.01352,0.29033
,,,0.0933,2614.67455,-0.01343,0.29711
,,,0.0934,2614.65978,-0.01333,0.27677
,,,0.0935,2614.81853,-0.01324,0.33102
,,,0.0936,2614.8038,-0.01315,0.30389
,,,0.0937,2615.13601,-0.01306,0.30389
,,,0.0938,2615.12129,-0.01296,0.30389
,,,0.0939,2615.71357,-0.01287,0.29033
,,,0.094,2615.69883,-0.01278,0.29711
,,,0.0941,2616.03083,-0.01268,0.30389
,,,0.0942,2616.01611,-0.01259,0.30389
,,,0.0943,2616.78128,-0.0125,0.31068
,,,0.0944,2616.76653,-0.01241,0.29711
,,,0.0945,2617.09827,-0.01231,0.30389
,,,0.0946,2617.34338,-0.01222,0.29033
,,,0.0947,2617.32864,-0.01213,0.30389
,,,0.0948,2618.00651,-0.01204,0.30389
,,,0.0949,2617.99175,-0.01194,0.30389
,,,0.095,2618.58274,-0.01185,0.31746
,,,0.0951,2618.56797,-0.01176,0.30389
,,,0.0952,2618.89927,-0.01166,0.29033
,,,0.0953,2618.88452,-0.01157,0.29711
,,,0.0954,2618.78323,-0.01148,0.30389
,,,0.0955,2618.76853,-0.01139,0.28355
,,,0.0956,2619.27279,-0.01129,0.31068
,,,0.0957,2619.25809,-0.0112,0.28355
,,,0.0958,2619.76218,-0.01111,0.29033
,,,0.0959,2620.17961,-0.01101,0.30389
,,,0.096,2620.16488,-0.01092,0.29711
,,,0.0961,2620.49584,-0.01083,0.29711
,,,0.0962,2620.48112,-0.01074,0.27677
,,,0.0963,2620.89844,-0.01064,0.30389
,,,0.0964,2620.88373,-0.01055,0.29711
,,,0.0965,2621.47365,-0.01046,0.28355
,,,0.0966,2621.45892,-0.01036,0.29033
,,,0.0967,2622.0486,-0.01027,0.29033
,,,0.0968,2622.03387,-0.01018,0.29711
,,,0.0969,2622.70962,-0.01009,0.29033
,,,0.097,2622.69487,-0.00999,0.27677
,,,0.0971,2623.71525,-0.0099,0.29711
,,,0.0972,2624.47632,-0.00981,0.30389
,,,0.0973,2624.46147,-0.00972,0.30389
,,,0.0974,2625.22213,-0.00962,0.31068
,,,0.0975,2625.20725,-0.00953,0.29711
,,,0.0976,2625.96752,-0.00944,0.31746
,,,0.0977,2625.95262,-0.00934,0.27677
,,,0.0978,2626.71248,-0.00925,0.27677
,,,0.0979,2626.69755,-0.00916,0.30389
,,,0.098,2627.11282,-0.00907,0.27677
,,,0.0981,2627.0979,-0.00897,0.29711
,,,0.0982,2627.85716,-0.00888,0.29033
,,,0.0983,2627.8422,-0.00879,0.29033
,,,0.0984,2628.68697,-0.00869,0.29033
,,,0.0985,2629.3595,-0.0086,0.30389
,,,0.0986,2629.34447,-0.00851,0.31068
,,,0.0987,2630.44595,-0.00842,0.29711
,,,0.0988,2630.43086,-0.00832,0.29711
,,,0.0989,2631.27417,-0.00823,0.29033
,,,0.099,2631.25905,-0.00814,0.27677
,,,0.0991,2632.01605,-0.00804,0.29033
,,,0.0992,2632.0009,-0.00795,0.30389
,,,0.0993,2632.41459,-0.00786,0.29033
,,,0.0994,2632.39944,-0.00777,0.31068
,,,0.0995,2633.0701,-0.00767,0.30389
,,,0.0996,2633.05494,-0.00758,0.31068
,,,0.0997,2633.72529,-0.00749,0.30389
,,,0.0998,2634.05284,-0.0074,0.29033
,,,0.0999,2634.03765,-0.0073,0.29033
,,,0.1,2634.70753,-0.00721,0.29711
,,,0.1001,2634.69233,-0.00712,0.29711
,,,0.1002,2634.84836,-0.00702,0.29033
,,,0.1003,2634.83319,-0.00693,0.29711
,,,0.1004,2635.07487,-0.00684,0.29033
,,,0.1005,2635.05972,-0.00675,0.29711
,,,0.1006,2635.64364,-0.00665,0.29711
,,,0.1007,2635.62849,-0.00656,0.29033
,,,0.1008,2636.46877,-0.00647,0.30389
,,,0.1009,2636.45358,-0.00637,0.28355
,,,0.101,2637.6352,-0.00628,0.29033
,,,0.1011,2638.38892,-0.00619,0.31068
,,,0.1012,2638.37361,-0.0061,0.31068
,,,0.1013,2638.78535,-0.006,0.29033
,,,0.1014,2638.77005,-0.00591,0.30389
,,,0.1015,2639.18168,-0.00582,0.31068
,,,0.1016,2639.16639,-0.00572,0.31068
,,,0.1017,2639.49252,-0.00563,0.30389
,,,0.1018,2639.47725,-0.00554,0.31068
,,,0.1019,2639.97397,-0.00545,0.30389
,,,0.102,2639.95869,-0.00535,0.30389
,,,0.1021,2639.7728,-0.00526,0.29711
,,,0.1022,2639.75759,-0.00517,0.29711
,,,0.1023,2640.08366,-0.00508,0.28355
,,,0.1024,2640.3244,-0.00498,0.31746
,,,0.1025,2640.3092,-0.00489,0.29033
,,,0.1026,2640.63515,-0.0048,0.29711
,,,0.1027,2640.61997,-0.0047,0.30389
,,,0.1028,2640.94595,-0.00461,0.29711
,,,0.1029,2640.93079,-0.00452,0.30389
,,,0.103,2641.42708,-0.00443,0.29711
,,,0.1031,2641.41192,-0.00433,0.31746
,,,0.1032,2642.07843,-0.00424,0.30389
,,,0.1033,2642.06325,-0.00415,0.30389
,,,0.1034,2642.47402,-0.00405,0.29711
,,,0.1035,2642.45885,-0.00396,0.30389
,,,0.1036,2642.78433,-0.00387,0.29033
,,,0.1037,2643.19489,-0.00378,0.27677
,,,0.1038,2643.17972,-0.00368,0.29711
,,,0.1039,2643.16457,-0.00359,0.30389
,,,0.104,2643.14945,-0.0035,0.30389
,,,0.1041,2643.04927,-0.0034,0.30389
,,,0.1042,2643.03421,-0.00331,0.30389
,,,0.1043,2643.01917,-0.00322,0.30389
,,,0.1044,2643.00416,-0.00313,0.31746
,,,0.1045,2643.15941,-0.00303,0.31068
,,,0.1046,2643.14442,-0.00294,0.32424
,,,0.1047,2642.87406,-0.00285,0.31746
,,,0.1048,2643.19971,-0.00276,0.31746
,,,0.1049,2643.18479,-0.00266,0.32424
,,,0.105,2643.68055,-0.00257,0.3378
,,,0.1051,2643.66563,-0.00248,0.35815
,,,0.1052,2643.906,-0.00238,0.37849
,,,0.1053,2643.89111,-0.00229,0.36493
,,,0.1054,2644.13138,-0.0022,0.39206
,,,0.1055,2644.11651,-0.00211,0.37171
,,,0.1056,2644.52682,-0.00201,0.4124
,,,0.1057,2644.51196,-0.00192,0.43275
,,,0.1058,2644.32706,-0.00183,0.42597
,,,0.1059,2644.31226,-0.00173,0.44631
,,,0.106,2643.87221,-0.00164,0.45309
,,,0.1061,2643.34699,-0.00155,0.45309
,,,0.1062,2643.33236,-0.00146,0.46666
,,,0.1063,2642.97738,-0.00136,0.47344
,,,0.1064,2642.96283,-0.00127,0.47344
,,,0.1065,2642.60787,-0.00118,0.48022
,,,0.1066,2642.5934,-0.00108,0.48022
,,,0.1067,2642.32354,-9.92E-04,0.50056
,,,0.1068,2642.30914,-8.99E-04,0.52769
,,,0.1069,2642.1245,-8.06E-04,0.52091
,,,0.107,2642.11015,-7.14E-04,0.54804
,,,0.1071,2642.18101,-6.21E-04,0.55482
,,,0.1072,2642.16671,-5.28E-04,0.5616
,,,0.1073,2642.32268,-4.35E-04,0.54804
,,,0.1074,2641.88271,-3.42E-04,0.58873
,,,0.1075,2641.86851,-2.50E-04,0.58194
,,,0.1076,2641.59884,-1.57E-04,0.59551
,,,0.1077,2641.5847,-6.40E-05,0.62942
,,,0.1078,2641.14482,2.88E-05,0.62942
,,,0.1079,2641.13076,1.22E-04,0.66332
,,,0.108,2640.43513,2.14E-04,0.64976
,,,0.1081,2640.42119,3.07E-04,0.67011
,,,0.1082,2639.81068,4.00E-04,0.67689
,,,0.1083,2639.79684,4.93E-04,0.69045
,,,0.1084,2639.44195,5.86E-04,0.70401
,,,0.1085,2639.42818,6.78E-04,0.7108
,,,0.1086,2638.81753,7.71E-04,0.75149
,,,0.1087,2638.37736,8.64E-04,0.7447
,,,0.1088,2638.36375,9.57E-04,0.77183
,,,0.1089,2638.0942,0.00105,0.77861
,,,0.109,2638.08066,0.00114,0.81252
,,,0.1091,2637.72585,0.00124,0.80574
,,,0.1092,2637.71238,0.00133,0.87356
,,,0.1093,2637.44288,0.00142,0.86677
,,,0.1094,2637.42948,0.00151,0.90068
,,,0.1095,2637.33072,0.00161,0.90747
,,,0.1096,2637.31737,0.0017,0.90068
,,,0.1097,2637.04794,0.00179,0.94138
,,,0.1098,2637.03466,0.00188,0.94815
,,,0.1099,2636.33831,0.00198,0.97528
,,,0.11,2635.64176,0.00207,0.99563
,,,0.1101,2635.62866,0.00216,1.00241
,,,0.1102,2634.76102,0.00226,1.0431
,,,0.1103,2634.74804,0.00235,1.03631
,,,0.1104,2634.2221,0.00244,1.05666
,,,0.1105,2634.20921,0.00253,1.07701
,,,0.1106,2633.76877,0.00263,1.07022
,,,0.1107,2633.75595,0.00272,1.11092
,,,0.1108,2633.57212,0.00281,1.13804
,,,0.1109,2633.55937,0.00291,1.12448
,,,0.111,2633.2045,0.003,1.14482
,,,0.1111,2633.19181,0.00309,1.13804
,,,0.1112,2633.26464,0.00318,1.19229
,,,0.1113,2633.08091,0.00328,1.19908
,,,0.1114,2633.06829,0.00337,1.19229
,,,0.1115,2632.9701,0.00346,1.2262
,,,0.1116,2632.95752,0.00356,1.23977
,,,0.1117,2632.43162,0.00365,1.25333
,,,0.1118,2632.41913,0.00374,1.26011
,,,0.1119,2631.89307,0.00383,1.27367
,,,0.112,2631.88066,0.00393,1.28046
,,,0.1121,2631.35462,0.00402,1.30758
,,,0.1122,2631.3423,0.00411,1.32793
,,,0.1123,2630.81618,0.0042,1.34149
,,,0.1124,2630.80395,0.0043,1.32793
,,,0.1125,2629.93494,0.00439,1.36183
,,,0.1126,2629.92282,0.00448,1.3754
,,,0.1127,2629.91071,0.00458,1.36862
,,,0.1128,2629.29864,0.00467,1.39574
,,,0.1129,2629.28662,0.00476,1.39574
,,,0.113,2629.01748,0.00485,1.38897
,,,0.1131,2629.00552,0.00495,1.40931
,,,0.1132,2629.16504,0.00504,1.44322
,,,0.1133,2629.15311,0.00513,1.42965
,,,0.1134,2628.96973,0.00523,1.43644
,,,0.1135,2628.95785,0.00532,1.44322
,,,0.1136,2628.94598,0.00541,1.45
,,,0.1137,2628.93414,0.0055,1.48391
,,,0.1138,2628.92231,0.0056,1.47034
,,,0.1139,2628.39595,0.00569,1.47713
,,,0.114,2628.3842,0.00578,1.47034
,,,0.1141,2628.02933,0.00588,1.49747
,,,0.1142,2628.01765,0.00597,1.50425
,,,0.1143,2627.7486,0.00606,1.48391
,,,0.1144,2627.73698,0.00615,1.50425
,,,0.1145,2627.46804,0.00625,1.49747
,,,0.1146,2627.45647,0.00634,1.53816
,,,0.1147,2626.93006,0.00643,1.53138
,,,0.1148,2626.91857,0.00652,1.5246
,,,0.1149,2626.99297,0.00662,1.51781
,,,0.115,2626.98151,0.00671,1.53816
,,,0.1151,2627.31329,0.0068,1.53138
,,,0.1152,2627.55926,0.0069,1.53816
,,,0.1153,2627.5478,0.00699,1.55172
,,,0.1154,2627.87946,0.00708,1.56529
,,,0.1155,2627.868,0.00717,1.55172
,,,0.1156,2628.02809,0.00727,1.54495
,,,0.1157,2628.01666,0.00736,1.53138
,,,0.1158,2628.09104,0.00745,1.55851
,,,0.1159,2628.07964,0.00755,1.54495
,,,0.116,2628.06825,0.00764,1.57885
,,,0.1161,2628.05688,0.00773,1.55851
,,,0.1162,2628.21702,0.00782,1.58563
,,,0.1163,2628.20567,0.00792,1.58563
,,,0.1164,2627.93706,0.00801,1.57207
,,,0.1165,2628.01156,0.0081,1.55172
,,,0.1166,2628.00028,0.0082,1.57885
,,,0.1167,2628.1605,0.00829,1.57207
,,,0.1168,2628.14924,0.00838,1.57885
,,,0.1169,2628.22369,0.00847,1.57207
,,,0.117,2628.21245,0.00857,1.57885
,,,0.1171,2628.54421,0.00866,1.58563
,,,0.1172,2628.53299,0.00875,1.57207
,,,0.1173,2628.60753,0.00884,1.59242
,,,0.1174,2628.59633,0.00894,1.5992
,,,0.1175,2629.01367,0.00903,1.57885
,,,0.1176,2629.00247,0.00912,1.61276
,,,0.1177,2629.4197,0.00922,1.57885
,,,0.1178,2629.6655,0.00931,1.61276
,,,0.1179,2629.6543,0.0094,1.58563
,,,0.118,2629.55741,0.00949,1.59242
,,,0.1181,2629.54625,0.00959,1.56529
,,,0.1182,2629.5351,0.00968,1.58563
,,,0.1183,2629.52397,0.00977,1.59242
,,,0.1184,2629.42725,0.00987,1.58563
,,,0.1185,2629.41616,0.00996,1.57885
,,,0.1186,2629.14807,0.01005,1.5992
,,,0.1187,2629.13703,0.01014,1.57885
,,,0.1188,2628.86896,0.01024,1.61276
,,,0.1189,2628.85798,0.01033,1.59242
,,,0.119,2628.76138,0.01042,1.5992
,,,0.1191,2629.00751,0.01052,1.59242
,,,0.1192,2628.99657,0.01061,1.57885
,,,0.1193,2628.98565,0.0107,1.57207
,,,0.1194,2628.97474,0.01079,1.5992
,,,0.1195,2629.47786,0.01089,1.58563
,,,0.1196,2629.46694,0.01098,1.58563
,,,0.1197,2629.62731,0.01107,1.58563
,,,0.1198,2629.61642,0.01116,1.58563
,,,0.1199,2629.60554,0.01126,1.58563
,,,0.12,2629.59467,0.01135,1.57885
,,,0.1201,2629.84074,0.01144,1.55851
,,,0.1202,2629.82989,0.01154,1.5992
,,,0.1203,2629.99027,0.01163,1.57885
,,,0.1204,2630.065,0.01172,1.60598
,,,0.1205,2630.05418,0.01181,1.57885
,,,0.1206,2630.12902,0.01191,1.59242
,,,0.1207,2630.11822,0.012,1.58563
,,,0.1208,2630.53532,0.01209,1.59242
,,,0.1209,2630.52452,0.01219,1.58563
,,,0.121,2630.68487,0.01228,1.61276
,,,0.1211,2630.6741,0.01237,1.58563
,,,0.1212,2630.4922,0.01246,1.59242
,,,0.1213,2630.48147,0.01256,1.59242
,,,0.1214,2630.47076,0.01265,1.5992
,,,0.1215,2630.46006,0.01274,1.59242
,,,0.1216,2630.53499,0.01284,1.61276
,,,0.1217,2630.18203,0.01293,1.57207
,,,0.1218,2630.17141,0.01302,1.60598
,,,0.1219,2630.24633,0.01311,1.5992
,,,0.122,2630.23573,0.01321,1.61276
,,,0.1221,2630.56741,0.0133,1.61276
,,,0.1222,2630.55682,0.01339,1.59242
,,,0.1223,2630.54624,0.01348,1.5992
,,,0.1224,2630.53568,0.01358,1.5992
,,,0.1225,2630.78182,0.01367,1.58563
,,,0.1226,2630.77127,0.01376,1.59242
,,,0.1227,2631.10296,0.01386,1.62632
,,,0.1228,2631.09241,0.01395,1.5992
,,,0.1229,2631.08188,0.01404,1.60598
,,,0.123,2631.32796,0.01413,1.61954
,,,0.1231,2631.31744,0.01423,1.5992
,,,0.1232,2631.39249,0.01432,1.61276
,,,0.1233,2631.382,0.01441,1.5992
,,,0.1234,2631.45707,0.01451,1.61954
,,,0.1235,2631.4466,0.0146,1.61954
,,,0.1236,2631.17959,0.01469,1.62632
,,,0.1237,2631.16918,0.01478,1.61276
,,,0.1238,2631.07323,0.01488,1.60598
,,,0.1239,2631.06285,0.01497,1.61276
,,,0.124,2630.88137,0.01506,1.60598
,,,0.1241,2630.87105,0.01516,1.61954
,,,0.1242,2630.6041,0.01525,1.61276
,,,0.1243,2630.59383,0.01534,1.62632
,,,0.1244,2630.58357,0.01543,1.63311
,,,0.1245,2630.40225,0.01553,1.61954
,,,0.1246,2630.39204,0.01562,1.61954
,,,0.1247,2630.29625,0.01571,1.59242
,,,0.1248,2630.28608,0.0158,1.61954
,,,0.1249,2630.01922,0.0159,1.61954
,,,0.125,2630.0091,0.01599,1.63311
,,,0.1251,2629.99899,0.01608,1.63311
,,,0.1252,2629.9889,0.01618,1.63311
,,,0.1253,2629.8077,0.01627,1.63311
,,,0.1254,2629.79766,0.01636,1.63311
,,,0.1255,2629.53087,0.01645,1.61954
,,,0.1256,2629.43525,0.01655,1.63311
,,,0.1257,2629.42528,0.01664,1.62632
,,,0.1258,2629.15851,0.01673,1.63988
,,,0.1259,2629.14859,0.01683,1.61954
,,,0.126,2629.05314,0.01692,1.61954
,,,0.1261,2629.04325,0.01701,1.65345
,,,0.1262,2628.94774,0.0171,1.64667
,,,0.1263,2628.93789,0.0172,1.64667
,,,0.1264,2629.09926,0.01729,1.63311
,,,0.1265,2629.08943,0.01738,1.64667
,,,0.1266,2628.90842,0.01748,1.64667
,,,0.1267,2628.89864,0.01757,1.62632
,,,0.1268,2628.71766,0.01766,1.66702
,,,0.1269,2628.87912,0.01775,1.65345
,,,0.127,2628.86938,0.01785,1.63988
,,,0.1271,2629.2021,0.01794,1.64667
,,,0.1272,2629.19236,0.01803,1.63988
,,,0.1273,2629.61053,0.01812,1.64667
,,,0.1274,2629.60078,0.01822,1.66023
,,,0.1275,2629.93325,0.01831,1.65345
,,,0.1276,2629.92351,0.0184,1.66023
,,,0.1277,2630.17042,0.0185,1.64667
,,,0.1278,2630.1607,0.01859,1.65345
,,,0.1279,2630.66413,0.01868,1.63311
,,,0.128,2630.65439,0.01877,1.64667
,,,0.1281,2630.81565,0.01887,1.66023
,,,0.1282,2630.5494,0.01896,1.65345
,,,0.1283,2630.53972,0.01905,1.66023
,,,0.1284,2630.78657,0.01915,1.66702
,,,0.1285,2630.77689,0.01924,1.66702
,,,0.1286,2630.76723,0.01933,1.67379
,,,0.1287,2630.75758,0.01942,1.64667
,,,0.1288,2630.74795,0.01952,1.67379
,,,0.1289,2630.73833,0.01961,1.68058
,,,0.129,2630.64319,0.0197,1.67379
,,,0.1291,2630.63361,0.0198,1.68058
,,,0.1292,2630.62405,0.01989,1.66702
,,,0.1293,2630.78555,0.01998,1.66702
,,,0.1294,2630.776,0.02007,1.67379
,,,0.1295,2630.9375,0.02017,1.68058
,,,0.1296,2630.92796,0.02026,1.68736
,,,0.1297,2630.83293,0.02035,1.67379
,,,0.1298,2630.82343,0.02044,1.69414
,,,0.1299,2631.15589,0.02054,1.69414
,,,0.13,2631.14639,0.02063,1.67379
,,,0.1301,2631.2224,0.02072,1.69414
,,,0.1302,2631.21293,0.02082,1.66702
,,,0.1303,2631.54523,0.02091,1.68058
,,,0.1304,2631.53576,0.021,1.68736
,,,0.1305,2631.78262,0.02109,1.67379
,,,0.1306,2631.94398,0.02119,1.68058
,,,0.1307,2631.93452,0.02128,1.69414
,,,0.1308,2632.01043,0.02137,1.66023
,,,0.1309,2632.001,0.02147,1.68736
,,,0.131,2632.16237,0.02156,1.68736
,,,0.1311,2632.15295,0.02165,1.69414
,,,0.1312,2632.14354,0.02174,1.71449
,,,0.1313,2632.13415,0.02184,1.66702
,,,0.1314,2632.12477,0.02193,1.69414
,,,0.1315,2632.11541,0.02202,1.68058
,,,0.1316,2632.19149,0.02212,1.68736
,,,0.1317,2632.18215,0.02221,1.66702
,,,0.1318,2631.9166,0.0223,1.68736
,,,0.1319,2632.0781,0.02239,1.67379
,,,0.132,2632.06881,0.02249,1.71449
,,,0.1321,2632.05953,0.02258,1.68736
,,,0.1322,2632.05027,0.02267,1.68736
,,,0.1323,2632.04103,0.02276,1.67379
,,,0.1324,2632.03179,0.02286,1.67379
,,,0.1325,2631.8517,0.02295,1.67379
,,,0.1326,2631.84251,0.02304,1.7077
,,,0.1327,2631.91869,0.02314,1.66023
,,,0.1328,2631.90952,0.02323,1.68058
,,,0.1329,2631.81502,0.02332,1.66702
,,,0.133,2631.80588,0.02341,1.68736
,,,0.1331,2631.62597,0.02351,1.66702
,,,0.1332,2631.44606,0.0236,1.66702
,,,0.1333,2631.437,0.02369,1.66702
,,,0.1334,2631.17166,0.02379,1.67379
,,,0.1335,2631.16264,0.02388,1.67379
,,,0.1336,2631.06817,0.02397,1.68058
,,,0.1337,2631.05919,0.02406,1.64667
,,,0.1338,2630.87936,0.02416,1.68736
,,,0.1339,2630.87042,0.02425,1.66702
,,,0.134,2630.86149,0.02434,1.67379
,,,0.1341,2630.85258,0.02444,1.65345
,,,0.1342,2630.7582,0.02453,1.68736
,,,0.1343,2630.74932,0.02462,1.66702
,,,0.1344,2630.56958,0.02471,1.67379
,,,0.1345,2630.30443,0.02481,1.69414
,,,0.1346,2630.29562,0.0249,1.68058
,,,0.1347,2629.94496,0.02499,1.68058
,,,0.1348,2629.93621,0.02508,1.66702
,,,0.1349,2629.75652,0.02518,1.67379
,,,0.135,2629.7478,0.02527,1.67379
,,,0.1351,2629.56804,0.02536,1.66702
,,,0.1352,2629.55937,0.02546,1.66702
,,,0.1353,2629.29418,0.02555,1.66702
,,,0.1354,2629.28555,0.02564,1.68058
,,,0.1355,2629.02037,0.02573,1.65345
,,,0.1356,2629.01179,0.02583,1.66023
,,,0.1357,2628.74661,0.02592,1.67379
,,,0.1358,2628.73808,0.02601,1.69414
,,,0.1359,2628.72956,0.02611,1.68736
,,,0.136,2628.3789,0.0262,1.66023
,,,0.1361,2628.37043,0.02629,1.66023
,,,0.1362,2628.19088,0.02638,1.64667
,,,0.1363,2628.18245,0.02648,1.66023
,,,0.1364,2627.40383,0.02657,1.65345
,,,0.1365,2627.39549,0.02666,1.65345
,,,0.1366,2626.95909,0.02676,1.65345
,,,0.1367,2626.95081,0.02685,1.66023
,,,0.1368,2626.77129,0.02694,1.68058
,,,0.1369,2626.76304,0.02703,1.66023
,,,0.137,2626.24091,0.02713,1.64667
,,,0.1371,2625.97571,0.02722,1.66702
,,,0.1372,2625.96756,0.02731,1.68058
,,,0.1373,2625.61673,0.0274,1.66702
,,,0.1374,2625.60863,0.0275,1.66702
,,,0.1375,2625.2577,0.02759,1.66702
,,,0.1376,2625.24965,0.02768,1.66702
,,,0.1377,2624.64159,0.02778,1.63311
,,,0.1378,2624.6336,0.02787,1.64667
,,,0.1379,2624.36838,0.02796,1.66702
,,,0.138,2624.36044,0.02805,1.66023
,,,0.1381,2624.26681,0.02815,1.64667
,,,0.1382,2624.2589,0.02824,1.66023
,,,0.1383,2623.90791,0.02833,1.64667
,,,0.1384,2623.55688,0.02843,1.65345
,,,0.1385,2623.54905,0.02852,1.64667
,,,0.1386,2623.36959,0.02861,1.66702
,,,0.1387,2623.3618,0.0287,1.66023
,,,0.1388,2623.09669,0.0288,1.63311
,,,0.1389,2623.08894,0.02889,1.66702
,,,0.139,2622.73789,0.02898,1.66023
,,,0.1391,2622.73018,0.02908,1.62632
,,,0.1392,2622.3792,0.02917,1.63988
,,,0.1393,2622.37155,0.02926,1.64667
,,,0.1394,2621.84883,0.02935,1.64667
,,,0.1395,2621.84124,0.02945,1.64667
,,,0.1396,2621.31834,0.02954,1.65345
,,,0.1397,2621.31081,0.02963,1.62632
,,,0.1398,2621.30329,0.02972,1.64667
,,,0.1399,2621.124,0.02982,1.65345
,,,0.14,2621.11651,0.02991,1.64667
,,,0.1401,2620.85138,0.03,1.64667
,,,0.1402,2620.84393,0.0301,1.64667
,,,0.1403,2620.40687,0.03019,1.64667
,,,0.1404,2620.39948,0.03028,1.66702
,,,0.1405,2620.22023,0.03037,1.63988
,,,0.1406,2620.21287,0.03047,1.63311
,,,0.1407,2619.94766,0.03056,1.61954
,,,0.1408,2619.94033,0.03065,1.63311
,,,0.1409,2619.76112,0.03075,1.64667
,,,0.141,2619.32404,0.03084,1.62632
,,,0.1411,2619.3168,0.03093,1.63988
,,,0.1412,2619.05156,0.03102,1.65345
,,,0.1413,2619.04436,0.03112,1.63988
,,,0.1414,2618.77913,0.03121,1.61954
,,,0.1415,2618.77196,0.0313,1.62632
,,,0.1416,2618.33477,0.0314,1.63311
,,,0.1417,2618.32766,0.03149,1.63988
,,,0.1418,2617.97642,0.03158,1.66023
,,,0.1419,2617.96935,0.03167,1.64667
,,,0.142,2617.8762,0.03177,1.62632
,,,0.1421,2617.86915,0.03186,1.63988
,,,0.1422,2617.86212,0.03195,1.63988
,,,0.1423,2617.8551,0.03204,1.64667
,,,0.1424,2617.84809,0.03214,1.63988
,,,0.1425,2617.92717,0.03223,1.64667
,,,0.1426,2617.92018,0.03232,1.63311
,,,0.1427,2617.48297,0.03242,1.63988
,,,0.1428,2617.47603,0.03251,1.62632
,,,0.1429,2617.38307,0.0326,1.63988
,,,0.143,2617.37615,0.03269,1.63988
,,,0.1431,2617.28321,0.03279,1.65345
,,,0.1432,2617.27632,0.03288,1.63988
,,,0.1433,2617.26944,0.03297,1.61954
,,,0.1434,2617.26256,0.03307,1.64667
,,,0.1435,2616.99742,0.03316,1.62632
,,,0.1436,2617.24877,0.03325,1.63988
,,,0.1437,2617.24193,0.03334,1.63311
,,,0.1438,2617.57934,0.03344,1.61276
,,,0.1439,2617.57249,0.03353,1.64667
,,,0.144,2617.82383,0.03362,1.62632
,,,0.1441,2617.81698,0.03372,1.64667
,,,0.1442,2617.72416,0.03381,1.62632
,,,0.1443,2617.71734,0.0339,1.64667
,,,0.1444,2617.8826,0.03399,1.62632
,,,0.1445,2617.87579,0.03409,1.62632
,,,0.1446,2617.95506,0.03418,1.62632
,,,0.1447,2617.94826,0.03427,1.62632
,,,0.1448,2617.94148,0.03436,1.63988
,,,0.1449,2617.76264,0.03446,1.62632
,,,0.145,2617.75589,0.03455,1.62632
,,,0.1451,2617.9212,0.03464,1.61276
,,,0.1452,2617.91445,0.03474,1.63988
,,,0.1453,2617.47749,0.03483,1.62632
,,,0.1454,2617.4708,0.03492,1.63988
,,,0.1455,2617.80826,0.03501,1.63988
,,,0.1456,2617.80156,0.03511,1.63311
,,,0.1457,2617.96691,0.0352,1.62632
,,,0.1458,2617.96022,0.03529,1.63311
,,,0.1459,2618.12557,0.03539,1.63311
,,,0.146,2618.11888,0.03548,1.63988
,,,0.1461,2618.19825,0.03557,1.64667
,,,0.1462,2618.44962,0.03566,1.63988
,,,0.1463,2618.44294,0.03576,1.62632
,,,0.1464,2618.52221,0.03585,1.63988
,,,0.1465,2618.51555,0.03594,1.64667
,,,0.1466,2618.68085,0.03604,1.64667
,,,0.1467,2618.6742,0.03613,1.64667
,,,0.1468,2618.92541,0.03622,1.66702
,,,0.1469,2618.91875,0.03631,1.64667
,,,0.147,2619.08402,0.03641,1.63988
,,,0.1471,2619.07737,0.0365,1.64667
,,,0.1472,2618.72689,0.03659,1.63311
,,,0.1473,2618.72029,0.03668,1.62632
,,,0.1474,2618.71369,0.03678,1.66702
,,,0.1475,2618.96504,0.03687,1.64667
,,,0.1476,2618.95844,0.03696,1.64667
,,,0.1477,2619.03786,0.03706,1.63311
,,,0.1478,2619.03128,0.03715,1.64667
,,,0.1479,2619.11061,0.03724,1.61276
,,,0.148,2619.10405,0.03733,1.64667
,,,0.1481,2618.92559,0.03743,1.64667
,,,0.1482,2618.91906,0.03752,1.64667
,,,0.1483,2619.08443,0.03761,1.64667
,,,0.1484,2619.0779,0.03771,1.64667
,,,0.1485,2619.32915,0.0378,1.64667
,,,0.1486,2619.32263,0.03789,1.63988
,,,0.1487,2619.65988,0.03798,1.64667
,,,0.1488,2619.5674,0.03808,1.64667
,,,0.1489,2619.56088,0.03817,1.63311
,,,0.149,2619.81215,0.03826,1.62632
,,,0.1491,2619.80564,0.03836,1.65345
,,,0.1492,2620.1427,0.03845,1.64667
,,,0.1493,2620.13619,0.03854,1.62632
,,,0.1494,2620.55908,0.03863,1.64667
,,,0.1495,2620.55256,0.03873,1.63988
,,,0.1496,2620.46013,0.03882,1.64667
,,,0.1497,2620.45363,0.03891,1.63311
,,,0.1498,2620.53296,0.039,1.62632
,,,0.1499,2620.52647,0.0391,1.63988
,,,0.15,2620.43409,0.03919,1.66023
,,,0.1501,2620.85684,0.03928,1.64667
,,,0.1502,2620.85036,0.03938,1.66023
,,,0.1503,2621.10143,0.03947,1.62632
,,,0.1504,2621.09495,0.03956,1.63988
,,,0.1505,2621.08848,0.03965,1.63311
,,,0.1506,2621.08202,0.03975,1.64667
,,,0.1507,2621.59044,0.03984,1.61954
,,,0.1508,2621.58397,0.03993,1.63988
,,,0.1509,2621.83492,0.04003,1.65345
,,,0.151,2621.82844,0.04012,1.66023
,,,0.1511,2622.07935,0.04021,1.63988
,,,0.1512,2622.24441,0.0403,1.63988
,,,0.1513,2622.23794,0.0404,1.64667
,,,0.1514,2622.31728,0.04049,1.66023
,,,0.1515,2622.31081,0.04058,1.64667
,,,0.1516,2622.47586,0.04068,1.64667
,,,0.1517,2622.46941,0.04077,1.64667
,,,0.1518,2622.63445,0.04086,1.64667
,,,0.1519,2622.628,0.04095,1.63988
,,,0.152,2622.96448,0.04105,1.65345
,,,0.1521,2622.95803,0.04114,1.64667
,,,0.1522,2623.38017,0.04123,1.65345
,,,0.1523,2623.37371,0.04132,1.65345
,,,0.1524,2623.453,0.04142,1.62632
,,,0.1525,2623.70365,0.04151,1.63988
,,,0.1526,2623.69719,0.0416,1.65345
,,,0.1527,2624.20482,0.0417,1.64667
,,,0.1528,2624.19835,0.04179,1.64667
,,,0.1529,2624.27758,0.04188,1.64667
,,,0.153,2624.27112,0.04197,1.64667
,,,0.1531,2624.26468,0.04207,1.62632
,,,0.1532,2624.25824,0.04216,1.63988
,,,0.1533,2624.68002,0.04225,1.63311
,,,0.1534,2624.67357,0.04235,1.66023
,,,0.1535,2624.7528,0.04244,1.64667
,,,0.1536,2624.74636,0.04253,1.62632
,,,0.1537,2624.82551,0.04262,1.63311
,,,0.1538,2625.24714,0.04272,1.64667
,,,0.1539,2625.2407,0.04281,1.63311
,,,0.154,2625.31981,0.0429,1.63988
,,,0.1541,2625.31339,0.043,1.64667
,,,0.1542,2625.30697,0.04309,1.63311
,,,0.1543,2625.30056,0.04318,1.63988
,,,0.1544,2625.63646,0.04327,1.61276
,,,0.1545,2625.63005,0.04337,1.63988
,,,0.1546,2625.36689,0.04346,1.61954
,,,0.1547,2625.36051,0.04355,1.63311
,,,0.1548,2625.69652,0.04364,1.63988
,,,0.1549,2625.69014,0.04374,1.62632
,,,0.155,2625.68377,0.04383,1.63988
,,,0.1551,2625.84852,0.04392,1.63988
,,,0.1552,2625.84216,0.04402,1.61276
,,,0.1553,2625.66469,0.04411,1.62632
,,,0.1554,2625.65836,0.0442,1.61954
,,,0.1555,2625.90874,0.04429,1.61276
,,,0.1556,2625.90242,0.04439,1.60598
,,,0.1557,2625.8961,0.04448,1.63988
,,,0.1558,2625.88979,0.04457,1.60598
,,,0.1559,2625.96907,0.04467,1.60598
,,,0.156,2625.96278,0.04476,1.61276
,,,0.1561,2625.95649,0.04485,1.5992
,,,0.1562,2625.95021,0.04494,1.63311
,,,0.1563,2626.62812,0.04504,1.59242
,,,0.1564,2627.04932,0.04513,1.60598
,,,0.1565,2627.043,0.04522,1.60598
,,,0.1566,2627.12221,0.04532,1.61954
,,,0.1567,2627.11589,0.04541,1.60598
,,,0.1568,2627.10959,0.0455,1.61954
,,,0.1569,2627.1033,0.04559,1.5992
,,,0.157,2627.35347,0.04569,1.60598
,,,0.1571,2627.34718,0.04578,1.60598
,,,0.1572,2627.6828,0.04587,1.60598
,,,0.1573,2627.6765,0.04596,1.58563
,,,0.1574,2627.8411,0.04606,1.61276
,,,0.1575,2627.83481,0.04615,1.59242
,,,0.1576,2628.17032,0.04624,1.5992
,,,0.1577,2628.16403,0.04634,1.58563
,,,0.1578,2628.15775,0.04643,1.58563
,,,0.1579,2628.15147,0.04652,1.61954
,,,0.158,2628.14521,0.04661,1.59242
,,,0.1581,2628.13896,0.04671,1.58563
,,,0.1582,2628.13271,0.0468,1.5992
,,,0.1583,2628.12648,0.04689,1.58563
,,,0.1584,2628.12025,0.04699,1.5992
,,,0.1585,2628.28486,0.04708,1.59242
,,,0.1586,2628.27864,0.04717,1.5992
,,,0.1587,2628.61411,0.04726,1.58563
,,,0.1588,2628.60789,0.04736,1.61276
,,,0.1589,2628.51633,0.04745,1.56529
,,,0.159,2628.76633,0.04754,1.61276
,,,0.1591,2628.76012,0.04764,1.59242
,,,0.1592,2628.75393,0.04773,1.58563
,,,0.1593,2628.74774,0.04782,1.61954
,,,0.1594,2628.48537,0.04791,1.60598
,,,0.1595,2628.47922,0.04801,1.60598
,,,0.1596,2628.72928,0.0481,1.59242
,,,0.1597,2628.72313,0.04819,1.59242
,,,0.1598,2628.63157,0.04828,1.60598
,,,0.1599,2628.62544,0.04838,1.61276
,,,0.16,2628.79008,0.04847,1.61276
,,,0.1601,2628.78397,0.04856,1.61954
,,,0.1602,2628.69244,0.04866,1.58563
,,,0.1603,2628.60102,0.04875,1.5992
,,,0.1604,2628.59494,0.04884,1.5992
,,,0.1605,2628.67421,0.04893,1.60598
,,,0.1606,2628.66815,0.04903,1.5992
,,,0.1607,2628.14977,0.04912,1.61276
,,,0.1608,2628.14376,0.04921,1.61954
,,,0.1609,2628.30855,0.04931,1.58563
,,,0.161,2628.30255,0.0494,1.61276
,,,0.1611,2628.04032,0.04949,1.5992
,,,0.1612,2628.03435,0.04958,1.60598
,,,0.1613,2627.77212,0.04968,1.58563
,,,0.1614,2627.76619,0.04977,1.5992
,,,0.1615,2627.50396,0.04986,1.61276
,,,0.1616,2627.07082,0.04996,1.5992
,,,0.1617,2627.06496,0.05005,1.59242
,,,0.1618,2626.46081,0.05014,1.5992
,,,0.1619,2626.45501,0.05023,1.60598
,,,0.162,2626.27825,0.05033,1.63311
,,,0.1621,2626.27248,0.05042,1.59242
,,,0.1622,2625.7537,0.05051,1.61954
,,,0.1623,2625.74798,0.0506,1.61954
,,,0.1624,2625.14351,0.0507,1.62632
,,,0.1625,2625.13785,0.05079,1.61276
,,,0.1626,2624.53323,0.05088,1.62632
,,,0.1627,2624.52762,0.05098,1.60598
,,,0.1628,2624.00849,0.05107,1.60598
,,,0.1629,2623.48924,0.05116,1.63988
,,,0.163,2623.48373,0.05125,1.61276
,,,0.1631,2622.96438,0.05135,1.59242
,,,0.1632,2622.95892,0.05144,1.60598
,,,0.1633,2622.61081,0.05153,1.61954
,,,0.1634,2622.60539,0.05163,1.61954
,,,0.1635,2622.00011,0.05172,1.61954
,,,0.1636,2621.99475,0.05181,1.63988
,,,0.1637,2621.64654,0.0519,1.62632
,,,0.1638,2621.64122,0.052,1.62632
,,,0.1639,2620.77838,0.05209,1.61954
,,,0.164,2620.77313,0.05218,1.61276
,,,0.1641,2620.08162,0.05228,1.63311
,,,0.1642,2619.47567,0.05237,1.62632
,,,0.1643,2619.47052,0.05246,1.63988
,,,0.1644,2619.03613,0.05255,1.64667
,,,0.1645,2619.03102,0.05265,1.63988
,,,0.1646,2618.25302,0.05274,1.63311
,,,0.1647,2618.24798,0.05283,1.62632
,,,0.1648,2617.98529,0.05292,1.62632
,,,0.1649,2617.98028,0.05302,1.64667
,,,0.165,2617.54565,0.05311,1.63311
,,,0.1651,2617.54068,0.0532,1.60598
,,,0.1652,2616.93416,0.0533,1.61954
,,,0.1653,2616.92925,0.05339,1.63311
,,,0.1654,2616.23653,0.05348,1.62632
,,,0.1655,2615.45749,0.05357,1.62632
,,,0.1656,2615.45269,0.05367,1.63311
,,,0.1657,2614.8455,0.05376,1.61276
,,,0.1658,2614.84075,0.05385,1.63988
,,,0.1659,2614.49171,0.05395,1.62632
,,,0.166,2614.487,0.05404,1.62632
,,,0.1661,2613.87955,0.05413,1.64667
,,,0.1662,2613.87489,0.05422,1.64667
,,,0.1663,2613.18109,0.05432,1.63311
,,,0.1664,2613.17648,0.05441,1.62632
,,,0.1665,2612.82724,0.0545,1.62632
,,,0.1666,2612.82267,0.0546,1.62632
,,,0.1667,2612.04237,0.05469,1.62632
,,,0.1668,2611.26176,0.05478,1.62632
,,,0.1669,2611.2573,0.05487,1.63311
,,,0.167,2610.99413,0.05497,1.63311
,,,0.1671,2610.9897,0.05506,1.62632
,,,0.1672,2610.29504,0.05515,1.63988
,,,0.1673,2610.29066,0.05524,1.63988
,,,0.1674,2609.94107,0.05534,1.62632
,,,0.1675,2609.93673,0.05543,1.62632
,,,0.1676,2609.15533,0.05552,1.62632
,,,0.1677,2609.15105,0.05562,1.65345
,,,0.1678,2608.36934,0.05571,1.64667
,,,0.1679,2608.36512,0.0558,1.64667
,,,0.168,2608.01528,0.05589,1.63988
,,,0.1681,2607.57892,0.05599,1.65345
,,,0.1682,2607.57476,0.05608,1.62632
,,,0.1683,2607.22482,0.05617,1.63988
,,,0.1684,2607.22069,0.05627,1.63311
,,,0.1685,2607.13016,0.05636,1.63311
,,,0.1686,2607.12605,0.05645,1.65345
,,,0.1687,2606.51658,0.05654,1.64667
,,,0.1688,2606.51252,0.05664,1.64667
,,,0.1689,2605.90296,0.05673,1.61954
,,,0.169,2605.89895,0.05682,1.64667
,,,0.1691,2605.0294,0.05692,1.66023
,,,0.1692,2605.02545,0.05701,1.64667
,,,0.1693,2604.50202,0.0571,1.62632
,,,0.1694,2603.89179,0.05719,1.65345
,,,0.1695,2603.88792,0.05729,1.66702
,,,0.1696,2603.36421,0.05738,1.63311
,,,0.1697,2603.36038,0.05747,1.64667
,,,0.1698,2603.44317,0.05756,1.63311
,,,0.1699,2603.43934,0.05766,1.63311
,,,0.17,2603.17551,0.05775,1.64667
,,,0.1701,2603.17171,0.05784,1.63988
,,,0.1702,2602.99459,0.05794,1.63988
,,,0.1703,2602.99081,0.05803,1.63311
,,,0.1704,2602.90032,0.05812,1.63311
,,,0.1705,2602.89656,0.05821,1.66023
,,,0.1706,2602.28592,0.05831,1.63988
,,,0.1707,2602.45561,0.0584,1.63311
,,,0.1708,2602.45188,0.05849,1.64667
,,,0.1709,2602.18801,0.05859,1.63988
,,,0.171,2602.18431,0.05868,1.63311
,,,0.1711,2601.74696,0.05877,1.62632
,,,0.1712,2601.7433,0.05886,1.60598
,,,0.1713,2601.73965,0.05896,1.63988
,,,0.1714,2601.73599,0.05905,1.64667
,,,0.1715,2601.73235,0.05914,1.62632
,,,0.1716,2601.72871,0.05924,1.63988
,,,0.1717,2602.07196,0.05933,1.63988
,,,0.1718,2602.06831,0.05942,1.63311
,,,0.1719,2602.41149,0.05951,1.63311
,,,0.172,2602.49447,0.05961,1.61954
,,,0.1721,2602.49081,0.0597,1.64667
,,,0.1722,2602.66053,0.05979,1.62632
,,,0.1723,2602.65687,0.05988,1.63311
,,,0.1724,2602.65321,0.05998,1.63988
,,,0.1725,2602.64956,0.06007,1.64667
,,,0.1726,2602.64591,0.06016,1.63988
,,,0.1727,2602.64227,0.06026,1.62632
,,,0.1728,2602.63863,0.06035,1.64667
,,,0.1729,2602.635,0.06044,1.62632
,,,0.173,2602.80473,0.06053,1.63988
,,,0.1731,2602.80109,0.06063,1.64667
,,,0.1732,2603.05742,0.06072,1.63988
,,,0.1733,2603.31377,0.06081,1.64667
,,,0.1734,2603.31013,0.06091,1.63988
,,,0.1735,2603.56644,0.061,1.61276
,,,0.1736,2603.56279,0.06109,1.63311
,,,0.1737,2604.16548,0.06118,1.63311
,,,0.1738,2604.1618,0.06128,1.62632
,,,0.1739,2604.33131,0.06137,1.64667
,,,0.174,2604.32764,0.06146,1.62632
,,,0.1741,2604.41059,0.06156,1.64667
,,,0.1742,2604.40692,0.06165,1.61276
,,,0.1743,2604.57641,0.06174,1.63311
,,,0.1744,2604.57274,0.06183,1.64667
,,,0.1745,2604.91533,0.06193,1.65345
,,,0.1746,2605.25783,0.06202,1.66702
,,,0.1747,2605.25414,0.06211,1.62632
,,,0.1748,2605.42351,0.0622,1.65345
,,,0.1749,2605.41981,0.0623,1.64667
,,,0.175,2605.24306,0.06239,1.64667
,,,0.1751,2605.23938,0.06248,1.63311
,,,0.1752,2605.58182,0.06258,1.63311
,,,0.1753,2605.57813,0.06267,1.63311
,,,0.1754,2605.57445,0.06276,1.63311
,,,0.1755,2605.57078,0.06285,1.62632
,,,0.1756,2605.56711,0.06295,1.62632
,,,0.1757,2605.82293,0.06304,1.63988
,,,0.1758,2605.81926,0.06313,1.61954
,,,0.1759,2606.42095,0.06323,1.64667
,,,0.176,2606.41725,0.06332,1.63311
,,,0.1761,2606.41355,0.06341,1.63311
,,,0.1762,2606.40986,0.0635,1.63988
,,,0.1763,2606.92492,0.0636,1.63311
,,,0.1764,2606.92121,0.06369,1.63988
,,,0.1765,2607.17676,0.06378,1.64667
,,,0.1766,2607.17305,0.06388,1.62632
,,,0.1767,2607.42865,0.06397,1.63311
,,,0.1768,2607.42493,0.06406,1.61954
,,,0.1769,2608.11239,0.06415,1.66023
,,,0.177,2608.28138,0.06425,1.63311
,,,0.1771,2608.27763,0.06434,1.63311
,,,0.1772,2608.7921,0.06443,1.63988
,,,0.1773,2608.78833,0.06452,1.63311
,,,0.1774,2609.21625,0.06462,1.62632
,,,0.1775,2609.21246,0.06471,1.62632
,,,0.1776,2609.64025,0.0648,1.64667
,,,0.1777,2609.63645,0.0649,1.62632
,,,0.1778,2610.49546,0.06499,1.64667
,,,0.1779,2610.49162,0.06508,1.64667
,,,0.178,2611.52244,0.06517,1.63988
,,,0.1781,2611.51855,0.06527,1.62632
,,,0.1782,2612.29027,0.06536,1.63988
,,,0.1783,2612.88935,0.06545,1.62632
,,,0.1784,2612.88539,0.06555,1.63988
,,,0.1785,2613.39809,0.06564,1.63988
,,,0.1786,2613.39411,0.06573,1.64667
,,,0.1787,2613.90662,0.06582,1.62632
,,,0.1788,2613.90263,0.06592,1.63988
,,,0.1789,2613.89864,0.06601,1.63311
,,,0.179,2613.89465,0.0661,1.63988
,,,0.1791,2614.06279,0.0662,1.64667
,,,0.1792,2614.05881,0.06629,1.63311
,,,0.1793,2614.31303,0.06638,1.64667
,,,0.1794,2614.30904,0.06647,1.63988
,,,0.1795,2614.56321,0.06657,1.63311
,,,0.1796,2615.33335,0.06666,1.63988
,,,0.1797,2615.32931,0.06675,1.63311
,,,0.1798,2615.58328,0.06684,1.63988
,,,0.1799,2615.57924,0.06694,1.64667
,,,0.18,2616.09098,0.06703,1.63988
,,,0.1801,2616.08692,0.06712,1.65345
,,,0.1802,2616.68444,0.06722,1.63311
,,,0.1803,2616.68036,0.06731,1.62632
,,,0.1804,2617.10577,0.0674,1.62632
,,,0.1805,2617.10167,0.06749,1.61954
,,,0.1806,2617.44112,0.06759,1.61954
,,,0.1807,2617.43702,0.06768,1.64667
,,,0.1808,2617.94818,0.06777,1.62632
,,,0.1809,2618.45915,0.06787,1.63988
,,,0.181,2618.455,0.06796,1.64667
,,,0.1811,2618.70834,0.06805,1.63311
,,,0.1812,2618.70419,0.06814,1.64667
,,,0.1813,2619.38645,0.06824,1.64667
,,,0.1814,2619.38227,0.06833,1.63988
,,,0.1815,2620.14989,0.06842,1.63988
,,,0.1816,2620.14567,0.06852,1.64667
,,,0.1817,2620.5701,0.06861,1.64667
,,,0.1818,2620.56587,0.0687,1.63988
,,,0.1819,2621.16154,0.06879,1.63311
,,,0.182,2621.15728,0.06889,1.63988
,,,0.1821,2621.58141,0.06898,1.63311
,,,0.1822,2621.74844,0.06907,1.63988
,,,0.1823,2621.74416,0.06916,1.62632
,,,0.1824,2621.8255,0.06926,1.63988
,,,0.1825,2621.82123,0.06935,1.63988
,,,0.1826,2622.07383,0.06944,1.62632
,,,0.1827,2622.06956,0.06954,1.63311
,,,0.1828,2621.97963,0.06963,1.61954
,,,0.1829,2621.97538,0.06972,1.62632
,,,0.183,2621.79986,0.06981,1.63311
,,,0.1831,2621.79564,0.06991,1.62632
,,,0.1832,2621.87701,0.07,1.63311
,,,0.1833,2621.87279,0.07009,1.62632
,,,0.1834,2622.21108,0.07019,1.61276
,,,0.1835,2622.29242,0.07028,1.62632
,,,0.1836,2622.28819,0.07037,1.63988
,,,0.1837,2622.36963,0.07046,1.60598
,,,0.1838,2622.36541,0.07056,1.62632
,,,0.1839,2622.44676,0.07065,1.62632
,,,0.184,2622.44255,0.07074,1.62632
,,,0.1841,2622.86625,0.07084,1.60598
,,,0.1842,2622.86202,0.07093,1.61954
,,,0.1843,2623.02895,0.07102,1.61954
,,,0.1844,2623.02473,0.07111,1.61954
,,,0.1845,2623.61944,0.07121,1.59242
,,,0.1846,2623.61519,0.0713,1.60598
,,,0.1847,2623.8675,0.07139,1.63311
,,,0.1848,2624.03429,0.07148,1.60598
,,,0.1849,2624.03004,0.07158,1.61954
,,,0.185,2623.85475,0.07167,1.62632
,,,0.1851,2623.85052,0.07176,1.61954
,,,0.1852,2623.84629,0.07186,1.63988
,,,0.1853,2623.84208,0.07195,1.63311
,,,0.1854,2623.75229,0.07204,1.61954
,,,0.1855,2623.74809,0.07213,1.61954
,,,0.1856,2623.7439,0.07223,1.61954
,,,0.1857,2623.73971,0.07232,1.62632
,,,0.1858,2623.82101,0.07241,1.5992
,,,0.1859,2623.81683,0.07251,1.5992
,,,0.186,2623.64161,0.0726,1.63988
,,,0.1861,2623.72294,0.07269,1.5992
,,,0.1862,2623.71878,0.07278,1.62632
,,,0.1863,2623.2869,0.07288,1.63311
,,,0.1864,2623.28278,0.07297,1.61276
,,,0.1865,2623.10757,0.07306,1.5992
,,,0.1866,2623.10347,0.07316,1.60598
,,,0.1867,2622.75703,0.07325,1.60598
,,,0.1868,2622.75298,0.07334,1.61954
,,,0.1869,2622.23531,0.07343,1.57207
,,,0.187,2622.23129,0.07353,1.61276
,,,0.1871,2621.7136,0.07362,1.57885
,,,0.1872,2621.70963,0.07371,1.60598
,,,0.1873,2621.70566,0.0738,1.58563
,,,0.1874,2621.44476,0.0739,1.61276
,,,0.1875,2621.44082,0.07399,1.61954
,,,0.1876,2621.2656,0.07408,1.61276
,,,0.1877,2621.26168,0.07418,1.59242
,,,0.1878,2620.7438,0.07427,1.59242
,,,0.1879,2620.73993,0.07436,1.5992
,,,0.188,2621.07872,0.07445,1.5992
,,,0.1881,2621.07484,0.07455,1.59242
,,,0.1882,2620.89964,0.07464,1.5992
,,,0.1883,2620.89578,0.07473,1.58563
,,,0.1884,2620.63487,0.07483,1.5992
,,,0.1885,2620.63104,0.07492,1.59242
,,,0.1886,2620.02731,0.07501,1.58563
,,,0.1887,2619.59496,0.0751,1.59242
,,,0.1888,2619.59121,0.0752,1.60598
,,,0.1889,2619.15871,0.07529,1.57885
,,,0.189,2619.15499,0.07538,1.57207
,,,0.1891,2618.80823,0.07548,1.59242
,,,0.1892,2618.80455,0.07557,1.61276
,,,0.1893,2618.20032,0.07566,1.57885
,,,0.1894,2618.19668,0.07575,1.57207
,,,0.1895,2617.8498,0.07585,1.59242
,,,0.1896,2617.8462,0.07594,1.61276
,,,0.1897,2617.49928,0.07603,1.61954
,,,0.1898,2617.49571,0.07612,1.61954
,,,0.1899,2616.89113,0.07622,1.61276
,,,0.19,2616.37222,0.07631,1.61276
,,,0.1901,2616.36872,0.0764,1.59242
,,,0.1902,2616.02162,0.0765,1.58563
,,,0.1903,2616.01816,0.07659,1.60598
,,,0.1904,2615.32717,0.07668,1.59242
,,,0.1905,2615.32376,0.07677,1.58563
,,,0.1906,2614.54659,0.07687,1.59242
,,,0.1907,2614.54324,0.07696,1.59242
,,,0.1908,2614.3679,0.07705,1.61276
,,,0.1909,2614.36456,0.07715,1.63311
,,,0.191,2613.7591,0.07724,1.61276
,,,0.1911,2613.7558,0.07733,1.61954
,,,0.1912,2613.32228,0.07742,1.63988
,,,0.1913,2613.14691,0.07752,1.62632
,,,0.1914,2613.14367,0.07761,1.64667
,,,0.1915,2612.71012,0.0777,1.63988
,,,0.1916,2612.70691,0.0778,1.66023
,,,0.1917,2612.35934,0.07789,1.66702
,,,0.1918,2612.35616,0.07798,1.64667
,,,0.1919,2611.75014,0.07807,1.66023
,,,0.192,2611.747,0.07817,1.66702
,,,0.1921,2611.39931,0.07826,1.65345
,,,0.1922,2611.39621,0.07835,1.66702
,,,0.1923,2611.2208,0.07844,1.64667
,,,0.1924,2611.21771,0.07854,1.63988
,,,0.1925,2610.95609,0.07863,1.66023
,,,0.1926,2610.60831,0.07872,1.64667
,,,0.1927,2610.60527,0.07882,1.63988
,,,0.1928,2610.17119,0.07891,1.62632
,,,0.1929,2610.16818,0.079,1.62632
,,,0.193,2609.99275,0.07909,1.64667
,,,0.1931,2609.98976,0.07919,1.64667
,,,0.1932,2609.38317,0.07928,1.63988
,,,0.1933,2609.38022,0.07937,1.63311
,,,0.1934,2609.11855,0.07947,1.63311
,,,0.1935,2609.11562,0.07956,1.63311
,,,0.1936,2608.42245,0.07965,1.63988
,,,0.1937,2608.41957,0.07974,1.62632
,,,0.1938,2608.15782,0.07984,1.63311
,,,0.1939,2607.72338,0.07993,1.63988
,,,0.194,2607.72056,0.08002,1.61954
,,,0.1941,2607.54505,0.08012,1.61276
,,,0.1942,2607.54224,0.08021,1.61954
,,,0.1943,2607.45305,0.0803,1.63311
,,,0.1944,2607.45025,0.08039,1.61954
,,,0.1945,2607.10203,0.08049,1.62632
,,,0.1946,2607.09926,0.08058,1.64667
,,,0.1947,2606.49185,0.08067,1.64667
,,,0.1948,2606.48913,0.08076,1.63988
,,,0.1949,2606.14077,0.08086,1.63988
,,,0.195,2606.13807,0.08095,1.65345
,,,0.1951,2605.61679,0.08104,1.66702
,,,0.1952,2605.35482,0.08114,1.66702
,,,0.1953,2605.35217,0.08123,1.64667
,,,0.1954,2605.26302,0.08132,1.68736
,,,0.1955,2605.26039,0.08141,1.64667
,,,0.1956,2604.82535,0.08151,1.67379
,,,0.1957,2604.82274,0.0816,1.66023
,,,0.1958,2604.7337,0.08169,1.66023
,,,0.1959,2604.73111,0.08179,1.65345
,,,0.196,2604.20951,0.08188,1.66702
,,,0.1961,2604.20695,0.08197,1.64667
,,,0.1962,2603.59863,0.08206,1.64667
,,,0.1963,2603.59611,0.08216,1.66702
,,,0.1964,2603.07423,0.08225,1.65345
,,,0.1965,2602.81205,0.08234,1.63988
,,,0.1966,2602.80958,0.08244,1.66702
,,,0.1967,2602.54738,0.08253,1.64667
,,,0.1968,2602.54494,0.08262,1.63988
,,,0.1969,2602.71569,0.08271,1.63988
,,,0.197,2602.71325,0.08281,1.61954
,,,0.1971,2602.27783,0.0829,1.64667
,,,0.1972,2602.27542,0.08299,1.63988
,,,0.1973,2602.01318,0.08308,1.63988
,,,0.1974,2602.01079,0.08318,1.65345
,,,0.1975,2601.92181,0.08327,1.63988
,,,0.1976,2601.91942,0.08336,1.62632
,,,0.1977,2601.91704,0.08346,1.63311
,,,0.1978,2602.08792,0.08355,1.66023
,,,0.1979,2602.08554,0.08364,1.61954
,,,0.198,2602.16983,0.08373,1.63988
,,,0.1981,2602.16745,0.08383,1.61954
,,,0.1982,2601.99182,0.08392,1.64667
,,,0.1983,2601.98946,0.08401,1.63311
,,,0.1984,2601.81383,0.08411,1.63988
,,,0.1985,2601.81148,0.0842,1.66702
,,,0.1986,2601.46255,0.08429,1.63311
,,,0.1987,2601.46022,0.08438,1.61954
,,,0.1988,2601.4579,0.08448,1.60598
,,,0.1989,2601.19555,0.08457,1.63311
,,,0.199,2601.19325,0.08466,1.63988
,,,0.1991,2601.0176,0.08476,1.64667
,,,0.1992,2601.01532,0.08485,1.63988
,,,0.1993,2600.92631,0.08494,1.63988
,,,0.1994,2600.92404,0.08503,1.61954
,,,0.1995,2600.74839,0.08513,1.64667
,,,0.1996,2600.74613,0.08522,1.63988
,,,0.1997,2600.74387,0.08531,1.64667
,,,0.1998,2600.74162,0.0854,1.63988
,,,0.1999,2600.47923,0.0855,1.64667
,,,0.2,2600.477,0.08559,1.63988
,,,0.2001,2600.47477,0.08568,1.62632
,,,0.2002,2600.47254,0.08578,1.62632
,,,0.2003,2600.47032,0.08587,1.61954
,,,0.2004,2600.55484,0.08596,1.61954
,,,0.2005,2600.55262,0.08605,1.61954
,,,0.2006,2600.81043,0.08615,1.61276
,,,0.2007,2600.8082,0.08624,1.61954
,,,0.2008,2600.80597,0.08633,1.61954
,,,0.2009,2600.80375,0.08643,1.61276
,,,0.201,2601.06161,0.08652,1.61276
,,,0.2011,2601.05937,0.08661,1.61954
,,,0.2012,2601.23048,0.0867,1.60598
,,,0.2013,2601.22824,0.0868,1.63988
,,,0.2014,2601.05268,0.08689,1.61954
,,,0.2015,2601.13717,0.08698,1.61276
,,,0.2016,2601.13495,0.08708,1.61954
,,,0.2017,2601.13273,0.08717,1.61954
,,,0.2018,2601.13051,0.08726,1.60598
,,,0.2019,2601.30162,0.08735,1.61954
,,,0.202,2601.2994,0.08745,1.61276
,,,0.2021,2601.55718,0.08754,1.61276
,,,0.2022,2601.55495,0.08763,1.63311
,,,0.2023,2601.98584,0.08772,1.61954
,,,0.2024,2601.9836,0.08782,1.61954
,,,0.2025,2601.89469,0.08791,1.61954
,,,0.2026,2601.89246,0.088,1.60598
,,,0.2027,2602.06347,0.0881,1.61954
,,,0.2028,2602.06123,0.08819,1.61276
,,,0.2029,2602.059,0.08828,1.61276
,,,0.203,2602.05677,0.08837,1.60598
,,,0.2031,2602.05454,0.08847,1.61954
,,,0.2032,2602.48538,0.08856,1.61276
,,,0.2033,2602.48313,0.08865,1.58563
,,,0.2034,2602.48089,0.08875,1.5992
,,,0.2035,2602.47865,0.08884,1.5992
,,,0.2036,2602.82275,0.08893,1.60598
,,,0.2037,2602.8205,0.08902,1.60598
,,,0.2038,2603.33761,0.08912,1.61276
,,,0.2039,2603.33533,0.08921,1.61954
,,,0.204,2603.76578,0.0893,1.5992
,,,0.2041,2604.36899,0.0894,1.61276
,,,0.2042,2604.36667,0.08949,1.60598
,,,0.2043,2604.7967,0.08958,1.61276
,,,0.2044,2604.79437,0.08967,1.5992
,,,0.2045,2605.13787,0.08977,1.59242
,,,0.2046,2605.13552,0.08986,1.60598
,,,0.2047,2605.30607,0.08995,1.59242
,,,0.2048,2605.30372,0.09004,1.61276
,,,0.2049,2605.47424,0.09014,1.59242
,,,0.205,2605.47189,0.09023,1.58563
,,,0.2051,2605.90168,0.09032,1.5992
,,,0.2052,2605.89931,0.09042,1.59242
,,,0.2053,2606.15618,0.09051,1.59242
,,,0.2054,2606.49934,0.0906,1.61276
,,,0.2055,2606.49695,0.09069,1.59242
,,,0.2056,2606.84003,0.09079,1.63311
,,,0.2057,2606.83762,0.09088,1.61954
,,,0.2058,2607.2669,0.09097,1.60598
,,,0.2059,2607.26448,0.09107,1.58563
,,,0.206,2607.08939,0.09116,1.5992
,,,0.2061,2607.08698,0.09125,1.5992
,,,0.2062,2607.51619,0.09134,1.59242
,,,0.2063,2607.51377,0.09144,1.5992
,,,0.2064,2607.94285,0.09153,1.61954
,,,0.2065,2607.94041,0.09162,1.61954
,,,0.2066,2608.11056,0.09172,1.61954
,,,0.2067,2608.45323,0.09181,1.5992
,,,0.2068,2608.45078,0.0919,1.60598
,,,0.2069,2608.53455,0.09199,1.59242
,,,0.207,2608.53209,0.09209,1.61276
,,,0.2071,2608.87467,0.09218,1.60598
,,,0.2072,2608.8722,0.09227,1.61276
,,,0.2073,2608.95603,0.09236,1.61954
,,,0.2074,2608.95356,0.09246,1.58563
,,,0.2075,2609.29603,0.09255,1.59242
,,,0.2076,2609.29356,0.09264,1.5992
,,,0.2077,2609.72219,0.09274,1.59242
,,,0.2078,2609.71969,0.09283,1.5992
,,,0.2079,2609.8896,0.09292,1.60598
,,,0.208,2610.49037,0.09301,1.5992
,,,0.2081,2610.48785,0.09311,1.58563
,,,0.2082,2610.57153,0.0932,1.5992
,,,0.2083,2610.56901,0.09329,1.58563
,,,0.2084,2610.91107,0.09339,1.60598
,,,0.2085,2610.90854,0.09348,1.5992
,,,0.2086,2611.42274,0.09357,1.59242
,,,0.2087,2611.42019,0.09366,1.59242
,,,0.2088,2611.41764,0.09376,1.60598
,,,0.2089,2611.41509,0.09385,1.62632
,,,0.209,2611.75695,0.09394,1.61276
,,,0.2091,2611.75439,0.09404,1.61954
,,,0.2092,2612.09616,0.09413,1.5992
,,,0.2093,2612.43784,0.09422,1.60598
,,,0.2094,2612.43525,0.09431,1.61276
,,,0.2095,2612.51868,0.09441,1.61954
,,,0.2096,2612.5161,0.0945,1.61276
,,,0.2097,2612.85768,0.09459,1.60598
,,,0.2098,2612.85508,0.09468,1.61954
,,,0.2099,2613.02454,0.09478,1.60598
,,,0.21,2613.02195,0.09487,1.61954
,,,0.2101,2613.10542,0.09496,1.60598
,,,0.2102,2613.10282,0.09506,1.59242
,,,0.2103,2613.44427,0.09515,1.60598
,,,0.2104,2613.44166,0.09524,1.63988
,,,0.2105,2613.69708,0.09533,1.63988
,,,0.2106,2613.7804,0.09543,1.61954
,,,0.2107,2613.77779,0.09552,1.5992
,,,0.2108,2613.94713,0.09561,1.64667
,,,0.2109,2613.94452,0.09571,1.61954
,,,0.211,2614.02792,0.0958,1.63311
,,,0.2111,2614.02531,0.09589,1.63311
,,,0.2112,2613.85076,0.09598,1.61954
,,,0.2113,2613.84816,0.09608,1.58563
,,,0.2114,2613.75964,0.09617,1.62632
,,,0.2115,2613.75705,0.09626,1.61954
,,,0.2116,2613.75447,0.09636,1.60598
,,,0.2117,2613.7519,0.09645,1.63988
,,,0.2118,2614.09321,0.09654,1.63988
,,,0.2119,2614.26254,0.09663,1.63988
,,,0.212,2614.25994,0.09673,1.63311
,,,0.2121,2614.51515,0.09682,1.61954
,,,0.2122,2614.51255,0.09691,1.63311
,,,0.2123,2614.42397,0.097,1.61276
,,,0.2124,2614.42138,0.0971,1.63311
,,,0.2125,2614.67665,0.09719,1.61954
,,,0.2126,2614.67406,0.09728,1.61954
,,,0.2127,2615.1011,0.09738,1.64667
,,,0.2128,2615.09849,0.09747,1.63311
,,,0.2129,2614.92406,0.09756,1.61954
,,,0.213,2614.92147,0.09765,1.61954
,,,0.2131,2614.74704,0.09775,1.63311
,,,0.2132,2614.74446,0.09784,1.62632
,,,0.2133,2614.74189,0.09793,1.65345
,,,0.2134,2614.48158,0.09803,1.61954
,,,0.2135,2614.47903,0.09812,1.64667
,,,0.2136,2614.47648,0.09821,1.63988
,,,0.2137,2614.47394,0.0983,1.63311
,,,0.2138,2614.72923,0.0984,1.64667
,,,0.2139,2614.72669,0.09849,1.64667
,,,0.214,2614.72414,0.09858,1.63311
,,,0.2141,2614.7216,0.09868,1.62632
,,,0.2142,2614.71906,0.09877,1.66023
,,,0.2143,2614.71653,0.09886,1.63311
,,,0.2144,2615.14351,0.09895,1.63311
,,,0.2145,2615.31275,0.09905,1.64667
,,,0.2146,2615.31019,0.09914,1.63311
,,,0.2147,2615.0499,0.09923,1.63311
,,,0.2148,2615.04737,0.09932,1.63988
,,,0.2149,2615.21664,0.09942,1.63311
,,,0.215,2615.2141,0.09951,1.63988
,,,0.2151,2615.55511,0.0996,1.63988
,,,0.2152,2615.55257,0.0997,1.63988
,,,0.2153,2615.46419,0.09979,1.66702
,,,0.2154,2615.46165,0.09988,1.62632
,,,0.2155,2615.63087,0.09997,1.61276
,,,0.2156,2615.62833,0.10007,1.64667
,,,0.2157,2615.79753,0.10016,1.62632
,,,0.2158,2615.70917,0.10025,1.63988
,,,0.2159,2615.70664,0.10035,1.64667
,,,0.216,2615.70411,0.10044,1.62632
,,,0.2161,2615.70159,0.10053,1.63988
,,,0.2162,2615.78489,0.10062,1.64667
,,,0.2163,2615.78237,0.10072,1.64667
,,,0.2164,2616.29494,0.10081,1.65345
,,,0.2165,2616.2924,0.1009,1.64667
,,,0.2166,2616.80488,0.101,1.65345
,,,0.2167,2616.80232,0.10109,1.66023
,,,0.2168,2616.79976,0.10118,1.66023
,,,0.2169,2616.7972,0.10127,1.66023
,,,0.217,2616.70879,0.10137,1.66702
,,,0.2171,2616.70625,0.10146,1.65345
,,,0.2172,2616.70371,0.10155,1.66702
,,,0.2173,2616.87279,0.10164,1.65345
,,,0.2174,2616.87024,0.10174,1.66023
,,,0.2175,2616.78194,0.10183,1.64667
,,,0.2176,2616.77941,0.10192,1.66023
,,,0.2177,2616.69112,0.10202,1.64667
,,,0.2178,2616.6886,0.10211,1.66023
,,,0.2179,2617.20088,0.1022,1.65345
,,,0.218,2617.19834,0.10229,1.66023
,,,0.2181,2617.36736,0.10239,1.66023
,,,0.2182,2617.36482,0.10248,1.63988
,,,0.2183,2617.27655,0.10257,1.65345
,,,0.2184,2617.35984,0.10267,1.65345
,,,0.2185,2617.35731,0.10276,1.66023
,,,0.2186,2617.35479,0.10285,1.67379
,,,0.2187,2617.35226,0.10294,1.64667
,,,0.2188,2617.09244,0.10304,1.66702
,,,0.2189,2617.08994,0.10313,1.68058
,,,0.219,2617.25901,0.10322,1.68736
,,,0.2191,2617.25651,0.10332,1.66702
,,,0.2192,2617.76861,0.10341,1.68058
,,,0.2193,2617.76608,0.1035,1.67379
,,,0.2194,2617.76356,0.10359,1.67379
,,,0.2195,2617.76104,0.10369,1.66702
,,,0.2196,2617.84424,0.10378,1.65345
,,,0.2197,2618.09899,0.10387,1.67379
,,,0.2198,2618.09646,0.10396,1.67379
,,,0.2199,2618.09394,0.10406,1.66702
,,,0.22,2618.09142,0.10415,1.64667
,,,0.2201,2618.34605,0.10424,1.65345
,,,0.2202,2618.34352,0.10434,1.66702
,,,0.2203,2618.341,0.10443,1.64667
,,,0.2204,2618.33849,0.10452,1.67379
,,,0.2205,2618.5074,0.10461,1.66023
,,,0.2206,2618.50488,0.10471,1.66023
,,,0.2207,2618.75952,0.1048,1.66702
,,,0.2208,2618.757,0.10489,1.65345
,,,0.2209,2618.75448,0.10499,1.66702
,,,0.221,2618.75196,0.10508,1.66702
,,,0.2211,2618.74944,0.10517,1.69414
,,,0.2212,2618.83267,0.10526,1.69414
,,,0.2213,2618.83016,0.10536,1.68736
,,,0.2214,2618.82765,0.10545,1.70092
,,,0.2215,2618.82515,0.10554,1.68058
,,,0.2216,2618.73691,0.10564,1.70092
,,,0.2217,2618.73442,0.10573,1.68058
,,,0.2218,2618.21768,0.10582,1.66702
,,,0.2219,2618.21522,0.10591,1.68058
,,,0.222,2618.46987,0.10601,1.66702
,,,0.2221,2618.55307,0.1061,1.66702
,,,0.2222,2618.55061,0.10619,1.66023
,,,0.2223,2618.29106,0.10628,1.64667
,,,0.2224,2618.28862,0.10638,1.66023
,,,0.2225,2618.02896,0.10647,1.64667
,,,0.2226,2618.02654,0.10656,1.61954
,,,0.2227,2618.02413,0.10666,1.64667
,,,0.2228,2618.02172,0.10675,1.64667
,,,0.2229,2617.76205,0.10684,1.64667
,,,0.223,2617.75966,0.10693,1.64667
,,,0.2231,2617.67148,0.10703,1.64667
,,,0.2232,2617.6691,0.10712,1.64667
,,,0.2233,2617.75243,0.10721,1.67379
,,,0.2234,2617.57856,0.10731,1.66702
,,,0.2235,2617.57619,0.1074,1.65345
,,,0.2236,2617.48812,0.10749,1.68736
,,,0.2237,2617.48577,0.10758,1.67379
,,,0.2238,2617.56922,0.10768,1.68736
,,,0.2239,2617.56687,0.10777,1.67379
,,,0.224,2617.65032,0.10786,1.69414
,,,0.2241,2617.64797,0.10796,1.67379
,,,0.2242,2617.55992,0.10805,1.66023
,,,0.2243,2617.55759,0.10814,1.64667
,,,0.2244,2617.64096,0.10823,1.66702
,,,0.2245,2617.63863,0.10833,1.63311
,,,0.2246,2617.46479,0.10842,1.63988
,,,0.2247,2617.54819,0.10851,1.63311
,,,0.2248,2617.54587,0.1086,1.63311
,,,0.2249,2617.71505,0.1087,1.62632
,,,0.225,2617.71272,0.10879,1.63988
,,,0.2251,2617.79619,0.10888,1.63988
,,,0.2252,2617.79387,0.10898,1.63988
,,,0.2253,2617.53437,0.10907,1.64667
,,,0.2254,2617.53207,0.10916,1.62632
,,,0.2255,2617.27246,0.10925,1.66702
,,,0.2256,2617.27019,0.10935,1.66702
,,,0.2257,2616.92474,0.10944,1.65345
,,,0.2258,2616.92249,0.10953,1.66702
,,,0.2259,2617.00597,0.10963,1.66702
,,,0.226,2617.00372,0.10972,1.66702
,,,0.2261,2617.00148,0.10981,1.64667
,,,0.2262,2616.82768,0.1099,1.67379
,,,0.2263,2616.82545,0.11,1.64667
,,,0.2264,2616.73739,0.11009,1.68736
,,,0.2265,2616.73517,0.11018,1.63988
,,,0.2266,2616.90453,0.11028,1.64667
,,,0.2267,2616.90231,0.11037,1.64667
,,,0.2268,2616.90009,0.11046,1.63311
,,,0.2269,2616.89787,0.11055,1.63311
,,,0.227,2616.72409,0.11065,1.62632
,,,0.2271,2616.7219,0.11074,1.62632
,,,0.2272,2616.63395,0.11083,1.63311
,,,0.2273,2616.71751,0.11092,1.63311
,,,0.2274,2616.71533,0.11102,1.63311
,,,0.2275,2616.45571,0.11111,1.64667
,,,0.2276,2616.45354,0.1112,1.63988
,,,0.2277,2616.53722,0.1113,1.65345
,,,0.2278,2616.53506,0.11139,1.64667
,,,0.2279,2616.79022,0.11148,1.64667
,,,0.228,2616.78805,0.11157,1.64667
,,,0.2281,2616.78588,0.11167,1.63311
,,,0.2282,2616.78371,0.11176,1.66702
,,,0.2283,2616.35253,0.11185,1.65345
,,,0.2284,2616.35039,0.11195,1.63988
,,,0.2285,2616.51986,0.11204,1.66023
,,,0.2286,2616.60356,0.11213,1.64667
,,,0.2287,2616.60141,0.11222,1.64667
,,,0.2288,2616.68511,0.11232,1.65345
,,,0.2289,2616.68297,0.11241,1.60598
,,,0.229,2617.02403,0.1125,1.62632
,,,0.2291,2617.02188,0.1126,1.61954
,,,0.2292,2616.84818,0.11269,1.62632
,,,0.2293,2616.84604,0.11278,1.64667
,,,0.2294,2616.84391,0.11287,1.62632
,,,0.2295,2616.84178,0.11297,1.63311
,,,0.2296,2616.75383,0.11306,1.62632
,,,0.2297,2616.75171,0.11315,1.64667
,,,0.2298,2616.57802,0.11324,1.61276
,,,0.2299,2616.57591,0.11334,1.64667
,,,0.23,2616.57381,0.11343,1.64667
,,,0.2301,2616.74328,0.11352,1.64667
,,,0.2302,2616.74118,0.11362,1.64667
,,,0.2303,2616.82481,0.11371,1.63988
,,,0.2304,2616.82271,0.1138,1.63988
,,,0.2305,2616.39171,0.11389,1.63311
,,,0.2306,2616.38964,0.11399,1.64667
,,,0.2307,2616.38757,0.11408,1.61954
,,,0.2308,2616.3855,0.11417,1.64667
,,,0.2309,2616.64077,0.11427,1.63988
,,,0.231,2616.6387,0.11436,1.63988
,,,0.2311,2616.72245,0.11445,1.63311
,,,0.2312,2616.89193,0.11454,1.64667
,,,0.2313,2616.88985,0.11464,1.62632
,,,0.2314,2617.23083,0.11473,1.63311
,,,0.2315,2617.22873,0.11482,1.62632
,,,0.2316,2617.6554,0.11492,1.62632
,,,0.2317,2617.65329,0.11501,1.61954
,,,0.2318,2617.56549,0.1151,1.63311
,,,0.2319,2617.56339,0.11519,1.64667
,,,0.232,2617.9042,0.11529,1.64667
,,,0.2321,2617.90209,0.11538,1.63988
,,,0.2322,2618.15716,0.11547,1.63311
,,,0.2323,2618.15504,0.11556,1.64667
,,,0.2324,2618.15292,0.11566,1.62632
,,,0.2325,2618.15081,0.11575,1.61954
,,,0.2326,2618.1487,0.11584,1.63311
,,,0.2327,2618.14659,0.11594,1.61954
,,,0.2328,2618.14448,0.11603,1.63988
,,,0.2329,2618.22804,0.11612,1.61954
,,,0.233,2618.22594,0.11621,1.60598
,,,0.2331,2618.22384,0.11631,1.64667
,,,0.2332,2618.22174,0.1164,1.62632
,,,0.2333,2618.3053,0.11649,1.63311
,,,0.2334,2618.30321,0.11659,1.64667
,,,0.2335,2618.30111,0.11668,1.64667
,,,0.2336,2618.29902,0.11677,1.64667
,,,0.2337,2618.29694,0.11686,1.61954
,,,0.2338,2618.2092,0.11696,1.62632
,,,0.2339,2618.20713,0.11705,1.63988
,,,0.234,2618.37645,0.11714,1.66023
,,,0.2341,2618.37437,0.11724,1.61276
,,,0.2342,2618.54366,0.11733,1.61954
,,,0.2343,2618.54158,0.11742,1.61954
,,,0.2344,2618.79648,0.11751,1.61954
,,,0.2345,2618.79439,0.11761,1.63988
,,,0.2346,2618.7923,0.1177,1.64667
,,,0.2347,2618.79022,0.11779,1.64667
,,,0.2348,2619.13085,0.11788,1.62632
,,,0.2349,2619.12876,0.11798,1.63988
,,,0.235,2619.38363,0.11807,1.63988
,,,0.2351,2619.29594,0.11816,1.63988
,,,0.2352,2619.29384,0.11826,1.62632
,,,0.2353,2619.37734,0.11835,1.62632
,,,0.2354,2619.37525,0.11844,1.62632
,,,0.2355,2619.63008,0.11853,1.62632
,,,0.2356,2619.62798,0.11863,1.63988
,,,0.2357,2619.36895,0.11872,1.64667
,,,0.2358,2619.36687,0.11881,1.64667
,,,0.2359,2619.36479,0.11891,1.62632
,,,0.236,2619.36272,0.119,1.65345
,,,0.2361,2619.5319,0.11909,1.66023
,,,0.2362,2619.52983,0.11918,1.64667
,,,0.2363,2619.69899,0.11928,1.64667
,,,0.2364,2619.86813,0.11937,1.65345
,,,0.2365,2619.86604,0.11946,1.64667
,,,0.2366,2619.86396,0.11956,1.66023
,,,0.2367,2619.86187,0.11965,1.63988
,,,0.2368,2619.77414,0.11974,1.64667
,,,0.2369,2619.77207,0.11983,1.64667
,,,0.237,2619.59877,0.11993,1.66023
,,,0.2371,2619.59672,0.12002,1.65345
,,,0.2372,2619.42342,0.12011,1.64667
,,,0.2373,2619.42138,0.1202,1.64667
,,,0.2374,2619.59059,0.1203,1.64667
,,,0.2375,2619.58854,0.12039,1.65345
,,,0.2376,2619.32958,0.12048,1.64667
,,,0.2377,2619.24188,0.12058,1.64667
,,,0.2378,2619.23986,0.12067,1.66023
,,,0.2379,2619.15217,0.12076,1.65345
,,,0.238,2619.15016,0.12085,1.64667
,,,0.2381,2618.97678,0.12095,1.66023
,,,0.2382,2618.9748,0.12104,1.64667
,,,0.2383,2618.97281,0.12113,1.63311
,,,0.2384,2618.97083,0.12123,1.66023
,,,0.2385,2619.22573,0.12132,1.66702
,,,0.2386,2619.22374,0.12141,1.66023
,,,0.2387,2619.39301,0.1215,1.64667
,,,0.2388,2619.39102,0.1216,1.65345
,,,0.2389,2619.56027,0.12169,1.63988
,,,0.239,2619.64385,0.12178,1.63311
,,,0.2391,2619.64185,0.12188,1.64667
,,,0.2392,2619.55419,0.12197,1.66023
,,,0.2393,2619.5522,0.12206,1.64667
,,,0.2394,2619.55021,0.12215,1.66023
,,,0.2395,2619.54823,0.12225,1.61954
,,,0.2396,2619.97424,0.12234,1.63311
,,,0.2397,2619.97224,0.12243,1.64667
,,,0.2398,2620.05587,0.12252,1.63988
,,,0.2399,2620.05387,0.12262,1.64667
,,,0.24,2620.22314,0.12271,1.64667
,,,0.2401,2620.22113,0.1228,1.68736
,,,0.2402,2620.21913,0.1229,1.63311
,,,0.2403,2620.21714,0.12299,1.66702
,,,0.2404,2620.21514,0.12308,1.62632
,,,0.2405,2620.12752,0.12317,1.65345
,,,0.2406,2620.12554,0.12327,1.62632
,,,0.2407,2620.2091,0.12336,1.66023
,,,0.2408,2620.20711,0.12345,1.63311
,,,0.2409,2620.54742,0.12355,1.64667
,,,0.241,2620.54543,0.12364,1.66702
,,,0.2411,2620.62904,0.12373,1.65345
,,,0.2412,2620.62704,0.12382,1.63311
,,,0.2413,2620.62505,0.12392,1.64667
,,,0.2414,2620.62307,0.12401,1.66702
,,,0.2415,2620.62108,0.1241,1.65345
,,,0.2416,2621.04688,0.1242,1.64667
,,,0.2417,2621.04487,0.12429,1.64667
,,,0.2418,2620.95729,0.12438,1.64667
,,,0.2419,2620.9553,0.12447,1.63311
,,,0.242,2621.46656,0.12457,1.65345
,,,0.2421,2621.46454,0.12466,1.66023
,,,0.2422,2621.20593,0.12475,1.63988
,,,0.2423,2621.20393,0.12484,1.64667
,,,0.2424,2621.37299,0.12494,1.63988
,,,0.2425,2621.37099,0.12503,1.64667
,,,0.2426,2621.36899,0.12512,1.64667
,,,0.2427,2621.367,0.12522,1.64667
,,,0.2428,2621.36501,0.12531,1.63988
,,,0.2429,2621.27746,0.1254,1.63311
,,,0.243,2621.27549,0.12549,1.63988
,,,0.2431,2621.18794,0.12559,1.60598
,,,0.2432,2621.18598,0.12568,1.63311
,,,0.2433,2621.26958,0.12577,1.63988
,,,0.2434,2621.26761,0.12587,1.64667
,,,0.2435,2621.43677,0.12596,1.63988
,,,0.2436,2621.4348,0.12605,1.63311
,,,0.2437,2621.60385,0.12614,1.62632
,,,0.2438,2621.60187,0.12624,1.63311
,,,0.2439,2621.4288,0.12633,1.64667
,,,0.244,2621.42684,0.12642,1.62632
,,,0.2441,2621.25386,0.12652,1.64667
,,,0.2442,2621.59396,0.12661,1.64667
,,,0.2443,2621.592,0.1267,1.64667
,,,0.2444,2621.67559,0.12679,1.64667
,,,0.2445,2621.67363,0.12689,1.63988
,,,0.2446,2621.67168,0.12698,1.64667
,,,0.2447,2621.66973,0.12707,1.63311
,,,0.2448,2622.18077,0.12716,1.66702
,,,0.2449,2622.1788,0.12726,1.63988
,,,0.245,2622.17683,0.12735,1.62632
,,,0.2451,2622.17486,0.12744,1.62632
,,,0.2452,2622.25841,0.12754,1.64667
,,,0.2453,2622.34195,0.12763,1.64667
,,,0.2454,2622.33998,0.12772,1.64667
,,,0.2455,2622.59442,0.12781,1.65345
,,,0.2456,2622.59245,0.12791,1.65345
,,,0.2457,2623.10317,0.128,1.64667
,,,0.2458,2623.10117,0.12809,1.63311
,,,0.2459,2623.27001,0.12819,1.64667
,,,0.246,2623.26801,0.12828,1.63988
,,,0.2461,2623.52227,0.12837,1.62632
,,,0.2462,2623.52026,0.12846,1.63988
,,,0.2463,2623.77447,0.12856,1.64667
,,,0.2464,2623.77245,0.12865,1.63988
,,,0.2465,2624.19735,0.12874,1.64667
,,,0.2466,2624.28072,0.12884,1.64667
,,,0.2467,2624.27868,0.12893,1.65345
,,,0.2468,2624.53275,0.12902,1.64667
,,,0.2469,2624.5307,0.12911,1.64667
,,,0.247,2624.52866,0.12921,1.63988
,,,0.2471,2624.52662,0.1293,1.63988
,,,0.2472,2624.52458,0.12939,1.62632
,,,0.2473,2624.52254,0.12948,1.64667
,,,0.2474,2624.77657,0.12958,1.64667
,,,0.2475,2624.77453,0.12967,1.64667
,,,0.2476,2624.85786,0.12976,1.64667
,,,0.2477,2624.85582,0.12986,1.64667
,,,0.2478,2624.7685,0.12995,1.62632
,,,0.2479,2624.76647,0.13004,1.64667
,,,0.248,2624.76444,0.13013,1.63988
,,,0.2481,2624.84779,0.13023,1.64667
,,,0.2482,2624.84577,0.13032,1.63988
,,,0.2483,2624.92911,0.13041,1.64667
,,,0.2484,2624.92709,0.13051,1.65345
,,,0.2485,2625.09579,0.1306,1.64667
,,,0.2486,2625.09376,0.13069,1.64667
,,,0.2487,2625.17709,0.13078,1.64667
,,,0.2488,2625.17507,0.13088,1.64667
,,,0.2489,2625.34365,0.13097,1.64667
,,,0.249,2625.34162,0.13106,1.64667
,,,0.2491,2625.1689,0.13116,1.64667
,,,0.2492,2625.25224,0.13125,1.64667
,,,0.2493,2625.25022,0.13134,1.63311
,,,0.2494,2625.16295,0.13143,1.64667
,,,0.2495,2625.16094,0.13153,1.64667
,,,0.2496,2625.32964,0.13162,1.66702
,,,0.2497,2625.32763,0.13171,1.64667
,,,0.2498,2625.4963,0.1318,1.68058
,,,0.2499,2625.49429,0.1319,1.65345
,,,0.25,2625.49228,0.13199,1.66023
,,,0.2501,2625.49028,0.13208,1.64667
,,,0.2502,2625.40294,0.13218,1.64667
,,,0.2503,2625.40095,0.13227,1.65345
,,,0.2504,2625.65486,0.13236,1.66702
,,,0.2505,2625.90873,0.13245,1.64667
,,,0.2506,2625.90671,0.13255,1.64667
,,,0.2507,2625.99001,0.13264,1.66702
,,,0.2508,2625.988,0.13273,1.64667
,,,0.2509,2626.49758,0.13283,1.63988
,,,0.251,2626.49554,0.13292,1.65345
,,,0.2511,2626.06723,0.13301,1.64667
,,,0.2512,2626.06522,0.1331,1.66702
,,,0.2513,2626.23373,0.1332,1.64667
,,,0.2514,2626.23172,0.13329,1.64667
,,,0.2515,2625.97399,0.13338,1.63311
,,,0.2516,2625.97201,0.13348,1.63988
,,,0.2517,2625.97002,0.13357,1.65345
,,,0.2518,2626.22385,0.13366,1.65345
,,,0.2519,2626.22186,0.13375,1.64667
,,,0.252,2626.81655,0.13385,1.65345
,,,0.2521,2626.81453,0.13394,1.66702
,,,0.2522,2626.98303,0.13403,1.65345
,,,0.2523,2626.981,0.13412,1.63988
,,,0.2524,2627.06415,0.13422,1.63988
,,,0.2525,2627.06212,0.13431,1.66023
,,,0.2526,2627.0601,0.1344,1.66702
,,,0.2527,2627.05809,0.1345,1.65345
,,,0.2528,2627.31171,0.13459,1.64667
,,,0.2529,2627.30969,0.13468,1.64667
,,,0.253,2627.64848,0.13477,1.66023
,,,0.2531,2628.0723,0.13487,1.64667
,,,0.2532,2628.07024,0.13496,1.66702
,,,0.2533,2628.32367,0.13505,1.63988
,,,0.2534,2628.3216,0.13515,1.64667
,,,0.2535,2628.48981,0.13524,1.63988
,,,0.2536,2628.48774,0.13533,1.63988
,,,0.2537,2628.57084,0.13542,1.64667
,,,0.2538,2628.56877,0.13552,1.63988
,,,0.2539,2628.39645,0.13561,1.63988
,,,0.254,2628.3944,0.1357,1.64667
,,,0.2541,2629.24355,0.1358,1.66023
,,,0.2542,2629.24146,0.13589,1.64667
,,,0.2543,2629.49457,0.13598,1.63988
,,,0.2544,2629.74763,0.13607,1.65345
,,,0.2545,2629.74552,0.13617,1.64667
,,,0.2546,2629.82851,0.13626,1.64667
,,,0.2547,2629.8264,0.13635,1.64667
,,,0.2548,2629.73919,0.13644,1.63988
,,,0.2549,2629.73709,0.13654,1.64667
,,,0.255,2629.9052,0.13663,1.64667
,,,0.2551,2629.9031,0.13672,1.65345
,,,0.2552,2630.15618,0.13682,1.64667
,,,0.2553,2630.15407,0.13691,1.62632
,,,0.2554,2630.49209,0.137,1.63988
,,,0.2555,2630.48996,0.13709,1.66023
,,,0.2556,2630.65788,0.13719,1.63988
,,,0.2557,2631.16576,0.13728,1.63988
,,,0.2558,2631.1636,0.13737,1.63311
,,,0.2559,2631.58638,0.13747,1.63311
,,,0.256,2631.58421,0.13756,1.62632
,,,0.2561,2631.83696,0.13765,1.61954
,,,0.2562,2631.83478,0.13774,1.62632
,,,0.2563,2632.34233,0.13784,1.63988
,,,0.2564,2632.34013,0.13793,1.62632
,,,0.2565,2632.4229,0.13802,1.62632
,,,0.2566,2632.4207,0.13812,1.63988
,,,0.2567,2632.75815,0.13821,1.64667
,,,0.2568,2632.75594,0.1383,1.62632
,,,0.2569,2633.26308,0.13839,1.60598
,,,0.257,2633.68522,0.13849,1.62632
,,,0.2571,2633.68296,0.13858,1.63311
,,,0.2572,2634.10498,0.13867,1.63988
,,,0.2573,2634.10271,0.13876,1.63988
,,,0.2574,2634.18531,0.13886,1.63311
,,,0.2575,2634.18304,0.13895,1.62632
,,,0.2576,2634.4352,0.13904,1.60598
,,,0.2577,2634.43292,0.13914,1.60598
,,,0.2578,2634.76988,0.13923,1.61276
,,,0.2579,2634.76759,0.13932,1.5992
,,,0.258,2635.01972,0.13941,1.62632
,,,0.2581,2635.01742,0.13951,1.61276
,,,0.2582,2635.18478,0.1396,1.63988
,,,0.2583,2635.35202,0.13969,1.62632
,,,0.2584,2635.34971,0.13979,1.62632
,,,0.2585,2635.51694,0.13988,1.63311
,,,0.2586,2635.51463,0.13997,1.62632
,,,0.2587,2635.68183,0.14006,1.62632
,,,0.2588,2635.67952,0.14016,1.62632
,,,0.2589,2635.67721,0.14025,1.62632
,,,0.259,2635.67491,0.14034,1.64667
,,,0.2591,2635.67261,0.14044,1.63988
,,,0.2592,2635.67031,0.14053,1.61954
,,,0.2593,2635.75281,0.14062,1.61954
,,,0.2594,2635.75051,0.14071,1.65345
,,,0.2595,2635.40912,0.14081,1.61954
,,,0.2596,2635.32205,0.1409,1.61954
,,,0.2597,2635.31979,0.14099,1.63988
,,,0.2598,2635.31753,0.14108,1.62632
,,,0.2599,2635.31528,0.14118,1.61954
,,,0.26,2635.31303,0.14127,1.63311
,,,0.2601,2635.31079,0.14136,1.62632
,,,0.2602,2635.39327,0.14146,1.62632
,,,0.2603,2635.39103,0.14155,1.62632
,,,0.2604,2635.38879,0.14164,1.62632
,,,0.2605,2635.38656,0.14173,1.65345
,,,0.2606,2635.63854,0.14183,1.61954
,,,0.2607,2635.6363,0.14192,1.65345
,,,0.2608,2635.63406,0.14201,1.62632
,,,0.2609,2635.54703,0.14211,1.60598
,,,0.261,2635.54481,0.1422,1.61954
,,,0.2611,2635.03399,0.14229,1.62632
,,,0.2612,2635.0318,0.14238,1.62632
,,,0.2613,2634.85997,0.14248,1.63988
,,,0.2614,2634.85779,0.14257,1.63311
,,,0.2615,2634.51644,0.14266,1.62632
,,,0.2616,2634.5143,0.14276,1.62632
,,,0.2617,2634.42731,0.14285,1.63311
,,,0.2618,2634.42517,0.14294,1.62632
,,,0.2619,2633.74444,0.14303,1.63311
,,,0.262,2633.74235,0.14313,1.63988
,,,0.2621,2633.31596,0.14322,1.61954
,,,0.2622,2633.14416,0.14331,1.61954
,,,0.2623,2633.14212,0.1434,1.61954
,,,0.2624,2632.80046,0.1435,1.63988
,,,0.2625,2632.79844,0.14359,1.62632
,,,0.2626,2632.62664,0.14368,1.61954
,,,0.2627,2632.62464,0.14378,1.63988
,,,0.2628,2632.45275,0.14387,1.61954
,,,0.2629,2632.45076,0.14396,1.62632
,,,0.263,2632.10903,0.14405,1.62632
,,,0.2631,2632.10707,0.14415,1.63988
,,,0.2632,2631.42549,0.14424,1.64667
,,,0.2633,2631.42357,0.14433,1.61954
,,,0.2634,2630.91183,0.14443,1.62632
,,,0.2635,2630.39996,0.14452,1.62632
,,,0.2636,2630.39811,0.14461,1.61954
,,,0.2637,2629.88603,0.1447,1.62632
,,,0.2638,2629.88422,0.1448,1.61276
,,,0.2639,2629.3721,0.14489,1.61276
,,,0.264,2629.37032,0.14498,1.63311
,,,0.2641,2629.28343,0.14508,1.61276
,,,0.2642,2629.28166,0.14517,1.63311
,,,0.2643,2629.02463,0.14526,1.63988
,,,0.2644,2629.02288,0.14535,1.63311
,,,0.2645,2628.25519,0.14545,1.64667
,,,0.2646,2628.25348,0.14554,1.60598
,,,0.2647,2627.91127,0.14563,1.63988
,,,0.2648,2627.31348,0.14572,1.62632
,,,0.2649,2627.31184,0.14582,1.63311
,,,0.265,2626.71387,0.14591,1.62632
,,,0.2651,2626.71227,0.146,1.63311
,,,0.2652,2626.45501,0.1461,1.60598
,,,0.2653,2626.45342,0.14619,1.62632
,,,0.2654,2625.9404,0.14628,1.61276
,,,0.2655,2625.93885,0.14637,1.61954
,,,0.2656,2625.85201,0.14647,1.62632
,,,0.2657,2625.85047,0.14656,1.62632
,,,0.2658,2625.67843,0.14665,1.62632
,,,0.2659,2625.6769,0.14675,1.60598
,,,0.266,2625.16379,0.14684,1.62632
,,,0.2661,2624.82107,0.14693,1.61954
,,,0.2662,2624.81959,0.14702,1.63311
,,,0.2663,2624.39154,0.14712,1.62632
,,,0.2664,2624.39009,0.14721,1.60598
,,,0.2665,2624.30328,0.1473,1.63311
,,,0.2666,2624.30184,0.1474,1.61954
,,,0.2667,2623.95909,0.14749,1.62632
,,,0.2668,2623.95767,0.14758,1.61954
,,,0.2669,2623.78557,0.14767,1.64667
,,,0.267,2623.78416,0.14777,1.63988
,,,0.2671,2623.27051,0.14786,1.61954
,,,0.2672,2623.26914,0.14795,1.61276
,,,0.2673,2623.18235,0.14804,1.61954
,,,0.2674,2623.01022,0.14814,1.62632
,,,0.2675,2623.00887,0.14823,1.63311
,,,0.2676,2623.09295,0.14832,1.63988
,,,0.2677,2623.09159,0.14842,1.63311
,,,0.2678,2623.09024,0.14851,1.64667
,,,0.2679,2623.08889,0.1486,1.61954
,,,0.268,2623.00212,0.14869,1.63311
,,,0.2681,2623.00077,0.14879,1.65345
,,,0.2682,2622.82865,0.14888,1.63988
,,,0.2683,2622.82733,0.14897,1.61954
,,,0.2684,2622.56975,0.14907,1.63311
,,,0.2685,2622.73934,0.14916,1.63988
,,,0.2686,2622.73802,0.14925,1.62632
,,,0.2687,2622.82214,0.14934,1.62632
,,,0.2688,2622.82082,0.14944,1.63311
,,,0.2689,2622.47781,0.14953,1.63988
,,,0.269,2622.47651,0.14962,1.63311
,,,0.2691,2622.21892,0.14972,1.65345
,,,0.2692,2622.21764,0.14981,1.61954
,,,0.2693,2622.30183,0.1499,1.62632
,,,0.2694,2622.30055,0.14999,1.64667
,,,0.2695,2622.21389,0.15009,1.63988
,,,0.2696,2622.21262,0.15018,1.63988
,,,0.2697,2622.29682,0.15027,1.64667
,,,0.2698,2622.21016,0.15036,1.64667
,,,0.2699,2622.2089,0.15046,1.62632
,,,0.27,2622.2931,0.15055,1.63311
,,,0.2701,2622.29183,0.15064,1.63311
,,,0.2702,2622.4614,0.15074,1.64667
,,,0.2703,2622.46013,0.15083,1.63311
,,,0.2704,2622.54431,0.15092,1.62632
,,,0.2705,2622.54304,0.15101,1.64667
,,,0.2706,2622.96879,0.15111,1.63988
,,,0.2707,2622.96749,0.1512,1.65345
,,,0.2708,2622.9662,0.15129,1.63988
,,,0.2709,2622.96491,0.15139,1.63311
,,,0.271,2623.47585,0.15148,1.63988
,,,0.2711,2623.47454,0.15157,1.62632
,,,0.2712,2623.47323,0.15166,1.60598
,,,0.2713,2623.21579,0.15176,1.64667
,,,0.2714,2623.21449,0.15185,1.62632
,,,0.2715,2623.29861,0.15194,1.63311
,,,0.2716,2623.29732,0.15204,1.64667
,,,0.2717,2623.29603,0.15213,1.61954
,,,0.2718,2623.29474,0.15222,1.64667
,,,0.2719,2623.37886,0.15231,1.61954
,,,0.272,2623.37757,0.15241,1.62632
,,,0.2721,2623.54699,0.1525,1.63988
,,,0.2722,2623.5457,0.15259,1.62632
,,,0.2723,2623.7151,0.15268,1.63311
,,,0.2724,2623.88448,0.15278,1.63311
,,,0.2725,2623.88317,0.15287,1.63311
,,,0.2726,2624.05252,0.15296,1.63988
,,,0.2727,2624.05121,0.15306,1.63311
,,,0.2728,2624.13526,0.15315,1.65345
,,,0.2729,2624.13395,0.15324,1.63311
,,,0.273,2624.47389,0.15333,1.63988
,,,0.2731,2624.47256,0.15343,1.64667
,,,0.2732,2624.47123,0.15352,1.64667
,,,0.2733,2624.4699,0.15361,1.65345
,,,0.2734,2624.38323,0.15371,1.64667
,,,0.2735,2624.38191,0.1538,1.64667
,,,0.2736,2624.97769,0.15389,1.64667
,,,0.2737,2624.89102,0.15398,1.66702
,,,0.2738,2624.88968,0.15408,1.62632
,,,0.2739,2624.97367,0.15417,1.62632
,,,0.274,2624.97233,0.15426,1.63988
,,,0.2741,2625.05622,0.15436,1.64667
,,,0.2742,2625.05489,0.15445,1.62632
,,,0.2743,2624.88299,0.15454,1.64667
,,,0.2744,2624.88167,0.15463,1.63988
,,,0.2745,2624.88034,0.15473,1.66023
,,,0.2746,2624.87902,0.15482,1.64667
,,,0.2747,2624.70713,0.15491,1.64667
,,,0.2748,2624.70582,0.155,1.62632
,,,0.2749,2624.36332,0.1551,1.64667
,,,0.275,2624.70323,0.15519,1.64667
,,,0.2751,2624.70192,0.15528,1.62632
,,,0.2752,2624.78595,0.15538,1.63311
,,,0.2753,2624.78465,0.15547,1.63988
,,,0.2754,2624.78334,0.15556,1.64667
,,,0.2755,2624.78204,0.15565,1.64667
,,,0.2756,2624.61017,0.15575,1.63988
,,,0.2757,2624.60888,0.15584,1.63311
,,,0.2758,2624.52226,0.15593,1.63311
,,,0.2759,2624.52098,0.15603,1.62632
,,,0.276,2624.26374,0.15612,1.64667
,,,0.2761,2624.26248,0.15621,1.64667
,,,0.2762,2624.51718,0.1563,1.61954
,,,0.2763,2624.17468,0.1564,1.63311
,,,0.2764,2624.17343,0.15649,1.64667
,,,0.2765,2623.91617,0.15658,1.66023
,,,0.2766,2623.91494,0.15668,1.65345
,,,0.2767,2623.65766,0.15677,1.63988
,,,0.2768,2623.65644,0.15686,1.64667
,,,0.2769,2623.39914,0.15695,1.64667
,,,0.277,2623.39794,0.15705,1.63311
,,,0.2771,2623.14062,0.15714,1.64667
,,,0.2772,2623.13943,0.15723,1.66702
,,,0.2773,2622.88209,0.15732,1.65345
,,,0.2774,2622.88092,0.15742,1.64667
,,,0.2775,2622.79442,0.15751,1.65345
,,,0.2776,2622.36624,0.1576,1.64667
,,,0.2777,2622.36511,0.1577,1.63988
,,,0.2778,2622.19315,0.15779,1.66702
,,,0.2779,2622.19203,0.15788,1.63988
,,,0.278,2621.84922,0.15797,1.64667
,,,0.2781,2621.84812,0.15807,1.64667
,,,0.2782,2621.59066,0.15816,1.63988
,,,0.2783,2621.58957,0.15825,1.63988
,,,0.2784,2621.33209,0.15835,1.66023
,,,0.2785,2621.33102,0.15844,1.64667
,,,0.2786,2621.41537,0.15853,1.63988
,,,0.2787,2621.41431,0.15862,1.65345
,,,0.2788,2621.07139,0.15872,1.63311
,,,0.2789,2621.24128,0.15881,1.64667
,,,0.279,2621.24022,0.1589,1.64667
,,,0.2791,2620.98272,0.159,1.64667
,,,0.2792,2620.98168,0.15909,1.62632
,,,0.2793,2620.89512,0.15918,1.65345
,,,0.2794,2620.89409,0.15927,1.66702
,,,0.2795,2621.14953,0.15937,1.64667
,,,0.2796,2621.1485,0.15946,1.64667
,,,0.2797,2620.72002,0.15955,1.63988
,,,0.2798,2620.719,0.15964,1.64667
,,,0.2799,2620.547,0.15974,1.64667
,,,0.28,2620.546,0.15983,1.63311
,,,0.2801,2620.545,0.15992,1.66023
,,,0.2802,2620.544,0.16002,1.64667
,,,0.2803,2620.543,0.16011,1.64667
,,,0.2804,2620.79853,0.1602,1.63988
,,,0.2805,2620.79752,0.16029,1.64667
,,,0.2806,2620.88204,0.16039,1.64667
,,,0.2807,2620.88103,0.16048,1.64667
,,,0.2808,2620.79449,0.16057,1.63988
,,,0.2809,2620.79349,0.16067,1.63311
,,,0.281,2620.79249,0.16076,1.66023
,,,0.2811,2620.79149,0.16085,1.68058
,,,0.2812,2620.61951,0.16094,1.66023
,,,0.2813,2620.61852,0.16104,1.63311
,,,0.2814,2620.18997,0.16113,1.65345
,,,0.2815,2620.01796,0.16122,1.66702
,,,0.2816,2620.01701,0.16132,1.64667
,,,0.2817,2619.75942,0.16141,1.64667
,,,0.2818,2619.75848,0.1615,1.64667
,,,0.2819,2619.75755,0.16159,1.65345
,,,0.282,2619.75661,0.16169,1.65345
,,,0.2821,2619.6701,0.16178,1.63988
,,,0.2822,2619.66917,0.16187,1.64667
,,,0.2823,2619.49715,0.16196,1.64667
,,,0.2824,2619.49624,0.16206,1.66702
,,,0.2825,2619.49532,0.16215,1.64667
,,,0.2826,2619.49441,0.16224,1.65345
,,,0.2827,2619.23678,0.16234,1.65345
,,,0.2828,2619.15036,0.16243,1.63988
,,,0.2829,2619.14947,0.16252,1.63988
,,,0.283,2619.14858,0.16261,1.64667
,,,0.2831,2619.14769,0.16271,1.64667
,,,0.2832,2619.23242,0.1628,1.64667
,,,0.2833,2619.23153,0.16289,1.63311
,,,0.2834,2619.48736,0.16299,1.66023
,,,0.2835,2619.48646,0.16308,1.64667
,,,0.2836,2619.74223,0.16317,1.65345
,,,0.2837,2619.74132,0.16326,1.63988
,,,0.2838,2619.99705,0.16336,1.63311
,,,0.2839,2619.99613,0.16345,1.62632
,,,0.284,2620.08068,0.16354,1.64667
,,,0.2841,2619.99428,0.16364,1.64667
,,,0.2842,2619.99336,0.16373,1.63988
,,,0.2843,2619.82139,0.16382,1.64667
,,,0.2844,2619.82048,0.16391,1.62632
,,,0.2845,2619.6485,0.16401,1.63988
,,,0.2846,2619.64761,0.1641,1.64667
,,,0.2847,2619.56112,0.16419,1.63988
,,,0.2848,2619.56024,0.16428,1.63988
,,,0.2849,2619.64494,0.16438,1.61954
,,,0.285,2619.64405,0.16447,1.64667
,,,0.2851,2619.81432,0.16456,1.63311
,,,0.2852,2619.81342,0.16466,1.63988
,,,0.2853,2620.15462,0.16475,1.65345
,,,0.2854,2620.41019,0.16484,1.63311
,,,0.2855,2620.40927,0.16493,1.62632
,,,0.2856,2620.57934,0.16503,1.63988
,,,0.2857,2620.57841,0.16512,1.60598
,,,0.2858,2620.66293,0.16521,1.60598
,,,0.2859,2620.662,0.16531,1.65345
,,,0.286,2620.66107,0.1654,1.63311
,,,0.2861,2620.66014,0.16549,1.63988
,,,0.2862,2620.65921,0.16558,1.62632
,,,0.2863,2620.65828,0.16568,1.62632
,,,0.2864,2621.08479,0.16577,1.63311
,,,0.2865,2621.08384,0.16586,1.62632
,,,0.2866,2621.42472,0.16596,1.62632
,,,0.2867,2621.85099,0.16605,1.61954
,,,0.2868,2621.85001,0.16614,1.5992
,,,0.2869,2621.84903,0.16623,1.61276
,,,0.287,2621.84805,0.16633,1.61954
,,,0.2871,2622.35963,0.16642,1.61954
,,,0.2872,2622.35863,0.16651,1.63311
,,,0.2873,2622.61385,0.1666,1.5992
,,,0.2874,2622.61283,0.1667,1.60598
,,,0.2875,2622.95342,0.16679,1.5992
,,,0.2876,2622.95239,0.16688,1.61954
,,,0.2877,2623.20749,0.16698,1.61954
,,,0.2878,2623.20645,0.16707,1.5992
,,,0.2879,2623.63217,0.16716,1.63311
,,,0.288,2623.71649,0.16725,1.5992
,,,0.2881,2623.71542,0.16735,1.61276
,,,0.2882,2624.3116,0.16744,1.61954
,,,0.2883,2624.3105,0.16753,1.60598
,,,0.2884,2624.73589,0.16763,1.5992
,,,0.2885,2624.73478,0.16772,1.5992
,,,0.2886,2624.56311,0.16781,1.60598
,,,0.2887,2624.56202,0.1679,1.5992
,,,0.2888,2624.56092,0.168,1.5992
,,,0.2889,2624.55983,0.16809,1.5992
,,,0.289,2624.98514,0.16818,1.5992
,,,0.2891,2624.98403,0.16828,1.59242
,,,0.2892,2624.98291,0.16837,1.5992
,,,0.2893,2625.15232,0.16846,1.61954
,,,0.2894,2625.1512,0.16855,1.59242
,,,0.2895,2625.32058,0.16865,1.58563
,,,0.2896,2625.31946,0.16874,1.5992
,,,0.2897,2625.40353,0.16883,1.61276
,,,0.2898,2625.40241,0.16892,1.5992
,,,0.2899,2625.40129,0.16902,1.61954
,,,0.29,2625.40017,0.16911,1.58563
,,,0.2901,2625.56952,0.1692,1.5992
,,,0.2902,2625.56839,0.1693,1.61954
,,,0.2903,2625.65254,0.16939,1.57207
,,,0.2904,2625.65141,0.16948,1.61276
,,,0.2905,2625.65028,0.16957,1.61276
,,,0.2906,2625.64916,0.16967,1.59242
,,,0.2907,2625.64803,0.16976,1.5992
,,,0.2908,2626.07303,0.16985,1.60598
,,,0.2909,2626.07189,0.16995,1.58563
,,,0.291,2626.24115,0.17004,1.5992
,,,0.2911,2626.24,0.17013,1.5992
,,,0.2912,2626.23885,0.17022,1.60598
,,,0.2913,2626.23771,0.17032,1.5992
,,,0.2914,2626.49217,0.17041,1.61954
,,,0.2915,2626.49102,0.1705,1.5992
,,,0.2916,2626.57509,0.1706,1.5992
,,,0.2917,2626.65915,0.17069,1.61276
,,,0.2918,2626.65799,0.17078,1.5992
,,,0.2919,2626.82717,0.17087,1.58563
,,,0.292,2626.82601,0.17097,1.61954
,,,0.2921,2626.99516,0.17106,1.57885
,,,0.2922,2626.99399,0.17115,1.60598
,,,0.2923,2626.90763,0.17124,1.61276
,,,0.2924,2626.90647,0.17134,1.59242
,,,0.2925,2626.8201,0.17143,1.5992
,,,0.2926,2626.81895,0.17152,1.61954
,,,0.2927,2626.56224,0.17162,1.58563
,,,0.2928,2626.56111,0.17171,1.59242
,,,0.2929,2626.38953,0.1718,1.60598
,,,0.293,2626.21802,0.17189,1.61954
,,,0.2931,2626.21691,0.17199,1.59242
,,,0.2932,2626.04532,0.17208,1.5992
,,,0.2933,2626.04422,0.17217,1.60598
,,,0.2934,2626.12828,0.17227,1.59242
,,,0.2935,2626.12718,0.17236,1.61954
,,,0.2936,2626.12608,0.17245,1.60598
,,,0.2937,2626.12498,0.17254,1.58563
,,,0.2938,2626.12388,0.17264,1.61276
,,,0.2939,2626.12279,0.17273,1.59242
,,,0.294,2626.03645,0.17282,1.61276
,,,0.2941,2626.03537,0.17292,1.5992
,,,0.2942,2625.69335,0.17301,1.61954
,,,0.2943,2625.18089,0.1731,1.61276
,,,0.2944,2625.17986,0.17319,1.5992
,,,0.2945,2624.8378,0.17329,1.61954
,,,0.2946,2624.83679,0.17338,1.59242
,,,0.2947,2624.75047,0.17347,1.58563
,,,0.2948,2624.74946,0.17356,1.57885
,,,0.2949,2624.83376,0.17366,1.5992
,,,0.295,2624.83276,0.17375,1.5992
,,,0.2951,2624.5759,0.17384,1.58563
,,,0.2952,2624.5749,0.17394,1.58563
,,,0.2953,2624.74446,0.17403,1.5992
,,,0.2954,2624.74346,0.17412,1.5992
,,,0.2955,2624.4866,0.17421,1.59242
,,,0.2956,2624.48562,0.17431,1.61276
,,,0.2957,2624.48464,0.1744,1.5992
,,,0.2958,2624.14241,0.17449,1.61276
,,,0.2959,2624.14145,0.17459,1.5992
,,,0.296,2623.96989,0.17468,1.61276
,,,0.2961,2623.96895,0.17477,1.5992
,,,0.2962,2623.45599,0.17486,1.62632
,,,0.2963,2623.45508,0.17496,1.56529
,,,0.2964,2623.36878,0.17505,1.57885
,,,0.2965,2623.36787,0.17514,1.5992
,,,0.2966,2623.02549,0.17524,1.61276
,,,0.2967,2623.0246,0.17533,1.60598
,,,0.2968,2622.76758,0.17542,1.5992
,,,0.2969,2622.33977,0.17551,1.5992
,,,0.297,2622.33892,0.17561,1.5992
,,,0.2971,2621.99639,0.1757,1.59242
,,,0.2972,2621.99556,0.17579,1.60598
,,,0.2973,2621.56759,0.17588,1.59242
,,,0.2974,2621.56679,0.17598,1.61954
,,,0.2975,2620.96782,0.17607,1.5992
,,,0.2976,2620.96705,0.17616,1.62632
,,,0.2977,2620.62431,0.17626,1.61276
,,,0.2978,2620.62356,0.17635,1.62632
,,,0.2979,2620.36631,0.17644,1.5992
,,,0.298,2620.36558,0.17653,1.62632
,,,0.2981,2619.93728,0.17663,1.60598
,,,0.2982,2619.67997,0.17672,1.61276
,,,0.2983,2619.67927,0.17681,1.61276
,,,0.2984,2619.16533,0.17691,1.60598
,,,0.2985,2619.16466,0.177,1.63311
,,,0.2986,2618.82165,0.17709,1.5992
,,,0.2987,2618.821,0.17718,1.61954
,,,0.2988,2618.2212,0.17728,1.5992
,,,0.2989,2618.22058,0.17737,1.62632
,,,0.299,2618.30561,0.17746,1.61276
,,,0.2991,2618.30499,0.17756,1.61954
,,,0.2992,2617.7907,0.17765,1.61276
,,,0.2993,2617.79011,0.17774,1.62632
,,,0.2994,2617.53258,0.17783,1.61954
,,,0.2995,2617.36072,0.17793,1.63311
,,,0.2996,2617.36015,0.17802,1.61954
,,,0.2997,2617.10258,0.17811,1.60598
,,,0.2998,2617.10202,0.1782,1.63311
,,,0.2999,2616.50169,0.1783,1.5992
,,,0.3,2616.50117,0.17839,1.63311
,,,0.3001,2615.98642,0.17848,1.61954
,,,0.3002,2615.98593,0.17858,1.61954
,,,0.3003,2615.7283,0.17867,1.60598
,,,0.3004,2615.72782,0.17876,1.60598
,,,0.3005,2615.21279,0.17885,1.61276
,,,0.3006,2615.21233,0.17895,1.63311
,,,0.3007,2614.86881,0.17904,1.61276
,,,0.3008,2614.61098,0.17913,1.62632
,,,0.3009,2614.61056,0.17923,1.60598
,,,0.301,2614.18109,0.17932,1.61954
,,,0.3011,2614.18069,0.17941,1.60598
,,,0.3012,2613.66534,0.1795,1.60598
,,,0.3013,2613.66497,0.1796,1.61276
,,,0.3014,2613.4071,0.17969,1.62632
,,,0.3015,2613.40675,0.17978,1.61954
,,,0.3016,2612.89119,0.17988,1.5992
,,,0.3017,2612.89086,0.17997,1.62632
,,,0.3018,2612.63291,0.18006,1.61954
,,,0.3019,2612.63259,0.18015,1.61276
,,,0.302,2612.46048,0.18025,1.62632
,,,0.3021,2612.37431,0.18034,1.63988
,,,0.3022,2612.37401,0.18043,1.63988
,,,0.3023,2612.11601,0.18052,1.62632
,,,0.3024,2612.11571,0.18062,1.61954
,,,0.3025,2612.02955,0.18071,1.63988
,,,0.3026,2612.02926,0.1808,1.63311
,,,0.3027,2612.02897,0.1809,1.63311
,,,0.3028,2612.02868,0.18099,1.63988
,,,0.3029,2611.94252,0.18108,1.61276
,,,0.303,2611.94223,0.18117,1.61954
,,,0.3031,2611.68419,0.18127,1.61954
,,,0.3032,2611.68392,0.18136,1.64667
,,,0.3033,2611.59775,0.18145,1.61954
,,,0.3034,2611.59749,0.18155,1.61954
,,,0.3035,2611.59723,0.18164,1.63988
,,,0.3036,2611.51106,0.18173,1.65345
,,,0.3037,2611.5108,0.18182,1.64667
,,,0.3038,2611.33863,0.18192,1.64667
,,,0.3039,2611.33838,0.18201,1.67379
,,,0.304,2610.99426,0.1821,1.65345
,,,0.3041,2610.99402,0.1822,1.65345
,,,0.3042,2611.07981,0.18229,1.66702
,,,0.3043,2611.07958,0.18238,1.65345
,,,0.3044,2611.07934,0.18247,1.67379
,,,0.3045,2611.0791,0.18257,1.66023
,,,0.3046,2610.99294,0.18266,1.63988
,,,0.3047,2610.90668,0.18275,1.65345
,,,0.3048,2610.90646,0.18284,1.64667
,,,0.3049,2610.82029,0.18294,1.62632
,,,0.305,2610.82007,0.18303,1.62632
,,,0.3051,2611.07774,0.18312,1.64667
,,,0.3052,2611.07751,0.18322,1.63988
,,,0.3053,2611.24921,0.18331,1.63988
,,,0.3054,2611.24897,0.1834,1.61276
,,,0.3055,2611.07679,0.18349,1.64667
,,,0.3056,2611.07656,0.18359,1.62632
,,,0.3057,2611.07632,0.18368,1.62632
,,,0.3058,2611.07609,0.18377,1.63311
,,,0.3059,2610.64598,0.18387,1.61954
,,,0.306,2610.81775,0.18396,1.64667
,,,0.3061,2610.81753,0.18405,1.63311
,,,0.3062,2610.64533,0.18414,1.63988
,,,0.3063,2610.64512,0.18424,1.64667
,,,0.3064,2610.64491,0.18433,1.63311
,,,0.3065,2610.6447,0.18442,1.63988
,,,0.3066,2610.9025,0.18452,1.63988
,,,0.3067,2610.90228,0.18461,1.64667
,,,0.3068,2610.90206,0.1847,1.64667
,,,0.3069,2610.90184,0.18479,1.64667
,,,0.307,2611.24551,0.18489,1.63988
,,,0.3071,2611.24527,0.18498,1.65345
,,,0.3072,2611.15902,0.18507,1.64667
,,,0.3073,2611.33071,0.18516,1.64667
,,,0.3074,2611.33047,0.18526,1.66702
,,,0.3075,2611.84591,0.18535,1.66023
,,,0.3076,2611.84564,0.18544,1.66702
,,,0.3077,2611.6735,0.18554,1.66702
,,,0.3078,2611.67325,0.18563,1.64667
,,,0.3079,2611.93084,0.18572,1.63988
,,,0.308,2611.93057,0.18581,1.66702
,,,0.3081,2611.58655,0.18591,1.62632
,,,0.3082,2611.5863,0.186,1.66702
,,,0.3083,2611.84382,0.18609,1.66023
,,,0.3084,2611.84356,0.18619,1.63311
,,,0.3085,2612.10112,0.18628,1.61954
,,,0.3086,2612.53042,0.18637,1.64667
,,,0.3087,2612.53013,0.18646,1.63988
,,,0.3088,2612.9593,0.18656,1.64667
,,,0.3089,2612.95898,0.18665,1.62632
,,,0.309,2613.38802,0.18674,1.62632
,,,0.3091,2613.38769,0.18684,1.63311
,,,0.3092,2613.64484,0.18693,1.62632
,,,0.3093,2613.64449,0.18702,1.66702
,,,0.3094,2614.15909,0.18711,1.63988
,,,0.3095,2614.15872,0.18721,1.66023
,,,0.3096,2614.50155,0.1873,1.62632
,,,0.3097,2614.50116,0.18739,1.63311
,,,0.3098,2614.84391,0.18748,1.61954
,,,0.3099,2615.10086,0.18758,1.63988
,,,0.31,2615.10044,0.18767,1.62632
,,,0.3101,2615.70029,0.18776,1.64667
,,,0.3102,2615.69984,0.18786,1.63311
,,,0.3103,2616.29944,0.18795,1.62632
,,,0.3104,2616.29897,0.18804,1.63988
,,,0.3105,2616.72698,0.18813,1.61954
,,,0.3106,2616.72648,0.18823,1.63311
,,,0.3107,2617.41126,0.18832,1.64667
,,,0.3108,2617.41073,0.18841,1.62632
,,,0.3109,2617.83839,0.18851,1.63988
,,,0.311,2617.83785,0.1886,1.63988
,,,0.3111,2618.26538,0.18869,1.64667
,,,0.3112,2618.52154,0.18878,1.63988
,,,0.3113,2618.52096,0.18888,1.62632
,,,0.3114,2618.86267,0.18897,1.64667
,,,0.3115,2618.86208,0.18906,1.63311
,,,0.3116,2619.28929,0.18916,1.63988
,,,0.3117,2619.28868,0.18925,1.63311
,,,0.3118,2619.54471,0.18934,1.63988
,,,0.3119,2619.54409,0.18943,1.5992
,,,0.312,2619.62894,0.18953,1.62632
,,,0.3121,2619.62831,0.18962,1.64667
,,,0.3122,2620.14075,0.18971,1.61954
,,,0.3123,2620.1401,0.1898,1.61954
,,,0.3124,2620.4814,0.1899,1.62632
,,,0.3125,2620.82262,0.18999,1.62632
,,,0.3126,2620.82193,0.19008,1.63988
,,,0.3127,2621.59028,0.19018,1.61954
,,,0.3128,2621.58955,0.19027,1.62632
,,,0.3129,2622.01593,0.19036,1.64667
,,,0.313,2622.01519,0.19045,1.63311
,,,0.3131,2622.35601,0.19055,1.63311
,,,0.3132,2622.35525,0.19064,1.62632
,,,0.3133,2622.7814,0.19073,1.61954
,,,0.3134,2622.78062,0.19083,1.61954
,,,0.3135,2623.03595,0.19092,1.63988
,,,0.3136,2623.29122,0.19101,1.63311
,,,0.3137,2623.29042,0.1911,1.61954
,,,0.3138,2623.63101,0.1912,1.62632
,,,0.3139,2623.63019,0.19129,1.61954
,,,0.314,2623.97061,0.19138,1.62632
,,,0.3141,2623.96977,0.19148,1.64667
,,,0.3142,2624.13962,0.19157,1.63311
,,,0.3143,2624.13878,0.19166,1.61954
,,,0.3144,2624.64969,0.19175,1.63988
,,,0.3145,2624.64882,0.19185,1.61954
,,,0.3146,2625.07427,0.19194,1.62632
,,,0.3147,2625.07338,0.19203,1.60598
,,,0.3148,2625.41352,0.19212,1.61276
,,,0.3149,2626.1795,0.19222,1.60598
,,,0.315,2626.17856,0.19231,1.5992
,,,0.3151,2626.4332,0.1924,1.61954
,,,0.3152,2626.43225,0.1925,1.63988
,,,0.3153,2626.85715,0.19259,1.5992
,,,0.3154,2626.85618,0.19268,1.61276
,,,0.3155,2627.11068,0.19277,1.61954
,,,0.3156,2627.1097,0.19287,1.61276
,,,0.3157,2627.1939,0.19296,1.61276
,,,0.3158,2627.19292,0.19305,1.5992
,,,0.3159,2627.7878,0.19315,1.63311
,,,0.316,2627.78679,0.19324,1.60598
,,,0.3161,2628.12624,0.19333,1.62632
,,,0.3162,2628.38048,0.19342,1.5992
,,,0.3163,2628.37945,0.19352,1.61954
,,,0.3164,2628.37841,0.19361,1.61276
,,,0.3165,2628.37738,0.1937,1.61954
,,,0.3166,2628.46146,0.1938,1.5992
,,,0.3167,2628.46043,0.19389,1.5992
,,,0.3168,2628.96979,0.19398,1.61276
,,,0.3169,2628.96874,0.19407,1.61276
,,,0.317,2629.3078,0.19417,1.61954
,,,0.3171,2629.30673,0.19426,1.61276
,,,0.3172,2629.47569,0.19435,1.61954
,,,0.3173,2629.47461,0.19444,1.59242
,,,0.3174,2629.81364,0.19454,1.62632
,,,0.3175,2629.98252,0.19463,1.5992
,,,0.3176,2629.98142,0.19472,1.61954
,,,0.3177,2630.2353,0.19482,1.5992
,,,0.3178,2630.23419,0.19491,1.61276
,,,0.3179,2630.40302,0.195,1.5992
,,,0.318,2630.4019,0.19509,1.60598
,,,0.3181,2630.40079,0.19519,1.62632
,,,0.3182,2630.39968,0.19528,1.61954
,,,0.3183,2630.73847,0.19537,1.61954
,,,0.3184,2630.73734,0.19547,1.5992
,,,0.3185,2630.48132,0.19556,1.61954
,,,0.3186,2630.4802,0.19565,1.61276
,,,0.3187,2630.81899,0.19574,1.61276
,,,0.3188,2630.81786,0.19584,1.61276
,,,0.3189,2630.81674,0.19593,1.59242
,,,0.319,2630.81562,0.19602,1.59242
,,,0.3191,2630.8145,0.19612,1.5992
,,,0.3192,2630.47358,0.19621,1.61276
,,,0.3193,2630.47248,0.1963,1.60598
,,,0.3194,2630.5563,0.19639,1.57885
,,,0.3195,2630.5552,0.19649,1.5992
,,,0.3196,2630.38409,0.19658,1.59242
,,,0.3197,2630.38301,0.19667,1.61954
,,,0.3198,2630.21199,0.19676,1.61276
,,,0.3199,2630.21092,0.19686,1.58563
,,,0.32,2629.95487,0.19695,1.61276
,,,0.3201,2629.86887,0.19704,1.60598
,,,0.3202,2629.86782,0.19714,1.61276
,,,0.3203,2629.9518,0.19723,1.59242
,,,0.3204,2629.95075,0.19732,1.5992
,,,0.3205,2630.03472,0.19741,1.59242
,,,0.3206,2630.03367,0.19751,1.61276
,,,0.3207,2629.52257,0.1976,1.59242
,,,0.3208,2629.52155,0.19769,1.59242
,,,0.3209,2629.26545,0.19779,1.61276
,,,0.321,2629.26445,0.19788,1.61954
,,,0.3211,2629.51853,0.19797,1.57885
,,,0.3212,2629.51751,0.19806,1.59242
,,,0.3213,2629.09137,0.19816,1.5992
,,,0.3214,2628.92031,0.19825,1.61954
,,,0.3215,2628.91934,0.19834,1.59242
,,,0.3216,2628.40806,0.19844,1.60598
,,,0.3217,2628.40711,0.19853,1.5992
,,,0.3218,2628.06579,0.19862,1.61276
,,,0.3219,2628.06487,0.19871,1.59242
,,,0.322,2627.72359,0.19881,1.61276
,,,0.3221,2627.72268,0.1989,1.59242
,,,0.3222,2627.55157,0.19899,1.5992
,,,0.3223,2627.55068,0.19908,1.60598
,,,0.3224,2626.86871,0.19918,1.59242
,,,0.3225,2626.86785,0.19927,1.61954
,,,0.3226,2626.61151,0.19936,1.5992
,,,0.3227,2626.26993,0.19946,1.60598
,,,0.3228,2626.26911,0.19955,1.59242
,,,0.3229,2625.84234,0.19964,1.61954
,,,0.323,2625.84154,0.19973,1.60598
,,,0.3231,2625.67035,0.19983,1.58563
,,,0.3232,2625.66957,0.19992,1.61276
,,,0.3233,2625.49829,0.20001,1.57885
,,,0.3234,2625.49752,0.20011,1.5992
,,,0.3235,2624.98531,0.2002,1.61954
,,,0.3236,2624.98457,0.20029,1.61954
,,,0.3237,2624.55754,0.20038,1.5992
,,,0.3238,2624.55682,0.20048,1.58563
,,,0.3239,2623.8738,0.20057,1.61276
,,,0.324,2623.44655,0.20066,1.58563
,,,0.3241,2623.44589,0.20076,1.5992
,,,0.3242,2622.76247,0.20085,1.5992
,,,0.3243,2622.76185,0.20094,1.5992
,,,0.3244,2622.67584,0.20103,1.60598
,,,0.3245,2622.67522,0.20113,1.61276
,,,0.3246,2621.99162,0.20122,1.59242
,,,0.3247,2621.99104,0.20131,1.58563
,,,0.3248,2621.73423,0.2014,1.61276
,,,0.3249,2621.73367,0.2015,1.57207
,,,0.325,2621.13512,0.20159,1.60598
,,,0.3251,2621.13459,0.20168,1.59242
,,,0.3252,2620.62128,0.20178,1.59242
,,,0.3253,2620.36432,0.20187,1.5992
,,,0.3254,2620.36384,0.20196,1.60598
,,,0.3255,2619.6794,0.20205,1.59242
,,,0.3256,2619.67895,0.20215,1.5992
,,,0.3257,2619.33633,0.20224,1.59242
,,,0.3258,2619.3359,0.20233,1.61954
,,,0.3259,2618.73661,0.20243,1.59242
,,,0.326,2618.73621,0.20252,1.60598
,,,0.3261,2618.13673,0.20261,1.59242
,,,0.3262,2618.13636,0.2027,1.5992
,,,0.3263,2617.9648,0.2028,1.59242
,,,0.3264,2617.96444,0.20289,1.58563
,,,0.3265,2617.10777,0.20298,1.60598
,,,0.3266,2616.67913,0.20308,1.58563
,,,0.3267,2616.67884,0.20317,1.59242
,,,0.3268,2616.16437,0.20326,1.61954
,,,0.3269,2616.1641,0.20335,1.60598
,,,0.327,2615.64959,0.20345,1.5992
,,,0.3271,2615.64935,0.20354,1.57885
,,,0.3272,2615.30619,0.20363,1.61276
,,,0.3273,2615.30597,0.20372,1.59242
,,,0.3274,2614.87695,0.20382,1.61276
,,,0.3275,2614.87675,0.20391,1.59242
,,,0.3276,2614.61929,0.204,1.5992
,,,0.3277,2614.6191,0.2041,1.58563
,,,0.3278,2613.84672,0.20419,1.60598
,,,0.3279,2612.98811,0.20428,1.58563
,,,0.328,2612.988,0.20437,1.5992
,,,0.3281,2612.47265,0.20447,1.61276
,,,0.3282,2612.47257,0.20456,1.5992
,,,0.3283,2612.12891,0.20465,1.58563
,,,0.3284,2612.12884,0.20475,1.61276
,,,0.3285,2611.52729,0.20484,1.5992
,,,0.3286,2611.52725,0.20493,1.61954
,,,0.3287,2611.44131,0.20502,1.5992
,,,0.3288,2611.44128,0.20512,1.61276
,,,0.3289,2611.09745,0.20521,1.60598
,,,0.329,2611.09743,0.2053,1.61276
,,,0.3291,2611.01141,0.2054,1.61276
,,,0.3292,2610.49545,0.20549,1.5992
,,,0.3293,2610.49546,0.20558,1.5992
,,,0.3294,2610.15148,0.20567,1.60598
,,,0.3295,2610.1515,0.20577,1.61276
,,,0.3296,2609.46324,0.20586,1.5992
,,,0.3297,2609.46329,0.20595,1.59242
,,,0.3298,2609.63543,0.20604,1.61954
,,,0.3299,2609.63548,0.20614,1.61954
,,,0.33,2609.20526,0.20623,1.61276
,,,0.3301,2609.20533,0.20632,1.61276
,,,0.3302,2608.86113,0.20642,1.61276
,,,0.3303,2608.86122,0.20651,1.61954
,,,0.3304,2608.68915,0.2066,1.63311
,,,0.3305,2608.68924,0.20669,1.61954
,,,0.3306,2608.68933,0.20679,1.62632
,,,0.3307,2608.68943,0.20688,1.61954
,,,0.3308,2608.68952,0.20697,1.61276
,,,0.3309,2608.43138,0.20707,1.61954
,,,0.331,2608.43149,0.20716,1.60598
,,,0.3311,2608.34545,0.20725,1.61954
,,,0.3312,2608.34556,0.20734,1.61954
,,,0.3313,2608.00122,0.20744,1.5992
,,,0.3314,2608.00134,0.20753,1.60598
,,,0.3315,2608.00147,0.20762,1.61276
,,,0.3316,2608.00159,0.20772,1.64667
,,,0.3317,2607.74338,0.20781,1.61954
,,,0.3318,2607.65742,0.2079,1.61276
,,,0.3319,2607.65756,0.20799,1.63311
,,,0.332,2607.2269,0.20809,1.62632
,,,0.3321,2607.22706,0.20818,1.61954
,,,0.3322,2607.05489,0.20827,1.63311
,,,0.3323,2607.05505,0.20836,1.61954
,,,0.3324,2606.79673,0.20846,1.63311
,,,0.3325,2606.79691,0.20855,1.61954
,,,0.3326,2606.45232,0.20864,1.63988
,,,0.3327,2606.45251,0.20874,1.61276
,,,0.3328,2606.19412,0.20883,1.63988
,,,0.3329,2606.19432,0.20892,1.64667
,,,0.333,2606.4532,0.20901,1.63988
,,,0.3331,2605.84982,0.20911,1.62632
,,,0.3332,2605.85004,0.2092,1.61276
,,,0.3333,2605.76407,0.20929,1.60598
,,,0.3334,2605.76429,0.20939,1.63311
,,,0.3335,2605.247,0.20948,1.61276
,,,0.3336,2605.24724,0.20957,1.61954
,,,0.3337,2605.07495,0.20966,1.63311
,,,0.3338,2605.0752,0.20976,1.60598
,,,0.3339,2604.55772,0.20985,1.61954
,,,0.334,2604.558,0.20994,1.62632
,,,0.3341,2604.21303,0.21004,1.61276
,,,0.3342,2604.21332,0.21013,1.63311
,,,0.3343,2603.69561,0.21022,1.62632
,,,0.3344,2603.09134,0.21031,1.62632
,,,0.3345,2603.09168,0.21041,1.60598
,,,0.3346,2602.91925,0.2105,1.5992
,,,0.3347,2602.9196,0.21059,1.63988
,,,0.3348,2602.48799,0.21068,1.63988
,,,0.3349,2602.48835,0.21078,1.62632
,,,0.335,2602.14304,0.21087,1.62632
,,,0.3351,2602.14342,0.21096,1.61954
,,,0.3352,2601.79804,0.21106,1.61954
,,,0.3353,2601.79844,0.21115,1.63311
,,,0.3354,2601.27997,0.21124,1.62632
,,,0.3355,2601.28039,0.21133,1.63311
,,,0.3356,2601.19437,0.21143,1.62632
,,,0.3357,2601.02182,0.21152,1.61954
,,,0.3358,2601.02225,0.21161,1.63311
,,,0.3359,2600.50366,0.21171,1.62632
,,,0.336,2600.50411,0.2118,1.60598
,,,0.3361,2600.33151,0.21189,1.63988
,,,0.3362,2600.33196,0.21198,1.61276
,,,0.3363,2600.07278,0.21208,1.61954
,,,0.3364,2600.07324,0.21217,1.61954
,,,0.3365,2599.64091,0.21226,1.62632
,,,0.3366,2599.64139,0.21236,1.63311
,,,0.3367,2599.20896,0.21245,1.62632
,,,0.3368,2599.20946,0.21254,1.64667
,,,0.3369,2599.03678,0.21263,1.62632
,,,0.337,2599.38371,0.21273,1.61954
,,,0.3371,2599.3842,0.21282,1.63311
,,,0.3372,2599.29807,0.21291,1.63988
,,,0.3373,2599.29856,0.213,1.63311
,,,0.3374,2599.21243,0.2131,1.63988
,,,0.3375,2599.21292,0.21319,1.62632
,,,0.3376,2598.78038,0.21328,1.60598
,,,0.3377,2598.7809,0.21338,1.62632
,,,0.3378,2598.43494,0.21347,1.62632
,,,0.3379,2598.43546,0.21356,1.63311
,,,0.338,2598.08944,0.21365,1.62632
,,,0.3381,2597.65675,0.21375,1.61954
,,,0.3382,2597.6573,0.21384,1.63988
,,,0.3383,2597.57123,0.21393,1.62632
,,,0.3384,2597.57179,0.21403,1.62632
,,,0.3385,2597.31227,0.21412,1.63311
,,,0.3386,2597.31284,0.21421,1.63988
,,,0.3387,2597.48677,0.2143,1.62632
,,,0.3388,2597.48733,0.2144,1.62632
,,,0.3389,2597.05449,0.21449,1.63311
,,,0.339,2597.05507,0.21458,1.60598
,,,0.3391,2597.05565,0.21468,1.64667
,,,0.3392,2597.05622,0.21477,1.63311
,,,0.3393,2597.0568,0.21486,1.62632
,,,0.3394,2597.3175,0.21495,1.61954
,,,0.3395,2597.31806,0.21505,1.64667
,,,0.3396,2597.14523,0.21514,1.62632
,,,0.3397,2597.1458,0.21523,1.63311
,,,0.3398,2597.05962,0.21532,1.62632
,,,0.3399,2597.06019,0.21542,1.61276
,,,0.34,2596.97401,0.21551,1.61954
,,,0.3401,2596.97459,0.2156,1.62632
,,,0.3402,2596.71506,0.2157,1.61954
,,,0.3403,2596.71564,0.21579,1.61954
,,,0.3404,2596.8029,0.21588,1.61954
,,,0.3405,2596.80347,0.21597,1.5992
,,,0.3406,2596.8908,0.21607,1.61276
,,,0.3407,2596.71794,0.21616,1.60598
,,,0.3408,2596.71852,0.21625,1.63311
,,,0.3409,2596.7191,0.21635,1.61276
,,,0.341,2596.71967,0.21644,1.63311
,,,0.3411,2596.72024,0.21653,1.60598
,,,0.3412,2596.72082,0.21662,1.62632
,,,0.3413,2596.54794,0.21672,1.63988
,,,0.3414,2596.54852,0.21681,1.63988
,,,0.3415,2596.46232,0.2169,1.62632
,,,0.3416,2596.4629,0.217,1.63311
,,,0.3417,2596.89713,0.21709,1.63988
,,,0.3418,2596.89769,0.21718,1.66023
,,,0.3419,2596.98492,0.21727,1.63311
,,,0.342,2596.98547,0.21737,1.61954
,,,0.3421,2596.98602,0.21746,1.62632
,,,0.3422,2597.15998,0.21755,1.61954
,,,0.3423,2597.16052,0.21764,1.62632
,,,0.3424,2597.50781,0.21774,1.63988
,,,0.3425,2597.50834,0.21783,1.62632
,,,0.3426,2597.50887,0.21792,1.61954
,,,0.3427,2597.50939,0.21802,1.63988
,,,0.3428,2597.68326,0.21811,1.63988
,,,0.3429,2597.68378,0.2182,1.62632
,,,0.343,2597.77092,0.21829,1.63311
,,,0.3431,2597.77143,0.21839,1.61954
,,,0.3432,2597.85864,0.21848,1.63311
,,,0.3433,2597.77244,0.21857,1.63311
,,,0.3434,2597.77295,0.21867,1.61954
,,,0.3435,2598.20677,0.21876,1.62632
,,,0.3436,2598.20725,0.21885,1.63988
,,,0.3437,2598.72751,0.21894,1.61954
,,,0.3438,2598.72797,0.21904,1.63988
,,,0.3439,2599.07485,0.21913,1.63311
,,,0.344,2599.0753,0.21922,1.61276
,,,0.3441,2599.16229,0.21932,1.61954
,,,0.3442,2599.16273,0.21941,1.63988
,,,0.3443,2599.5095,0.2195,1.61954
,,,0.3444,2599.50992,0.21959,1.62632
,,,0.3445,2600.28936,0.21969,1.63988
,,,0.3446,2600.37623,0.21978,1.63311
,,,0.3447,2600.37661,0.21987,1.62632
,,,0.3448,2600.80962,0.21996,1.63988
,,,0.3449,2600.80998,0.22006,1.63988
,,,0.345,2601.24285,0.22015,1.63311
,,,0.3451,2601.24319,0.22024,1.64667
,,,0.3452,2601.32996,0.22034,1.61954
,,,0.3453,2601.3303,0.22043,1.62632
,,,0.3454,2601.33063,0.22052,1.62632
,,,0.3455,2601.33097,0.22061,1.61954
,,,0.3456,2601.67717,0.22071,1.63988
,,,0.3457,2601.67749,0.2208,1.63311
,,,0.3458,2602.11009,0.22089,1.64667
,,,0.3459,2602.54247,0.22099,1.62632
,,,0.346,2602.54274,0.22108,1.65345
,,,0.3461,2602.62938,0.22117,1.62632
,,,0.3462,2602.62966,0.22126,1.61954
,,,0.3463,2602.37064,0.22136,1.62632
,,,0.3464,2602.37092,0.22145,1.62632
,,,0.3465,2602.8033,0.22154,1.61954
,,,0.3466,2602.80356,0.22164,1.64667
,,,0.3467,2603.06305,0.22173,1.63988
,,,0.3468,2603.0633,0.22182,1.63311
,,,0.3469,2603.06354,0.22191,1.63988
,,,0.347,2603.06379,0.22201,1.63311
,,,0.3471,2603.32313,0.2221,1.63988
,,,0.3472,2603.4097,0.22219,1.63311
,,,0.3473,2603.40993,0.22228,1.64667
,,,0.3474,2603.41016,0.22238,1.64667
,,,0.3475,2603.41039,0.22247,1.61954
,,,0.3476,2603.66975,0.22256,1.63988
,,,0.3477,2603.66996,0.22266,1.63988
,,,0.3478,2603.84288,0.22275,1.61954
,,,0.3479,2603.84309,0.22284,1.64667
,,,0.348,2603.75691,0.22293,1.64667
,,,0.3481,2603.75712,0.22303,1.63988
,,,0.3482,2603.93002,0.22312,1.62632
,,,0.3483,2603.93023,0.22321,1.63311
,,,0.3484,2603.67134,0.22331,1.61954
,,,0.3485,2603.15335,0.2234,1.63311
,,,0.3486,2603.15359,0.22349,1.63988
,,,0.3487,2603.15383,0.22358,1.65345
,,,0.3488,2603.15407,0.22368,1.64667
,,,0.3489,2602.98153,0.22377,1.61954
,,,0.349,2602.98178,0.22386,1.63311
,,,0.3491,2602.80923,0.22396,1.63311
,,,0.3492,2602.80948,0.22405,1.62632
,,,0.3493,2602.55047,0.22414,1.63988
,,,0.3494,2602.55074,0.22423,1.64667
,,,0.3495,2602.20531,0.22433,1.61954
,,,0.3496,2602.20559,0.22442,1.62632
,,,0.3497,2601.9465,0.22451,1.63988
,,,0.3498,2601.8603,0.2246,1.63988
,,,0.3499,2601.8606,0.2247,1.64667
,,,0.35,2601.86089,0.22479,1.61954
,,,0.3501,2601.86118,0.22488,1.64667
,,,0.3502,2602.03437,0.22498,1.63311
,,,0.3503,2602.03465,0.22507,1.65345
,,,0.3504,2602.03493,0.22516,1.63311
,,,0.3505,2602.03522,0.22525,1.63311
,,,0.3506,2601.7762,0.22535,1.63311
,,,0.3507,2601.77649,0.22544,1.64667
,,,0.3508,2601.25797,0.22553,1.63311
,,,0.3509,2601.25829,0.22563,1.63311
,,,0.351,2601.25861,0.22572,1.63311
,,,0.3511,2600.91296,0.22581,1.64667
,,,0.3512,2600.91329,0.2259,1.63988
,,,0.3513,2601.17315,0.226,1.61954
,,,0.3514,2601.17346,0.22609,1.62632
,,,0.3515,2600.74125,0.22618,1.62632
,,,0.3516,2600.74158,0.22628,1.61954
,,,0.3517,2600.74192,0.22637,1.60598
,,,0.3518,2600.74225,0.22646,1.63988
,,,0.3519,2600.56956,0.22655,1.62632
,,,0.352,2600.5699,0.22665,1.62632
,,,0.3521,2600.3972,0.22674,1.63311
,,,0.3522,2600.39755,0.22683,1.61954
,,,0.3523,2600.57095,0.22692,1.61954
,,,0.3524,2600.91742,0.22702,1.5992
,,,0.3525,2600.91774,0.22711,1.61954
,,,0.3526,2600.83161,0.2272,1.63988
,,,0.3527,2600.83193,0.2273,1.61276
,,,0.3528,2600.65924,0.22739,1.61276
,,,0.3529,2600.65957,0.22748,1.61954
,,,0.353,2600.48687,0.22757,1.62632
,,,0.3531,2600.48721,0.22767,1.61954
,,,0.3532,2600.66059,0.22776,1.62632
,,,0.3533,2600.66092,0.22785,1.63988
,,,0.3534,2600.40173,0.22795,1.62632
,,,0.3535,2600.40208,0.22804,1.63988
,,,0.3536,2599.96977,0.22813,1.63311
,,,0.3537,2600.14322,0.22822,1.62632
,,,0.3538,2600.14357,0.22832,1.61954
,,,0.3539,2599.88424,0.22841,1.63311
,,,0.354,2599.8846,0.2285,1.64667
,,,0.3541,2599.62523,0.2286,1.63988
,,,0.3542,2599.6256,0.22869,1.61954
,,,0.3543,2599.36629,0.22878,1.61954
,,,0.3544,2599.36668,0.22887,1.63988
,,,0.3545,2599.54022,0.22897,1.63311
,,,0.3546,2599.5406,0.22906,1.62632
,,,0.3547,2599.54097,0.22915,1.61954
,,,0.3548,2599.54135,0.22924,1.63988
,,,0.3549,2599.28194,0.22934,1.61954
,,,0.355,2598.76271,0.22943,1.63311
,,,0.3551,2598.76312,0.22952,1.61276
,,,0.3552,2599.0234,0.22962,1.63311
,,,0.3553,2599.02379,0.22971,1.5992
,,,0.3554,2599.19747,0.2298,1.61954
,,,0.3555,2599.19786,0.22989,1.62632
,,,0.3556,2598.59194,0.22999,1.62632
,,,0.3557,2598.59235,0.23008,1.61954
,,,0.3558,2598.85266,0.23017,1.62632
,,,0.3559,2598.85306,0.23027,1.61276
,,,0.356,2599.02668,0.23036,1.62632
,,,0.3561,2599.02707,0.23045,1.61954
,,,0.3562,2599.20065,0.23054,1.62632
,,,0.3563,2599.54737,0.23064,1.62632
,,,0.3564,2599.54774,0.23073,1.63311
,,,0.3565,2599.46148,0.23082,1.63988
,,,0.3566,2599.46185,0.23092,1.62632
,,,0.3567,2599.20241,0.23101,1.62632
,,,0.3568,2599.20279,0.2311,1.64667
,,,0.3569,2598.94342,0.23119,1.65345
,,,0.357,2598.94381,0.23129,1.63311
,,,0.3571,2599.20404,0.23138,1.64667
,,,0.3572,2599.20442,0.23147,1.63311
,,,0.3573,2599.37797,0.23156,1.65345
,,,0.3574,2599.37834,0.23166,1.63311
,,,0.3575,2599.20553,0.23175,1.63311
,,,0.3576,2599.03262,0.23184,1.62632
,,,0.3577,2599.033,0.23194,1.64667
,,,0.3578,2598.5136,0.23203,1.62632
,,,0.3579,2598.514,0.23212,1.63311
,,,0.358,2598.51441,0.23221,1.63311
,,,0.3581,2598.51481,0.23231,1.63988
,,,0.3582,2598.51521,0.2324,1.63988
,,,0.3583,2598.51561,0.23249,1.64667
,,,0.3584,2598.60269,0.23259,1.63988
,,,0.3585,2598.60308,0.23268,1.64667
,,,0.3586,2598.86338,0.23277,1.61276
,,,0.3587,2598.86376,0.23286,1.64667
,,,0.3588,2598.9508,0.23296,1.64667
,,,0.3589,2599.12439,0.23305,1.63311
,,,0.359,2599.12476,0.23314,1.63311
,,,0.3591,2599.21168,0.23324,1.64667
,,,0.3592,2599.21204,0.23333,1.65345
,,,0.3593,2598.77934,0.23342,1.62632
,,,0.3594,2598.77972,0.23351,1.65345
,,,0.3595,2599.03989,0.23361,1.62632
,,,0.3596,2599.04026,0.2337,1.62632
,,,0.3597,2598.95398,0.23379,1.61276
,,,0.3598,2598.95436,0.23388,1.61954
,,,0.3599,2599.04129,0.23398,1.61954
,,,0.36,2599.04166,0.23407,1.62632
,,,0.3601,2599.04203,0.23416,1.64667
,,,0.3602,2599.0424,0.23426,1.61954
,,,0.3603,2599.04277,0.23435,1.64667
,,,0.3604,2598.86992,0.23444,1.63311
,,,0.3605,2598.87029,0.23453,1.63311
,,,0.3606,2599.04388,0.23463,1.64667
,,,0.3607,2599.04425,0.23472,1.64667
,,,0.3608,2599.13125,0.23481,1.63988
,,,0.3609,2599.13162,0.23491,1.64667
,,,0.361,2599.30516,0.235,1.60598
,,,0.3611,2599.30551,0.23509,1.63988
,,,0.3612,2599.56566,0.23518,1.62632
,,,0.3613,2599.56599,0.23528,1.63988
,,,0.3614,2599.56633,0.23537,1.63988
,,,0.3615,2599.39351,0.23546,1.61954
,,,0.3616,2599.39386,0.23556,1.64667
,,,0.3617,2599.48074,0.23565,1.63988
,,,0.3618,2599.48108,0.23574,1.63988
,,,0.3619,2599.39488,0.23583,1.63988
,,,0.362,2599.39522,0.23593,1.64667
,,,0.3621,2599.82839,0.23602,1.65345
,,,0.3622,2599.82871,0.23611,1.63311
,,,0.3623,2599.82903,0.2362,1.62632
,,,0.3624,2599.82935,0.2363,1.63311
,,,0.3625,2600.08929,0.23639,1.63311
,,,0.3626,2600.00301,0.23648,1.63988
,,,0.3627,2600.00332,0.23658,1.63988
,,,0.3628,2599.83052,0.23667,1.64667
,,,0.3629,2599.83084,0.23676,1.62632
,,,0.363,2599.74463,0.23685,1.62632
,,,0.3631,2599.74496,0.23695,1.63988
,,,0.3632,2599.74528,0.23704,1.62632
,,,0.3633,2599.7456,0.23713,1.63988
,,,0.3634,2600.00556,0.23723,1.63311
,,,0.3635,2600.00586,0.23732,1.61954
,,,0.3636,2600.09277,0.23741,1.62632
,,,0.3637,2600.09307,0.2375,1.61954
,,,0.3638,2600.09337,0.2376,1.64667
,,,0.3639,2600.43983,0.23769,1.63988
,,,0.364,2600.44012,0.23778,1.62632
,,,0.3641,2600.52698,0.23788,1.63311
,,,0.3642,2600.52726,0.23797,1.63988
,,,0.3643,2600.2679,0.23806,1.63988
,,,0.3644,2600.26819,0.23815,1.62632
,,,0.3645,2600.44155,0.23825,1.64667
,,,0.3646,2600.44184,0.23834,1.63311
,,,0.3647,2600.70174,0.23843,1.64667
,,,0.3648,2600.70201,0.23852,1.64667
,,,0.3649,2600.96176,0.23862,1.62632
,,,0.365,2600.96202,0.23871,1.64667
,,,0.3651,2600.78927,0.2388,1.63988
,,,0.3652,2600.70306,0.2389,1.63988
,,,0.3653,2600.70333,0.23899,1.63311
,,,0.3654,2600.61713,0.23908,1.62632
,,,0.3655,2600.6174,0.23917,1.61954
,,,0.3656,2600.87726,0.23927,1.65345
,,,0.3657,2600.87752,0.23936,1.62632
,,,0.3658,2600.96433,0.23945,1.64667
,,,0.3659,2600.96458,0.23955,1.64667
,,,0.366,2601.13784,0.23964,1.61954
,,,0.3661,2601.13808,0.23973,1.64667
,,,0.3662,2600.96533,0.23982,1.63988
,,,0.3663,2600.96559,0.23992,1.63988
,,,0.3664,2600.61979,0.24001,1.64667
,,,0.3665,2600.70662,0.2401,1.63988
,,,0.3666,2600.70689,0.2402,1.62632
,,,0.3667,2601.22626,0.24029,1.64667
,,,0.3668,2601.2265,0.24038,1.63311
,,,0.3669,2601.74568,0.24047,1.63988
,,,0.367,2601.7459,0.24057,1.64667
,,,0.3671,2602.09192,0.24066,1.63311
,,,0.3672,2602.09212,0.24075,1.64667
,,,0.3673,2602.35168,0.24084,1.62632
,,,0.3674,2602.35186,0.24094,1.63988
,,,0.3675,2602.61127,0.24103,1.63311
,,,0.3676,2602.61145,0.24112,1.62632
,,,0.3677,2602.78444,0.24122,1.63311
,,,0.3678,2602.87097,0.24131,1.62632
,,,0.3679,2602.87113,0.2414,1.63311
,,,0.368,2602.95774,0.24149,1.62632
,,,0.3681,2602.9579,0.24159,1.63311
,,,0.3682,2602.8717,0.24168,1.62632
,,,0.3683,2602.87186,0.24177,1.63311
,,,0.3684,2603.30402,0.24187,1.62632
,,,0.3685,2603.30416,0.24196,1.64667
,,,0.3686,2602.95874,0.24205,1.62632
,,,0.3687,2602.9589,0.24214,1.61954
,,,0.3688,2603.47736,0.24224,1.62632
,,,0.3689,2603.47749,0.24233,1.64667
,,,0.369,2603.90946,0.24242,1.64667
,,,0.3691,2603.82327,0.24252,1.63311
,,,0.3692,2603.82338,0.24261,1.63988
,,,0.3693,2604.25516,0.2427,1.64667
,,,0.3694,2604.25525,0.24279,1.62632
,,,0.3695,2604.25535,0.24289,1.64667
,,,0.3696,2604.25544,0.24298,1.63988
,,,0.3697,2604.68717,0.24307,1.64667
,,,0.3698,2604.68725,0.24316,1.63988
,,,0.3699,2604.85993,0.24326,1.63988
,,,0.37,2604.85999,0.24335,1.63311
,,,0.3701,2604.94631,0.24344,1.62632
,,,0.3702,2604.94637,0.24354,1.63988
,,,0.3703,2605.29157,0.24363,1.63311
,,,0.3704,2605.11905,0.24372,1.63988
,,,0.3705,2605.11911,0.24381,1.63311
,,,0.3706,2605.46426,0.24391,1.63988
,,,0.3707,2605.4643,0.244,1.63311
,,,0.3708,2605.72316,0.24409,1.63988
,,,0.3709,2605.72318,0.24419,1.64667
,,,0.371,2606.15437,0.24428,1.63311
,,,0.3711,2606.15437,0.24437,1.64667
,,,0.3712,2605.80942,0.24446,1.65345
,,,0.3713,2605.80944,0.24456,1.64667
,,,0.3714,2605.80946,0.24465,1.64667
,,,0.3715,2605.80948,0.24474,1.64667
,,,0.3716,2605.98199,0.24484,1.63988
,,,0.3717,2606.15447,0.24493,1.64667
,,,0.3718,2606.15448,0.24502,1.63988
,,,0.3719,2606.49936,0.24511,1.64667
,,,0.372,2606.49935,0.24521,1.63988
,,,0.3721,2606.75791,0.2453,1.64667
,,,0.3722,2606.75789,0.24539,1.66023
,,,0.3723,2607.27497,0.24548,1.63988
,,,0.3724,2607.27492,0.24558,1.64667
,,,0.3725,2607.53341,0.24567,1.64667
,,,0.3726,2607.53335,0.24576,1.64667
,,,0.3727,2607.7917,0.24586,1.65345
,,,0.3728,2607.79162,0.24595,1.62632
,,,0.3729,2607.96383,0.24604,1.63311
,,,0.373,2608.13601,0.24613,1.66023
,,,0.3731,2608.13592,0.24623,1.64667
,,,0.3732,2608.91083,0.24632,1.62632
,,,0.3733,2608.9107,0.24641,1.63988
,,,0.3734,2609.25488,0.24651,1.66702
,,,0.3735,2609.25474,0.2466,1.66702
,,,0.3736,2609.68483,0.24669,1.62632
,,,0.3737,2609.68467,0.24678,1.64667
,,,0.3738,2610.11463,0.24688,1.63988
,,,0.3739,2610.11445,0.24697,1.62632
,,,0.374,2610.20033,0.24706,1.63988
,,,0.3741,2610.20014,0.24716,1.64667
,,,0.3742,2610.62994,0.24725,1.62632
,,,0.3743,2610.88766,0.24734,1.62632
,,,0.3744,2610.88744,0.24743,1.62632
,,,0.3745,2611.1451,0.24753,1.64667
,,,0.3746,2611.14487,0.24762,1.63988
,,,0.3747,2611.57447,0.24771,1.63311
,,,0.3748,2611.57422,0.2478,1.65345
,,,0.3749,2611.83174,0.2479,1.64667
,,,0.375,2611.83148,0.24799,1.65345
,,,0.3751,2612.17491,0.24808,1.64667
,,,0.3752,2612.17463,0.24818,1.63988
,,,0.3753,2612.60383,0.24827,1.64667
,,,0.3754,2612.60353,0.24836,1.63988
,,,0.3755,2613.2044,0.24845,1.64667
,,,0.3756,2613.89081,0.24855,1.63311
,,,0.3757,2613.89045,0.24864,1.64667
,,,0.3758,2614.1475,0.24873,1.64667
,,,0.3759,2614.14713,0.24883,1.64667
,,,0.376,2614.66154,0.24892,1.64667
,,,0.3761,2614.66115,0.24901,1.63988
,,,0.3762,2614.91813,0.2491,1.64667
,,,0.3763,2614.91772,0.2492,1.64667
,,,0.3764,2615.26036,0.24929,1.66702
,,,0.3765,2615.25994,0.24938,1.64667
,,,0.3766,2615.43101,0.24948,1.63311
,,,0.3767,2615.43058,0.24957,1.66702
,,,0.3768,2615.77309,0.24966,1.65345
,,,0.3769,2616.28701,0.24975,1.64667
,,,0.377,2616.28654,0.24985,1.65345
,,,0.3771,2616.62883,0.24994,1.64667
,,,0.3772,2616.62834,0.25003,1.66023
,,,0.3773,2616.97054,0.25012,1.64667
,,,0.3774,2616.97004,0.25022,1.66702
,,,0.3775,2617.22655,0.25031,1.65345
,,,0.3776,2617.22604,0.2504,1.63988
,,,0.3777,2617.82501,0.2505,1.63311
,,,0.3778,2617.82447,0.25059,1.64667
,,,0.3779,2618.16645,0.25068,1.65345
,,,0.378,2618.16589,0.25077,1.64667
,,,0.3781,2618.07969,0.25087,1.64667
,,,0.3782,2618.59269,0.25096,1.66023
,,,0.3783,2618.59211,0.25105,1.63311
,,,0.3784,2619.01942,0.25115,1.63311
,,,0.3785,2619.01882,0.25124,1.63311
,,,0.3786,2619.70253,0.25133,1.64667
,,,0.3787,2619.7019,0.25142,1.64667
,,,0.3788,2619.87231,0.25152,1.64667
,,,0.3789,2619.87167,0.25161,1.66023
,,,0.379,2620.29858,0.2517,1.63988
,,,0.3791,2620.29793,0.2518,1.63311
,,,0.3792,2620.46824,0.25189,1.64667
,,,0.3793,2620.46758,0.25198,1.63311
,,,0.3794,2620.72339,0.25207,1.64667
,,,0.3795,2621.14995,0.25217,1.64667
,,,0.3796,2621.14925,0.25226,1.63311
,,,0.3797,2621.74661,0.25235,1.63988
,,,0.3798,2621.74589,0.25244,1.63311
,,,0.3799,2622.08679,0.25254,1.64667
,,,0.38,2622.08605,0.25263,1.64667
,,,0.3801,2622.17075,0.25272,1.63988
,,,0.3802,2622.17001,0.25282,1.64667
,,,0.3803,2622.85235,0.25291,1.63988
,,,0.3804,2622.85158,0.253,1.65345
,,,0.3805,2623.27757,0.25309,1.66023
,,,0.3806,2623.27678,0.25319,1.64667
,,,0.3807,2623.61738,0.25328,1.63311
,,,0.3808,2623.9578,0.25337,1.64667
,,,0.3809,2623.95698,0.25347,1.64667
,,,0.381,2624.21207,0.25356,1.63988
,,,0.3811,2624.21124,0.25365,1.66023
,,,0.3812,2624.38097,0.25374,1.65345
,,,0.3813,2624.38013,0.25384,1.64667
,,,0.3814,2624.37929,0.25393,1.63311
,,,0.3815,2624.37845,0.25402,1.64667
,,,0.3816,2624.37762,0.25412,1.65345
,,,0.3817,2624.37678,0.25421,1.66023
,,,0.3818,2624.7171,0.2543,1.65345
,,,0.3819,2624.71625,0.25439,1.66023
,,,0.382,2624.97121,0.25449,1.66023
,,,0.3821,2624.79985,0.25458,1.63988
,,,0.3822,2624.799,0.25467,1.63988
,,,0.3823,2624.88336,0.25476,1.63311
,,,0.3824,2624.8825,0.25486,1.66702
,,,0.3825,2624.96694,0.25495,1.66023
,,,0.3826,2624.96609,0.25504,1.64667
,,,0.3827,2624.96524,0.25514,1.63988
,,,0.3828,2624.96439,0.25523,1.66702
,,,0.3829,2624.79304,0.25532,1.63988
,,,0.383,2624.7922,0.25541,1.66702
,,,0.3831,2624.62085,0.25551,1.64667
,,,0.3832,2624.5348,0.2556,1.63311
,,,0.3833,2624.53398,0.25569,1.63988
,,,0.3834,2624.53316,0.25579,1.63988
,,,0.3835,2624.53234,0.25588,1.64667
,,,0.3836,2624.61684,0.25597,1.61954
,,,0.3837,2624.61602,0.25606,1.65345
,,,0.3838,2624.18879,0.25616,1.63988
,,,0.3839,2624.18799,0.25625,1.64667
,,,0.384,2624.10196,0.25634,1.64667
,,,0.3841,2624.10117,0.25644,1.64667
,,,0.3842,2623.84445,0.25653,1.67379
,,,0.3843,2623.84368,0.25662,1.64667
,,,0.3844,2623.75765,0.25671,1.65345
,,,0.3845,2623.50091,0.25681,1.65345
,,,0.3846,2623.50016,0.2569,1.66023
,,,0.3847,2623.07271,0.25699,1.64667
,,,0.3848,2623.07199,0.25708,1.65345
,,,0.3849,2622.98596,0.25718,1.64667
,,,0.385,2622.98525,0.25727,1.66023
,,,0.3851,2622.5577,0.25736,1.65345
,,,0.3852,2622.55701,0.25746,1.66702
,,,0.3853,2622.04403,0.25755,1.66702
,,,0.3854,2622.04336,0.25764,1.66702
,,,0.3855,2621.78645,0.25773,1.66702
,,,0.3856,2621.7858,0.25783,1.66702
,,,0.3857,2621.78516,0.25792,1.66702
,,,0.3858,2621.69905,0.25801,1.66023
,,,0.3859,2621.69841,0.25811,1.66023
,,,0.386,2620.92884,0.2582,1.65345
,,,0.3861,2620.92824,0.25829,1.66023
,,,0.3862,2620.5858,0.25838,1.65345
,,,0.3863,2620.58522,0.25848,1.65345
,,,0.3864,2620.32817,0.25857,1.70092
,,,0.3865,2620.3276,0.25866,1.63311
,,,0.3866,2620.32704,0.25876,1.67379
,,,0.3867,2620.32647,0.25885,1.66023
,,,0.3868,2619.8984,0.25894,1.67379
,,,0.3869,2619.89786,0.25903,1.66023
,,,0.387,2619.29864,0.25913,1.66702
,,,0.3871,2619.12705,0.25922,1.66023
,,,0.3872,2619.12655,0.25931,1.66023
,,,0.3873,2618.6127,0.2594,1.67379
,,,0.3874,2618.61223,0.2595,1.65345
,,,0.3875,2618.18381,0.25959,1.64667
,,,0.3876,2618.18336,0.25968,1.66702
,,,0.3877,2617.66927,0.25978,1.66702
,,,0.3878,2617.66885,0.25987,1.67379
,,,0.3879,2617.06894,0.25996,1.67379
,,,0.388,2617.06855,0.26005,1.67379
,,,0.3881,2616.55409,0.26015,1.67379
,,,0.3882,2616.55372,0.26024,1.67379
,,,0.3883,2616.21062,0.26033,1.67379
,,,0.3884,2615.43879,0.26043,1.68058
,,,0.3885,2615.43848,0.26052,1.66023
,,,0.3886,2615.0952,0.26061,1.66702
,,,0.3887,2615.09491,0.2607,1.64667
,,,0.3888,2614.32262,0.2608,1.68058
,,,0.3889,2614.32237,0.26089,1.66023
,,,0.389,2613.89305,0.26098,1.65345
,,,0.3891,2613.89282,0.26108,1.64667
,,,0.3892,2613.72095,0.26117,1.67379
,,,0.3893,2613.72074,0.26126,1.67379
,,,0.3894,2613.03369,0.26135,1.67379
,,,0.3895,2613.0335,0.26145,1.66702
,,,0.3896,2612.77567,0.26154,1.66702
,,,0.3897,2612.26009,0.26163,1.66023
,,,0.3898,2612.25994,0.26172,1.68058
,,,0.3899,2612.08798,0.26182,1.66023
,,,0.39,2612.08785,0.26191,1.65345
,,,0.3901,2611.65806,0.262,1.66702
,,,0.3902,2611.65794,0.2621,1.67379
,,,0.3903,2611.48595,0.26219,1.65345
,,,0.3904,2611.48585,0.26228,1.67379
,,,0.3905,2611.39984,0.26237,1.66702
,,,0.3906,2611.39974,0.26247,1.66702
,,,0.3907,2611.14173,0.26256,1.64667
,,,0.3908,2611.14164,0.26265,1.65345
,,,0.3909,2610.62562,0.26275,1.66023
,,,0.391,2610.19553,0.26284,1.66702
,,,0.3911,2610.19548,0.26293,1.65345
,,,0.3912,2609.76538,0.26302,1.64667
,,,0.3913,2609.76536,0.26312,1.66023
,,,0.3914,2609.16296,0.26321,1.66702
,,,0.3915,2609.16296,0.2633,1.63988
,,,0.3916,2608.81868,0.2634,1.65345
,,,0.3917,2608.8187,0.26349,1.65345
,,,0.3918,2608.30215,0.26358,1.66023
,,,0.3919,2608.3022,0.26367,1.63988
,,,0.392,2608.21618,0.26377,1.64667
,,,0.3921,2608.21623,0.26386,1.64667
,,,0.3922,2607.78561,0.26395,1.63988
,,,0.3923,2607.6134,0.26404,1.66023
,,,0.3924,2607.61348,0.26414,1.63988
,,,0.3925,2607.26894,0.26423,1.64667
,,,0.3926,2607.26904,0.26432,1.66702
,,,0.3927,2607.18292,0.26442,1.66702
,,,0.3928,2607.18302,0.26451,1.66702
,,,0.3929,2607.35544,0.2646,1.63988
,,,0.393,2607.35553,0.26469,1.63988
,,,0.3931,2607.52792,0.26479,1.64667
,,,0.3932,2607.528,0.26488,1.63988
,,,0.3933,2607.26966,0.26497,1.63988
,,,0.3934,2607.26975,0.26507,1.63988
,,,0.3935,2606.92516,0.26516,1.66702
,,,0.3936,2606.7529,0.26525,1.63988
,,,0.3937,2606.75301,0.26534,1.64667
,,,0.3938,2606.9255,0.26544,1.63988
,,,0.3939,2606.9256,0.26553,1.63988
,,,0.394,2606.75334,0.26562,1.63311
,,,0.3941,2606.75346,0.26572,1.66023
,,,0.3942,2606.75357,0.26581,1.63988
,,,0.3943,2606.75369,0.2659,1.64667
,,,0.3944,2606.92617,0.26599,1.63311
,,,0.3945,2606.92628,0.26609,1.64667
,,,0.3946,2606.92638,0.26618,1.64667
,,,0.3947,2606.92649,0.26627,1.64667
,,,0.3948,2607.01282,0.26636,1.60598
,,,0.3949,2606.84056,0.26646,1.63988
,,,0.395,2606.84066,0.26655,1.63311
,,,0.3951,2607.09926,0.26664,1.64667
,,,0.3952,2607.09936,0.26674,1.65345
,,,0.3953,2607.09946,0.26683,1.63311
,,,0.3954,2607.09955,0.26692,1.63988
,,,0.3955,2607.18586,0.26701,1.63988
,,,0.3956,2607.18595,0.26711,1.64667
,,,0.3957,2607.35837,0.2672,1.63311
,,,0.3958,2607.35845,0.26729,1.63988
,,,0.3959,2607.27242,0.26739,1.61954
,,,0.396,2607.27251,0.26748,1.62632
,,,0.3961,2607.35871,0.26757,1.63988
,,,0.3962,2607.44499,0.26766,1.64667
,,,0.3963,2607.44507,0.26776,1.63311
,,,0.3964,2608.13423,0.26785,1.63311
,,,0.3965,2608.13428,0.26794,1.64667
,,,0.3966,2608.22048,0.26804,1.63311
,,,0.3967,2608.22052,0.26813,1.62632
,,,0.3968,2608.39278,0.26822,1.62632
,,,0.3969,2608.39281,0.26831,1.63988
,,,0.397,2608.99551,0.26841,1.61954
,,,0.3971,2608.99551,0.2685,1.64667
,,,0.3972,2609.33977,0.26859,1.64667
,,,0.3973,2609.33976,0.26868,1.63988
,,,0.3974,2609.85599,0.26878,1.64667
,,,0.3975,2610.37203,0.26887,1.61954
,,,0.3976,2610.37197,0.26896,1.61276
,,,0.3977,2610.71587,0.26906,1.61954
,,,0.3978,2610.71579,0.26915,1.64667
,,,0.3979,2610.9736,0.26924,1.63988
,,,0.398,2610.97351,0.26933,1.62632
,,,0.3981,2611.14534,0.26943,1.64667
,,,0.3982,2611.14524,0.26952,1.63311
,,,0.3983,2611.31706,0.26961,1.63988
,,,0.3984,2611.31695,0.26971,1.64667
,,,0.3985,2611.74658,0.2698,1.64667
,,,0.3986,2611.74646,0.26989,1.63988
,,,0.3987,2611.91818,0.26998,1.64667
,,,0.3988,2612.26168,0.27008,1.64667
,,,0.3989,2612.26153,0.27017,1.64667
,,,0.399,2612.34732,0.27026,1.66023
,,,0.3991,2612.34716,0.27036,1.64667
,,,0.3992,2612.51879,0.27045,1.63311
,,,0.3993,2612.51863,0.27054,1.64667
,,,0.3994,2612.51846,0.27063,1.63988
,,,0.3995,2612.5183,0.27073,1.63988
,,,0.3996,2612.51814,0.27082,1.64667
,,,0.3997,2612.51798,0.27091,1.64667
,,,0.3998,2612.68958,0.271,1.64667
,,,0.3999,2612.68941,0.2711,1.65345
,,,0.4,2612.9469,0.27119,1.64667
,,,--,,0.27128,1.66702
,,,--,,0.27138,1.66023
,,,--,,0.27147,1.63988
,,,--,,0.27156,1.62632
,,,--,,0.27165,1.63988
,,,--,,0.27175,1.64667
,,,--,,0.27184,1.64667
,,,--,,0.27193,1.65345
,,,--,,0.27203,1.64667
,,,--,,0.27212,1.65345
,,,--,,0.27221,1.63988
,,,--,,0.2723,1.66702
,,,--,,0.2724,1.65345
,,,--,,0.27249,1.64667
,,,--,,0.27258,1.64667
,,,--,,0.27268,1.64667
,,,--,,0.27277,1.63988
,,,--,,0.27286,1.62632
,,,--,,0.27295,1.64667
,,,--,,0.27305,1.65345
,,,--,,0.27314,1.61276
,,,--,,0.27323,1.64667
,,,--,,0.27332,1.65345
,,,--,,0.27342,1.63988
,,,--,,0.27351,1.64667
,,,--,,0.2736,1.64667
,,,--,,0.2737,1.63988
,,,--,,0.27379,1.64667
,,,--,,0.27388,1.65345
,,,--,,0.27397,1.63311
,,,--,,0.27407,1.63988
,,,--,,0.27416,1.64667
,,,--,,0.27425,1.64667
,,,--,,0.27435,1.63311
,,,--,,0.27444,1.66023
,,,--,,0.27453,1.64667
,,,--,,0.27462,1.65345
,,,--,,0.27472,1.64667
,,,--,,0.27481,1.65345
,,,--,,0.2749,1.64667
,,,--,,0.275,1.63988
,,,--,,0.27509,1.66702
,,,--,,0.27518,1.64667
,,,--,,0.27527,1.64667
,,,--,,0.27537,1.68058
,,,--,,0.27546,1.64667
,,,--,,0.27555,1.64667
,,,--,,0.27564,1.63311
,,,--,,0.27574,1.64667
,,,--,,0.27583,1.63311
,,,--,,0.27592,1.64667
,,,--,,0.27602,1.64667
,,,--,,0.27611,1.64667
,,,--,,0.2762,1.64667
,,,--,,0.27629,1.65345
,,,--,,0.27639,1.64667
,,,--,,0.27648,1.63311
,,,--,,0.27657,1.63988
,,,--,,0.27667,1.66023
,,,--,,0.27676,1.66023
,,,--,,0.27685,1.63988
,,,--,,0.27694,1.64667
,,,--,,0.27704,1.65345
,,,--,,0.27713,1.64667
,,,--,,0.27722,1.64667
,,,--,,0.27732,1.63311
,,,--,,0.27741,1.63311
,,,--,,0.2775,1.64667
,,,--,,0.27759,1.62632
,,,--,,0.27769,1.64667
,,,--,,0.27778,1.63311
,,,--,,0.27787,1.63988
,,,--,,0.27796,1.64667
,,,--,,0.27806,1.66023
,,,--,,0.27815,1.66023
,,,--,,0.27824,1.63988
,,,--,,0.27834,1.63988
,,,--,,0.27843,1.63311
,,,--,,0.27852,1.62632
,,,--,,0.27861,1.63988
,,,--,,0.27871,1.65345
,,,--,,0.2788,1.63311
,,,--,,0.27889,1.64667
,,,--,,0.27899,1.63988
,,,--,,0.27908,1.61954
,,,--,,0.27917,1.63311
,,,--,,0.27926,1.61954
,,,--,,0.27936,1.63311
,,,--,,0.27945,1.63311
,,,--,,0.27954,1.66023
,,,--,,0.27964,1.62632
,,,--,,0.27973,1.64667
,,,--,,0.27982,1.61954
,,,--,,0.27991,1.64667
,,,--,,0.28001,1.64667
,,,--,,0.2801,1.63311
,,,--,,0.28019,1.63988
,,,--,,0.28028,1.63988
,,,--,,0.28038,1.63311
,,,--,,0.28047,1.63988
,,,--,,0.28056,1.61954
,,,--,,0.28066,1.64667
,,,--,,0.28075,1.61954
,,,--,,0.28084,1.61954
,,,--,,0.28093,1.62632
,,,--,,0.28103,1.63311
,,,--,,0.28112,1.61954
,,,--,,0.28121,1.63311
,,,--,,0.28131,1.62632
,,,--,,0.2814,1.64667
,,,--,,0.28149,1.62632
,,,--,,0.28158,1.62632
,,,--,,0.28168,1.60598
,,,--,,0.28177,1.62632
,,,--,,0.28186,1.61954
,,,--,,0.28196,1.61954
,,,--,,0.28205,1.62632
,,,--,,0.28214,1.61954
,,,--,,0.28223,1.63311
,,,--,,0.28233,1.63311
,,,--,,0.28242,1.61954
,,,--,,0.28251,1.61276
,,,--,,0.2826,1.62632
,,,--,,0.2827,1.62632
,,,--,,0.28279,1.62632
,,,--,,0.28288,1.62632
,,,--,,0.28298,1.63311
,,,--,,0.28307,1.63988
,,,--,,0.28316,1.61954
,,,--,,0.28325,1.61954
,,,--,,0.28335,1.63988
,,,--,,0.28344,1.64667
,,,--,,0.28353,1.63988
,,,--,,0.28363,1.62632
,,,--,,0.28372,1.64667
,,,--,,0.28381,1.63988
,,,--,,0.2839,1.61954
,,,--,,0.284,1.66702
,,,--,,0.28409,1.63311
,,,--,,0.28418,1.63311
,,,--,,0.28428,1.64667
,,,--,,0.28437,1.63311
,,,--,,0.28446,1.63988
,,,--,,0.28455,1.64667
,,,--,,0.28465,1.63311
,,,--,,0.28474,1.63311
,,,--,,0.28483,1.64667
,,,--,,0.28492,1.65345
,,,--,,0.28502,1.64667
,,,--,,0.28511,1.65345
,,,--,,0.2852,1.63311
,,,--,,0.2853,1.63988
,,,--,,0.28539,1.61276
,,,--,,0.28548,1.64667
,,,--,,0.28557,1.64667
,,,--,,0.28567,1.62632
,,,--,,0.28576,1.63311
,,,--,,0.28585,1.62632
,,,--,,0.28595,1.62632
,,,--,,0.28604,1.63311
,,,--,,0.28613,1.63311
,,,--,,0.28622,1.62632
,,,--,,0.28632,1.62632
,,,--,,0.28641,1.63311
,,,--,,0.2865,1.64667
,,,--,,0.2866,1.63988
,,,--,,0.28669,1.61954
,,,--,,0.28678,1.63311
,,,--,,0.28687,1.63311
,,,--,,0.28697,1.63988
,,,--,,0.28706,1.62632
,,,--,,0.28715,1.63988
,,,--,,0.28724,1.64667
,,,--,,0.28734,1.63311
,,,--,,0.28743,1.62632
,,,--,,0.28752,1.63311
,,,--,,0.28762,1.64667
,,,--,,0.28771,1.64667
,,,--,,0.2878,1.65345
,,,--,,0.28789,1.65345
,,,--,,0.28799,1.64667
,,,--,,0.28808,1.66023
,,,--,,0.28817,1.64667
,,,--,,0.28827,1.65345
,,,--,,0.28836,1.64667
,,,--,,0.28845,1.63988
,,,--,,0.28854,1.64667
,,,--,,0.28864,1.65345
,,,--,,0.28873,1.66702
,,,--,,0.28882,1.63311
,,,--,,0.28892,1.62632
,,,--,,0.28901,1.63311
,,,--,,0.2891,1.64667
,,,--,,0.28919,1.62632
,,,--,,0.28929,1.66023
,,,--,,0.28938,1.64667
,,,--,,0.28947,1.64667
,,,--,,0.28956,1.65345
,,,--,,0.28966,1.63311
,,,--,,0.28975,1.67379
,,,--,,0.28984,1.64667
,,,--,,0.28994,1.63988
,,,--,,0.29003,1.63311
,,,--,,0.29012,1.64667
,,,--,,0.29021,1.64667
,,,--,,0.29031,1.63988
,,,--,,0.2904,1.64667
,,,--,,0.29049,1.64667
,,,--,,0.29059,1.63988
,,,--,,0.29068,1.62632
,,,--,,0.29077,1.65345
,,,--,,0.29086,1.66023
,,,--,,0.29096,1.63311
,,,--,,0.29105,1.64667
,,,--,,0.29114,1.64667
,,,--,,0.29124,1.65345
,,,--,,0.29133,1.63988
,,,--,,0.29142,1.63311
,,,--,,0.29151,1.66702
,,,--,,0.29161,1.65345
,,,--,,0.2917,1.64667
,,,--,,0.29179,1.64667
,,,--,,0.29188,1.66702
,,,--,,0.29198,1.65345
,,,--,,0.29207,1.64667
,,,--,,0.29216,1.66023
,,,--,,0.29226,1.64667
,,,--,,0.29235,1.65345
,,,--,,0.29244,1.65345
,,,--,,0.29253,1.65345
,,,--,,0.29263,1.66702
,,,--,,0.29272,1.67379
,,,--,,0.29281,1.63988
,,,--,,0.29291,1.67379
,,,--,,0.293,1.63988
,,,--,,0.29309,1.65345
,,,--,,0.29318,1.64667
,,,--,,0.29328,1.63311
,,,--,,0.29337,1.65345
,,,--,,0.29346,1.66702
,,,--,,0.29356,1.63311
,,,--,,0.29365,1.64667
,,,--,,0.29374,1.62632
,,,--,,0.29383,1.64667
,,,--,,0.29393,1.62632
,,,--,,0.29402,1.66702
,,,--,,0.29411,1.63988
,,,--,,0.2942,1.66023
,,,--,,0.2943,1.63311
,,,--,,0.29439,1.63988
,,,--,,0.29448,1.64667
,,,--,,0.29458,1.66023
,,,--,,0.29467,1.63988
,,,--,,0.29476,1.63311
,,,--,,0.29485,1.64667
,,,--,,0.29495,1.62632
,,,--,,0.29504,1.63988
,,,--,,0.29513,1.63311
,,,--,,0.29523,1.63311
,,,--,,0.29532,1.66023
,,,--,,0.29541,1.63988
,,,--,,0.2955,1.64667
,,,--,,0.2956,1.63311
,,,--,,0.29569,1.63988
,,,--,,0.29578,1.63311
,,,--,,0.29588,1.65345
,,,--,,0.29597,1.63988
,,,--,,0.29606,1.64667
,,,--,,0.29615,1.64667
,,,--,,0.29625,1.64667
,,,--,,0.29634,1.64667
,,,--,,0.29643,1.64667
,,,--,,0.29652,1.63988
,,,--,,0.29662,1.64667
,,,--,,0.29671,1.64667
,,,--,,0.2968,1.63988
,,,--,,0.2969,1.63311
,,,--,,0.29699,1.64667
,,,--,,0.29708,1.63311
,,,--,,0.29717,1.63988
,,,--,,0.29727,1.63311
,,,--,,0.29736,1.63988
,,,--,,0.29745,1.65345
,,,--,,0.29755,1.62632
,,,--,,0.29764,1.62632
,,,--,,0.29773,1.63988
,,,--,,0.29782,1.63311
,,,--,,0.29792,1.63988
,,,--,,0.29801,1.63311
,,,--,,0.2981,1.63311
,,,--,,0.2982,1.63311
,,,--,,0.29829,1.62632
,,,--,,0.29838,1.64667
,,,--,,0.29847,1.63988
,,,--,,0.29857,1.61954
,,,--,,0.29866,1.62632
,,,--,,0.29875,1.62632
,,,--,,0.29884,1.63311
,,,--,,0.29894,1.62632
,,,--,,0.29903,1.61276
,,,--,,0.29912,1.63988
,,,--,,0.29922,1.63988
,,,--,,0.29931,1.62632
,,,--,,0.2994,1.64667
,,,--,,0.29949,1.63311
,,,--,,0.29959,1.62632
,,,--,,0.29968,1.61954
,,,--,,0.29977,1.63988
,,,--,,0.29987,1.63988
,,,--,,0.29996,1.63988
,,,--,,0.30005,1.61954
,,,--,,0.30014,1.64667
,,,--,,0.30024,1.61954
,,,--,,0.30033,1.62632
,,,--,,0.30042,1.5992
,,,--,,0.30052,1.61954
,,,--,,0.30061,1.63311
,,,--,,0.3007,1.61276
,,,--,,0.30079,1.65345
,,,--,,0.30089,1.63988
,,,--,,0.30098,1.62632
,,,--,,0.30107,1.62632
,,,--,,0.30116,1.61954
,,,--,,0.30126,1.63988
,,,--,,0.30135,1.63988
,,,--,,0.30144,1.61954
,,,--,,0.30154,1.63311
,,,--,,0.30163,1.62632
,,,--,,0.30172,1.63988
,,,--,,0.30181,1.63988
,,,--,,0.30191,1.61954
,,,--,,0.302,1.62632
,,,--,,0.30209,1.61954
,,,--,,0.30219,1.62632
,,,--,,0.30228,1.58563
,,,--,,0.30237,1.61276
,,,--,,0.30246,1.61954
,,,--,,0.30256,1.63311
,,,--,,0.30265,1.61954
,,,--,,0.30274,1.62632
,,,--,,0.30284,1.62632
,,,--,,0.30293,1.60598
,,,--,,0.30302,1.61954
,,,--,,0.30311,1.63988
,,,--,,0.30321,1.62632
,,,--,,0.3033,1.61276
,,,--,,0.30339,1.62632
,,,--,,0.30348,1.64667
,,,--,,0.30358,1.62632
,,,--,,0.30367,1.61954
,,,--,,0.30376,1.63311
,,,--,,0.30386,1.61276
,,,--,,0.30395,1.5992
,,,--,,0.30404,1.61276
,,,--,,0.30413,1.61954
,,,--,,0.30423,1.61276
,,,--,,0.30432,1.59242
,,,--,,0.30441,1.61276
,,,--,,0.30451,1.61954
,,,--,,0.3046,1.60598
,,,--,,0.30469,1.64667
,,,--,,0.30478,1.61954
,,,--,,0.30488,1.59242
,,,--,,0.30497,1.61276
,,,--,,0.30506,1.61954
,,,--,,0.30516,1.61954
,,,--,,0.30525,1.61276
,,,--,,0.30534,1.62632
,,,--,,0.30543,1.61954
,,,--,,0.30553,1.61276
,,,--,,0.30562,1.63988
,,,--,,0.30571,1.60598
,,,--,,0.3058,1.63311
,,,--,,0.3059,1.61954
,,,--,,0.30599,1.61954
,,,--,,0.30608,1.60598
,,,--,,0.30618,1.5992
,,,--,,0.30627,1.61954
,,,--,,0.30636,1.62632
,,,--,,0.30645,1.62632
,,,--,,0.30655,1.63988
,,,--,,0.30664,1.61954
,,,--,,0.30673,1.62632
,,,--,,0.30683,1.61954
,,,--,,0.30692,1.60598
,,,--,,0.30701,1.63311
,,,--,,0.3071,1.61276
,,,--,,0.3072,1.63311
,,,--,,0.30729,1.60598
,,,--,,0.30738,1.61954
,,,--,,0.30748,1.63988
,,,--,,0.30757,1.61954
,,,--,,0.30766,1.63311
,,,--,,0.30775,1.61954
,,,--,,0.30785,1.61954
,,,--,,0.30794,1.63311
,,,--,,0.30803,1.61954
,,,--,,0.30812,1.60598
,,,--,,0.30822,1.62632
,,,--,,0.30831,1.62632
,,,--,,0.3084,1.62632
,,,--,,0.3085,1.61954
,,,--,,0.30859,1.63988
,,,--,,0.30868,1.63311
,,,--,,0.30877,1.63311
,,,--,,0.30887,1.63988
,,,--,,0.30896,1.64667
,,,--,,0.30905,1.63311
,,,--,,0.30915,1.64667
,,,--,,0.30924,1.63988
,,,--,,0.30933,1.61954
,,,--,,0.30942,1.61954
,,,--,,0.30952,1.61954
,,,--,,0.30961,1.63988
,,,--,,0.3097,1.63311
,,,--,,0.3098,1.62632
,,,--,,0.30989,1.5992
,,,--,,0.30998,1.62632
,,,--,,0.31007,1.63311
,,,--,,0.31017,1.62632
,,,--,,0.31026,1.61954
,,,--,,0.31035,1.60598
,,,--,,0.31044,1.60598
,,,--,,0.31054,1.63311
,,,--,,0.31063,1.61954
,,,--,,0.31072,1.61276
,,,--,,0.31082,1.63311
,,,--,,0.31091,1.63988
,,,--,,0.311,1.63311
,,,--,,0.31109,1.64667
,,,--,,0.31119,1.62632
,,,--,,0.31128,1.62632
,,,--,,0.31137,1.63311
,,,--,,0.31147,1.63988
,,,--,,0.31156,1.64667
,,,--,,0.31165,1.62632
,,,--,,0.31174,1.65345
,,,--,,0.31184,1.63988
,,,--,,0.31193,1.61954
,,,--,,0.31202,1.64667
,,,--,,0.31212,1.63988
,,,--,,0.31221,1.62632
,,,--,,0.3123,1.63988
,,,--,,0.31239,1.63311
,,,--,,0.31249,1.64667
,,,--,,0.31258,1.61954
,,,--,,0.31267,1.63311
,,,--,,0.31276,1.63988
,,,--,,0.31286,1.64667
,,,--,,0.31295,1.63311
,,,--,,0.31304,1.63311
,,,--,,0.31314,1.64667
,,,--,,0.31323,1.62632
,,,--,,0.31332,1.64667
,,,--,,0.31341,1.64667
,,,--,,0.31351,1.64667
,,,--,,0.3136,1.63988
,,,--,,0.31369,1.62632
,,,--,,0.31379,1.64667
,,,--,,0.31388,1.66023
,,,--,,0.31397,1.60598
,,,--,,0.31406,1.63988
,,,--,,0.31416,1.63988
,,,--,,0.31425,1.64667
,,,--,,0.31434,1.63988
,,,--,,0.31444,1.64667
,,,--,,0.31453,1.64667
,,,--,,0.31462,1.66023
,,,--,,0.31471,1.64667
,,,--,,0.31481,1.65345
,,,--,,0.3149,1.64667
,,,--,,0.31499,1.65345
,,,--,,0.31508,1.66023
,,,--,,0.31518,1.66023
,,,--,,0.31527,1.62632
,,,--,,0.31536,1.65345
,,,--,,0.31546,1.63988
,,,--,,0.31555,1.66023
,,,--,,0.31564,1.63988
,,,--,,0.31573,1.63988
,,,--,,0.31583,1.65345
,,,--,,0.31592,1.64667
,,,--,,0.31601,1.63311
,,,--,,0.31611,1.66702
,,,--,,0.3162,1.63988
,,,--,,0.31629,1.65345
,,,--,,0.31638,1.64667
,,,--,,0.31648,1.62632
,,,--,,0.31657,1.63988
,,,--,,0.31666,1.66023
,,,--,,0.31676,1.62632
,,,--,,0.31685,1.64667
,,,--,,0.31694,1.63311
,,,--,,0.31703,1.66023
,,,--,,0.31713,1.64667
,,,--,,0.31722,1.66702
,,,--,,0.31731,1.66702
,,,--,,0.3174,1.66023
,,,--,,0.3175,1.62632
,,,--,,0.31759,1.64667
,,,--,,0.31768,1.65345
,,,--,,0.31778,1.66702
,,,--,,0.31787,1.66023
,,,--,,0.31796,1.66023
,,,--,,0.31805,1.64667
,,,--,,0.31815,1.65345
,,,--,,0.31824,1.64667
,,,--,,0.31833,1.66702
,,,--,,0.31843,1.66023
,,,--,,0.31852,1.64667
,,,--,,0.31861,1.63311
,,,--,,0.3187,1.65345
,,,--,,0.3188,1.66702
,,,--,,0.31889,1.66702
,,,--,,0.31898,1.65345
,,,--,,0.31908,1.66023
,,,--,,0.31917,1.63311
,,,--,,0.31926,1.65345
,,,--,,0.31935,1.65345
,,,--,,0.31945,1.66702
,,,--,,0.31954,1.64667
,,,--,,0.31963,1.65345
,,,--,,0.31972,1.64667
,,,--,,0.31982,1.64667
,,,--,,0.31991,1.66702
,,,--,,0.32,1.66023
,,,--,,0.3201,1.63311
,,,--,,0.32019,1.65345
,,,--,,0.32028,1.66702
,,,--,,0.32037,1.67379
,,,--,,0.32047,1.64667
,,,--,,0.32056,1.66702
,,,--,,0.32065,1.65345
,,,--,,0.32075,1.64667
,,,--,,0.32084,1.63988
,,,--,,0.32093,1.63988
,,,--,,0.32102,1.62632
,,,--,,0.32112,1.65345
,,,--,,0.32121,1.65345
,,,--,,0.3213,1.66702
,,,--,,0.3214,1.64667
,,,--,,0.32149,1.66023
,,,--,,0.32158,1.66023
,,,--,,0.32167,1.63311
,,,--,,0.32177,1.66023
,,,--,,0.32186,1.66702
,,,--,,0.32195,1.66023
,,,--,,0.32204,1.64667
,,,--,,0.32214,1.64667
,,,--,,0.32223,1.66702
,,,--,,0.32232,1.66023
,,,--,,0.32242,1.66023
,,,--,,0.32251,1.64667
,,,--,,0.3226,1.64667
,,,--,,0.32269,1.64667
,,,--,,0.32279,1.65345
,,,--,,0.32288,1.64667
,,,--,,0.32297,1.63988
,,,--,,0.32307,1.64667
,,,--,,0.32316,1.66702
,,,--,,0.32325,1.64667
,,,--,,0.32334,1.64667
,,,--,,0.32344,1.63988
,,,--,,0.32353,1.64667
,,,--,,0.32362,1.64667
,,,--,,0.32372,1.63311
,,,--,,0.32381,1.64667
,,,--,,0.3239,1.66023
,,,--,,0.32399,1.64667
,,,--,,0.32409,1.63988
,,,--,,0.32418,1.63311
,,,--,,0.32427,1.64667
,,,--,,0.32436,1.64667
,,,--,,0.32446,1.63311
,,,--,,0.32455,1.64667
,,,--,,0.32464,1.65345
,,,--,,0.32474,1.63988
,,,--,,0.32483,1.64667
,,,--,,0.32492,1.63311
,,,--,,0.32501,1.65345
,,,--,,0.32511,1.62632
,,,--,,0.3252,1.62632
,,,--,,0.32529,1.63988
,,,--,,0.32539,1.63311
,,,--,,0.32548,1.63311
,,,--,,0.32557,1.64667
,,,--,,0.32566,1.61276
,,,--,,0.32576,1.62632
,,,--,,0.32585,1.63311
,,,--,,0.32594,1.63311
,,,--,,0.32604,1.63311
,,,--,,0.32613,1.61954
,,,--,,0.32622,1.63988
,,,--,,0.32631,1.63988
,,,--,,0.32641,1.63988
,,,--,,0.3265,1.63311
,,,--,,0.32659,1.63311
,,,--,,0.32668,1.63311
,,,--,,0.32678,1.62632
,,,--,,0.32687,1.61276
,,,--,,0.32696,1.66702
,,,--,,0.32706,1.63988
,,,--,,0.32715,1.64667
,,,--,,0.32724,1.62632
,,,--,,0.32733,1.63988
,,,--,,0.32743,1.63311
,,,--,,0.32752,1.61954
,,,--,,0.32761,1.63311
,,,--,,0.32771,1.5992
,,,--,,0.3278,1.63988
,,,--,,0.32789,1.63988
,,,--,,0.32798,1.62632
,,,--,,0.32808,1.61954
,,,--,,0.32817,1.62632
,,,--,,0.32826,1.61954
,,,--,,0.32836,1.5992
,,,--,,0.32845,1.63988
,,,--,,0.32854,1.63311
,,,--,,0.32863,1.61276
,,,--,,0.32873,1.5992
,,,--,,0.32882,1.62632
,,,--,,0.32891,1.63988
,,,--,,0.329,1.60598
,,,--,,0.3291,1.60598
,,,--,,0.32919,1.61954
,,,--,,0.32928,1.63311
,,,--,,0.32938,1.5992
,,,--,,0.32947,1.62632
,,,--,,0.32956,1.61954
,,,--,,0.32965,1.62632
,,,--,,0.32975,1.64667
,,,--,,0.32984,1.62632
,,,--,,0.32993,1.59242
,,,--,,0.33003,1.58563
,,,--,,0.33012,1.60598
,,,--,,0.33021,1.62632
,,,--,,0.3303,1.5992
,,,--,,0.3304,1.61954
,,,--,,0.33049,1.60598
,,,--,,0.33058,1.61276
,,,--,,0.33068,1.61276
,,,--,,0.33077,1.61954
,,,--,,0.33086,1.5992
,,,--,,0.33095,1.5992
,,,--,,0.33105,1.61954
,,,--,,0.33114,1.61276
,,,--,,0.33123,1.61954
,,,--,,0.33132,1.62632
,,,--,,0.33142,1.61276
,,,--,,0.33151,1.61954
,,,--,,0.3316,1.63988
,,,--,,0.3317,1.61954
,,,--,,0.33179,1.61954
,,,--,,0.33188,1.61954
,,,--,,0.33197,1.61954
,,,--,,0.33207,1.61954
,,,--,,0.33216,1.5992
,,,--,,0.33225,1.60598
,,,--,,0.33235,1.5992
,,,--,,0.33244,1.57885
,,,--,,0.33253,1.61954
,,,--,,0.33262,1.60598
,,,--,,0.33272,1.61954
,,,--,,0.33281,1.60598
,,,--,,0.3329,1.61276
,,,--,,0.333,1.61276
,,,--,,0.33309,1.62632
,,,--,,0.33318,1.63311
,,,--,,0.33327,1.61276
,,,--,,0.33337,1.61954
,,,--,,0.33346,1.60598
,,,--,,0.33355,1.62632
,,,--,,0.33364,1.59242
,,,--,,0.33374,1.61276
,,,--,,0.33383,1.61276
,,,--,,0.33392,1.61954
,,,--,,0.33402,1.61954
,,,--,,0.33411,1.5992
,,,--,,0.3342,1.60598
,,,--,,0.33429,1.63988
,,,--,,0.33439,1.62632
,,,--,,0.33448,1.5992
,,,--,,0.33457,1.61954
,,,--,,0.33467,1.61954
,,,--,,0.33476,1.61276
,,,--,,0.33485,1.61276
,,,--,,0.33494,1.62632
,,,--,,0.33504,1.63311
,,,--,,0.33513,1.64667
,,,--,,0.33522,1.61954
,,,--,,0.33532,1.61954
,,,--,,0.33541,1.61954
,,,--,,0.3355,1.5992
,,,--,,0.33559,1.62632
,,,--,,0.33569,1.63311
,,,--,,0.33578,1.60598
,,,--,,0.33587,1.61954
,,,--,,0.33596,1.61276
,,,--,,0.33606,1.60598
,,,--,,0.33615,1.61954
,,,--,,0.33624,1.59242
,,,--,,0.33634,1.61954
,,,--,,0.33643,1.5992
,,,--,,0.33652,1.5992
,,,--,,0.33661,1.59242
,,,--,,0.33671,1.61954
,,,--,,0.3368,1.60598
,,,--,,0.33689,1.61954
,,,--,,0.33699,1.61276
,,,--,,0.33708,1.5992
,,,--,,0.33717,1.61954
,,,--,,0.33726,1.60598
,,,--,,0.33736,1.61276
,,,--,,0.33745,1.61954
,,,--,,0.33754,1.59242
,,,--,,0.33764,1.58563
,,,--,,0.33773,1.60598
,,,--,,0.33782,1.59242
,,,--,,0.33791,1.5992
,,,--,,0.33801,1.5992
,,,--,,0.3381,1.5992
,,,--,,0.33819,1.59242
,,,--,,0.33828,1.59242
,,,--,,0.33838,1.59242
,,,--,,0.33847,1.58563
,,,--,,0.33856,1.5992
,,,--,,0.33866,1.57885
,,,--,,0.33875,1.58563
,,,--,,0.33884,1.63311
,,,--,,0.33893,1.57885
,,,--,,0.33903,1.57207
,,,--,,0.33912,1.57207
,,,--,,0.33921,1.58563
,,,--,,0.33931,1.59242
,,,--,,0.3394,1.58563
,,,--,,0.33949,1.59242
,,,--,,0.33958,1.5992
,,,--,,0.33968,1.58563
,,,--,,0.33977,1.58563
,,,--,,0.33986,1.57885
,,,--,,0.33996,1.5992
,,,--,,0.34005,1.59242
,,,--,,0.34014,1.59242
,,,--,,0.34023,1.5992
,,,--,,0.34033,1.57885
,,,--,,0.34042,1.58563
,,,--,,0.34051,1.59242
,,,--,,0.3406,1.60598
,,,--,,0.3407,1.57885
,,,--,,0.34079,1.5992
,,,--,,0.34088,1.5992
,,,--,,0.34098,1.58563
,,,--,,0.34107,1.59242
,,,--,,0.34116,1.58563
,,,--,,0.34125,1.59242
,,,--,,0.34135,1.59242
,,,--,,0.34144,1.59242
,,,--,,0.34153,1.60598
,,,--,,0.34163,1.57885
,,,--,,0.34172,1.5992
,,,--,,0.34181,1.58563
,,,--,,0.3419,1.5992
,,,--,,0.342,1.60598
,,,--,,0.34209,1.57885
,,,--,,0.34218,1.59242
,,,--,,0.34228,1.60598
,,,--,,0.34237,1.59242
,,,--,,0.34246,1.59242
,,,--,,0.34255,1.59242
,,,--,,0.34265,1.59242
,,,--,,0.34274,1.5992
,,,--,,0.34283,1.60598
,,,--,,0.34292,1.59242
,,,--,,0.34302,1.5992
,,,--,,0.34311,1.61954
,,,--,,0.3432,1.61276
,,,--,,0.3433,1.61276
,,,--,,0.34339,1.60598
,,,--,,0.34348,1.61954
,,,--,,0.34357,1.5992
,,,--,,0.34367,1.5992
,,,--,,0.34376,1.61954
,,,--,,0.34385,1.5992
,,,--,,0.34395,1.63311
,,,--,,0.34404,1.61954
,,,--,,0.34413,1.61954
,,,--,,0.34422,1.5992
,,,--,,0.34432,1.61276
,,,--,,0.34441,1.5992
,,,--,,0.3445,1.61276
,,,--,,0.3446,1.61954
,,,--,,0.34469,1.60598
,,,--,,0.34478,1.57885
,,,--,,0.34487,1.61276
,,,--,,0.34497,1.61276
,,,--,,0.34506,1.61954
,,,--,,0.34515,1.60598
,,,--,,0.34524,1.60598
,,,--,,0.34534,1.61276
,,,--,,0.34543,1.61954
,,,--,,0.34552,1.58563
,,,--,,0.34562,1.5992
,,,--,,0.34571,1.63311
,,,--,,0.3458,1.60598
,,,--,,0.34589,1.60598
,,,--,,0.34599,1.61276
,,,--,,0.34608,1.61954
,,,--,,0.34617,1.63311
,,,--,,0.34627,1.61954
,,,--,,0.34636,1.61276
,,,--,,0.34645,1.63311
,,,--,,0.34654,1.61954
,,,--,,0.34664,1.5992
,,,--,,0.34673,1.5992
,,,--,,0.34682,1.60598
,,,--,,0.34692,1.61954
,,,--,,0.34701,1.63311
,,,--,,0.3471,1.5992
,,,--,,0.34719,1.61954
,,,--,,0.34729,1.60598
,,,--,,0.34738,1.5992
,,,--,,0.34747,1.5992
,,,--,,0.34756,1.5992
,,,--,,0.34766,1.60598
,,,--,,0.34775,1.5992
,,,--,,0.34784,1.57885
,,,--,,0.34794,1.61954
,,,--,,0.34803,1.61276
,,,--,,0.34812,1.5992
,,,--,,0.34821,1.61276
,,,--,,0.34831,1.5992
,,,--,,0.3484,1.61954
,,,--,,0.34849,1.61276
,,,--,,0.34859,1.5992
,,,--,,0.34868,1.61276
,,,--,,0.34877,1.61276
,,,--,,0.34886,1.61954
,,,--,,0.34896,1.63988
,,,--,,0.34905,1.60598
,,,--,,0.34914,1.5992
,,,--,,0.34924,1.61276
,,,--,,0.34933,1.63311
,,,--,,0.34942,1.61276
,,,--,,0.34951,1.61954
,,,--,,0.34961,1.61954
,,,--,,0.3497,1.61276
,,,--,,0.34979,1.59242
,,,--,,0.34988,1.5992
,,,--,,0.34998,1.60598
,,,--,,0.35007,1.61276
,,,--,,0.35016,1.61276
,,,--,,0.35026,1.61954
,,,--,,0.35035,1.61954
,,,--,,0.35044,1.62632
,,,--,,0.35053,1.59242
,,,--,,0.35063,1.61276
,,,--,,0.35072,1.5992
,,,--,,0.35081,1.57885
,,,--,,0.35091,1.61954
,,,--,,0.351,1.63311
,,,--,,0.35109,1.61276
,,,--,,0.35118,1.5992
,,,--,,0.35128,1.59242
,,,--,,0.35137,1.60598
,,,--,,0.35146,1.60598
,,,--,,0.35156,1.61276
,,,--,,0.35165,1.61276
,,,--,,0.35174,1.5992
,,,--,,0.35183,1.60598
,,,--,,0.35193,1.60598
,,,--,,0.35202,1.58563
,,,--,,0.35211,1.61954
,,,--,,0.3522,1.5992
,,,--,,0.3523,1.62632
,,,--,,0.35239,1.61276
,,,--,,0.35248,1.5992
,,,--,,0.35258,1.60598
,,,--,,0.35267,1.61276
,,,--,,0.35276,1.5992
,,,--,,0.35285,1.5992
,,,--,,0.35295,1.59242
,,,--,,0.35304,1.59242
,,,--,,0.35313,1.58563
,,,--,,0.35323,1.61954
,,,--,,0.35332,1.5992
,,,--,,0.35341,1.5992
,,,--,,0.3535,1.57885
,,,--,,0.3536,1.5992
,,,--,,0.35369,1.59242
,,,--,,0.35378,1.58563
,,,--,,0.35388,1.59242
,,,--,,0.35397,1.58563
,,,--,,0.35406,1.5992
,,,--,,0.35415,1.5992
,,,--,,0.35425,1.5992
,,,--,,0.35434,1.5992
,,,--,,0.35443,1.60598
,,,--,,0.35452,1.61954
,,,--,,0.35462,1.59242
,,,--,,0.35471,1.61276
,,,--,,0.3548,1.59242
,,,--,,0.3549,1.60598
,,,--,,0.35499,1.59242
,,,--,,0.35508,1.59242
,,,--,,0.35517,1.59242
,,,--,,0.35527,1.59242
,,,--,,0.35536,1.59242
,,,--,,0.35545,1.61276
,,,--,,0.35555,1.56529
,,,--,,0.35564,1.59242
,,,--,,0.35573,1.59242
,,,--,,0.35582,1.61954
,,,--,,0.35592,1.57885
,,,--,,0.35601,1.58563
,,,--,,0.3561,1.59242
,,,--,,0.3562,1.5992
,,,--,,0.35629,1.58563
,,,--,,0.35638,1.59242
,,,--,,0.35647,1.60598
,,,--,,0.35657,1.58563
,,,--,,0.35666,1.59242
,,,--,,0.35675,1.61954
,,,--,,0.35684,1.57885
,,,--,,0.35694,1.60598
,,,--,,0.35703,1.57885
,,,--,,0.35712,1.60598
,,,--,,0.35722,1.57207
,,,--,,0.35731,1.5992
,,,--,,0.3574,1.5992
,,,--,,0.35749,1.60598
,,,--,,0.35759,1.58563
,,,--,,0.35768,1.61276
,,,--,,0.35777,1.5992
,,,--,,0.35787,1.59242
,,,--,,0.35796,1.59242
,,,--,,0.35805,1.60598
,,,--,,0.35814,1.55851
,,,--,,0.35824,1.61276
,,,--,,0.35833,1.58563
,,,--,,0.35842,1.61276
,,,--,,0.35852,1.59242
,,,--,,0.35861,1.5992
,,,--,,0.3587,1.59242
,,,--,,0.35879,1.59242
,,,--,,0.35889,1.59242
,,,--,,0.35898,1.61276
,,,--,,0.35907,1.5992
,,,--,,0.35916,1.61276
,,,--,,0.35926,1.55851
,,,--,,0.35935,1.5992
,,,--,,0.35944,1.60598
,,,--,,0.35954,1.58563
,,,--,,0.35963,1.59242
,,,--,,0.35972,1.63311
,,,--,,0.35981,1.59242
,,,--,,0.35991,1.59242
,,,--,,0.36,1.5992
,,,--,,0.36009,1.58563
,,,--,,0.36019,1.5992
,,,--,,0.36028,1.61954
,,,--,,0.36037,1.59242
,,,--,,0.36046,1.61954
,,,--,,0.36056,1.59242
,,,--,,0.36065,1.62632
,,,--,,0.36074,1.5992
,,,--,,0.36084,1.62632
,,,--,,0.36093,1.61954
,,,--,,0.36102,1.5992
,,,--,,0.36111,1.59242
,,,--,,0.36121,1.5992
,,,--,,0.3613,1.57885
,,,--,,0.36139,1.60598
,,,--,,0.36148,1.57885
,,,--,,0.36158,1.61954
,,,--,,0.36167,1.61954
,,,--,,0.36176,1.62632
,,,--,,0.36186,1.57885
,,,--,,0.36195,1.58563
,,,--,,0.36204,1.5992
,,,--,,0.36213,1.57885
,,,--,,0.36223,1.59242
,,,--,,0.36232,1.57885
,,,--,,0.36241,1.60598
,,,--,,0.36251,1.5992
,,,--,,0.3626,1.61276
,,,--,,0.36269,1.5992
,,,--,,0.36278,1.5992
,,,--,,0.36288,1.59242
,,,--,,0.36297,1.59242
,,,--,,0.36306,1.60598
,,,--,,0.36316,1.59242
,,,--,,0.36325,1.60598
,,,--,,0.36334,1.57207
,,,--,,0.36343,1.61276
,,,--,,0.36353,1.58563
,,,--,,0.36362,1.62632
,,,--,,0.36371,1.55851
,,,--,,0.3638,1.57885
,,,--,,0.3639,1.61954
,,,--,,0.36399,1.62632
,,,--,,0.36408,1.61954
,,,--,,0.36418,1.58563
,,,--,,0.36427,1.58563
,,,--,,0.36436,1.5992
,,,--,,0.36445,1.58563
,,,--,,0.36455,1.61276
,,,--,,0.36464,1.60598
,,,--,,0.36473,1.59242
,,,--,,0.36483,1.61276
,,,--,,0.36492,1.60598
,,,--,,0.36501,1.61276
,,,--,,0.3651,1.5992
,,,--,,0.3652,1.59242
,,,--,,0.36529,1.60598
,,,--,,0.36538,1.61954
,,,--,,0.36548,1.60598
,,,--,,0.36557,1.60598
,,,--,,0.36566,1.60598
,,,--,,0.36575,1.57885
,,,--,,0.36585,1.61954
,,,--,,0.36594,1.61276
,,,--,,0.36603,1.59242
,,,--,,0.36612,1.59242
,,,--,,0.36622,1.61276
,,,--,,0.36631,1.59242
,,,--,,0.3664,1.59242
,,,--,,0.3665,1.5992
,,,--,,0.36659,1.63988
,,,--,,0.36668,1.61276
,,,--,,0.36677,1.61276
,,,--,,0.36687,1.5992
,,,--,,0.36696,1.61276
,,,--,,0.36705,1.61954
,,,--,,0.36715,1.5992
,,,--,,0.36724,1.59242
,,,--,,0.36733,1.5992
,,,--,,0.36742,1.61276
,,,--,,0.36752,1.60598
,,,--,,0.36761,1.61276
,,,--,,0.3677,1.5992
,,,--,,0.3678,1.61276
,,,--,,0.36789,1.61276
,,,--,,0.36798,1.60598
,,,--,,0.36807,1.61954
,,,--,,0.36817,1.61954
,,,--,,0.36826,1.61276
,,,--,,0.36835,1.61954
,,,--,,0.36844,1.62632
,,,--,,0.36854,1.59242
,,,--,,0.36863,1.59242
,,,--,,0.36872,1.61276
,,,--,,0.36882,1.61276
,,,--,,0.36891,1.61276
,,,--,,0.369,1.60598
,,,--,,0.36909,1.59242
,,,--,,0.36919,1.60598
,,,--,,0.36928,1.61276
,,,--,,0.36937,1.63988
,,,--,,0.36947,1.59242
,,,--,,0.36956,1.60598
,,,--,,0.36965,1.5992
,,,--,,0.36974,1.61954
,,,--,,0.36984,1.61954
,,,--,,0.36993,1.61954
,,,--,,0.37002,1.61954
,,,--,,0.37012,1.61954
,,,--,,0.37021,1.5992
,,,--,,0.3703,1.60598
,,,--,,0.37039,1.5992
,,,--,,0.37049,1.61954
,,,--,,0.37058,1.5992
,,,--,,0.37067,1.60598
,,,--,,0.37076,1.62632
,,,--,,0.37086,1.5992
,,,--,,0.37095,1.5992
,,,--,,0.37104,1.59242
,,,--,,0.37114,1.61954
,,,--,,0.37123,1.61954
,,,--,,0.37132,1.5992
,,,--,,0.37141,1.61954
,,,--,,0.37151,1.5992
,,,--,,0.3716,1.62632
,,,--,,0.37169,1.61954
,,,--,,0.37179,1.61954
,,,--,,0.37188,1.62632
,,,--,,0.37197,1.61276
,,,--,,0.37206,1.61954
,,,--,,0.37216,1.61954
,,,--,,0.37225,1.5992
,,,--,,0.37234,1.61276
,,,--,,0.37244,1.61954
,,,--,,0.37253,1.61954
,,,--,,0.37262,1.5992
,,,--,,0.37271,1.61954
,,,--,,0.37281,1.60598
,,,--,,0.3729,1.61276
,,,--,,0.37299,1.60598
,,,--,,0.37308,1.5992
,,,--,,0.37318,1.61954
,,,--,,0.37327,1.62632
,,,--,,0.37336,1.63988
,,,--,,0.37346,1.63311
,,,--,,0.37355,1.61954
,,,--,,0.37364,1.60598
,,,--,,0.37373,1.62632
,,,--,,0.37383,1.62632
,,,--,,0.37392,1.58563
,,,--,,0.37401,1.60598
,,,--,,0.37411,1.62632
,,,--,,0.3742,1.63311
,,,--,,0.37429,1.5992
,,,--,,0.37438,1.61954
,,,--,,0.37448,1.60598
,,,--,,0.37457,1.61276
,,,--,,0.37466,1.61954
,,,--,,0.37476,1.63311
,,,--,,0.37485,1.61954
,,,--,,0.37494,1.60598
,,,--,,0.37503,1.61954
,,,--,,0.37513,1.61954
,,,--,,0.37522,1.61954
,,,--,,0.37531,1.63311
,,,--,,0.3754,1.63311
,,,--,,0.3755,1.62632
,,,--,,0.37559,1.63988
,,,--,,0.37568,1.61276
,,,--,,0.37578,1.61954
,,,--,,0.37587,1.61276
,,,--,,0.37596,1.60598
,,,--,,0.37605,1.62632
,,,--,,0.37615,1.62632
,,,--,,0.37624,1.61276
,,,--,,0.37633,1.63311
,,,--,,0.37643,1.62632
,,,--,,0.37652,1.61954
,,,--,,0.37661,1.62632
,,,--,,0.3767,1.61954
,,,--,,0.3768,1.63988
,,,--,,0.37689,1.64667
,,,--,,0.37698,1.63311
,,,--,,0.37708,1.63988
,,,--,,0.37717,1.63988
,,,--,,0.37726,1.64667
,,,--,,0.37735,1.62632
,,,--,,0.37745,1.63988
,,,--,,0.37754,1.63988
,,,--,,0.37763,1.61276
,,,--,,0.37772,1.65345
,,,--,,0.37782,1.63311
,,,--,,0.37791,1.63988
,,,--,,0.378,1.64667
,,,--,,0.3781,1.63988
,,,--,,0.37819,1.63311
,,,--,,0.37828,1.63988
,,,--,,0.37837,1.61954
,,,--,,0.37847,1.64667
,,,--,,0.37856,1.62632
,,,--,,0.37865,1.63988
,,,--,,0.37875,1.63988
,,,--,,0.37884,1.63988
,,,--,,0.37893,1.63988
,,,--,,0.37902,1.63988
,,,--,,0.37912,1.63988
,,,--,,0.37921,1.65345
,,,--,,0.3793,1.64667
,,,--,,0.3794,1.62632
,,,--,,0.37949,1.62632
,,,--,,0.37958,1.64667
,,,--,,0.37967,1.63988
,,,--,,0.37977,1.63988
,,,--,,0.37986,1.63311
,,,--,,0.37995,1.64667
,,,--,,0.38004,1.63988
,,,--,,0.38014,1.64667
,,,--,,0.38023,1.63988
,,,--,,0.38032,1.63988
,,,--,,0.38042,1.63988
,,,--,,0.38051,1.66023
,,,--,,0.3806,1.64667
,,,--,,0.38069,1.64667
,,,--,,0.38079,1.64667
,,,--,,0.38088,1.64667
,,,--,,0.38097,1.65345
,,,--,,0.38107,1.62632
,,,--,,0.38116,1.64667
,,,--,,0.38125,1.64667
,,,--,,0.38134,1.64667
,,,--,,0.38144,1.65345
,,,--,,0.38153,1.63311
,,,--,,0.38162,1.64667
,,,--,,0.38172,1.63988
,,,--,,0.38181,1.64667
,,,--,,0.3819,1.63988
,,,--,,0.38199,1.63311
,,,--,,0.38209,1.64667
,,,--,,0.38218,1.64667
,,,--,,0.38227,1.64667
,,,--,,0.38236,1.65345
,,,--,,0.38246,1.64667
,,,--,,0.38255,1.62632
,,,--,,0.38264,1.64667
,,,--,,0.38274,1.64667
,,,--,,0.38283,1.66702
,,,--,,0.38292,1.66023
,,,--,,0.38301,1.64667
,,,--,,0.38311,1.66023
,,,--,,0.3832,1.64667
,,,--,,0.38329,1.64667
,,,--,,0.38339,1.65345
,,,--,,0.38348,1.65345
,,,--,,0.38357,1.66023
,,,--,,0.38366,1.62632
,,,--,,0.38376,1.66702
,,,--,,0.38385,1.65345
,,,--,,0.38394,1.65345
,,,--,,0.38404,1.63988
,,,--,,0.38413,1.64667
,,,--,,0.38422,1.66702
,,,--,,0.38431,1.66023
,,,--,,0.38441,1.66023
,,,--,,0.3845,1.66702
,,,--,,0.38459,1.63311
,,,--,,0.38468,1.65345
,,,--,,0.38478,1.66702
,,,--,,0.38487,1.66702
,,,--,,0.38496,1.64667
,,,--,,0.38506,1.66702
,,,--,,0.38515,1.65345
,,,--,,0.38524,1.65345
,,,--,,0.38533,1.63988
,,,--,,0.38543,1.64667
,,,--,,0.38552,1.64667
,,,--,,0.38561,1.66023
,,,--,,0.38571,1.63988
,,,--,,0.3858,1.63988
,,,--,,0.38589,1.63988
,,,--,,0.38598,1.66702
,,,--,,0.38608,1.63311
,,,--,,0.38617,1.64667
,,,--,,0.38626,1.66702
,,,--,,0.38636,1.65345
,,,--,,0.38645,1.64667
,,,--,,0.38654,1.61954
,,,--,,0.38663,1.62632
,,,--,,0.38673,1.65345
,,,--,,0.38682,1.66023
,,,--,,0.38691,1.63311
,,,--,,0.387,1.64667
,,,--,,0.3871,1.64667
,,,--,,0.38719,1.63988
,,,--,,0.38728,1.64667
,,,--,,0.38738,1.62632
,,,--,,0.38747,1.65345
,,,--,,0.38756,1.63311
,,,--,,0.38765,1.63988
,,,--,,0.38775,1.63311
,,,--,,0.38784,1.64667
,,,--,,0.38793,1.63988
,,,--,,0.38803,1.66023
,,,--,,0.38812,1.64667
,,,--,,0.38821,1.63988
,,,--,,0.3883,1.61954
,,,--,,0.3884,1.61954
,,,--,,0.38849,1.61954
,,,--,,0.38858,1.63988
,,,--,,0.38868,1.62632
,,,--,,0.38877,1.63311
,,,--,,0.38886,1.63311
,,,--,,0.38895,1.61954
,,,--,,0.38905,1.62632
,,,--,,0.38914,1.61954
,,,--,,0.38923,1.61276
,,,--,,0.38932,1.62632
,,,--,,0.38942,1.63311
,,,--,,0.38951,1.61954
,,,--,,0.3896,1.62632
,,,--,,0.3897,1.64667
,,,--,,0.38979,1.60598
,,,--,,0.38988,1.61276
,,,--,,0.38997,1.62632
,,,--,,0.39007,1.63311
,,,--,,0.39016,1.62632
,,,--,,0.39025,1.62632
,,,--,,0.39035,1.63988
,,,--,,0.39044,1.60598
,,,--,,0.39053,1.59242
,,,--,,0.39062,1.5992
,,,--,,0.39072,1.61954
,,,--,,0.39081,1.61954
,,,--,,0.3909,1.62632
,,,--,,0.391,1.61954
,,,--,,0.39109,1.63311
,,,--,,0.39118,1.61954
,,,--,,0.39127,1.61276
,,,--,,0.39137,1.61954
,,,--,,0.39146,1.60598
,,,--,,0.39155,1.61954
,,,--,,0.39164,1.61276
,,,--,,0.39174,1.60598
,,,--,,0.39183,1.60598
,,,--,,0.39192,1.5992
,,,--,,0.39202,1.62632
,,,--,,0.39211,1.61954
,,,--,,0.3922,1.61954
,,,--,,0.39229,1.5992
,,,--,,0.39239,1.5992
,,,--,,0.39248,1.59242
,,,--,,0.39257,1.61276
,,,--,,0.39267,1.61954
,,,--,,0.39276,1.5992
,,,--,,0.39285,1.59242
,,,--,,0.39294,1.59242
,,,--,,0.39304,1.61276
,,,--,,0.39313,1.61276
,,,--,,0.39322,1.60598
,,,--,,0.39332,1.60598
,,,--,,0.39341,1.5992
,,,--,,0.3935,1.62632
,,,--,,0.39359,1.62632
,,,--,,0.39369,1.61954
,,,--,,0.39378,1.61276
,,,--,,0.39387,1.61276
,,,--,,0.39396,1.60598
,,,--,,0.39406,1.62632
,,,--,,0.39415,1.5992
,,,--,,0.39424,1.61276
,,,--,,0.39434,1.61276
,,,--,,0.39443,1.62632
,,,--,,0.39452,1.61276
,,,--,,0.39461,1.61276
,,,--,,0.39471,1.60598
,,,--,,0.3948,1.62632
,,,--,,0.39489,1.60598
,,,--,,0.39499,1.63311
,,,--,,0.39508,1.61954
,,,--,,0.39517,1.61276
,,,--,,0.39526,1.5992
,,,--,,0.39536,1.62632
,,,--,,0.39545,1.60598
,,,--,,0.39554,1.61276
,,,--,,0.39564,1.60598
,,,--,,0.39573,1.59242
,,,--,,0.39582,1.61276
,,,--,,0.39591,1.61276
,,,--,,0.39601,1.61954
,,,--,,0.3961,1.61954
,,,--,,0.39619,1.5992
,,,--,,0.39628,1.5992
,,,--,,0.39638,1.5992
,,,--,,0.39647,1.61954
,,,--,,0.39656,1.60598
,,,--,,0.39666,1.5992
,,,--,,0.39675,1.62632
,,,--,,0.39684,1.61954
,,,--,,0.39693,1.61954
,,,--,,0.39703,1.61276
,,,--,,0.39712,1.62632
,,,--,,0.39721,1.63988
,,,--,,0.39731,1.61954
,,,--,,0.3974,1.63311
,,,--,,0.39749,1.61276
,,,--,,0.39758,1.63311
,,,--,,0.39768,1.58563
,,,--,,0.39777,1.60598
,,,--,,0.39786,1.60598
,,,--,,0.39796,1.60598
,,,--,,0.39805,1.5992
,,,--,,0.39814,1.61276
,,,--,,0.39823,1.61954
,,,--,,0.39833,1.62632
,,,--,,0.39842,1.59242
,,,--,,0.39851,1.61954
,,,--,,0.3986,1.60598
,,,--,,0.3987,1.62632
,,,--,,0.39879,1.61276
,,,--,,0.39888,1.61954
,,,--,,0.39898,1.61954
,,,--,,0.39907,1.62632
,,,--,,0.39916,1.62632
,,,--,,0.39925,1.63311
,,,--,,0.39935,1.61954
,,,--,,0.39944,1.62632
,,,--,,0.39953,1.61954
,,,--,,0.39963,1.61276
,,,--,,0.39972,1.63988
,,,--,,0.39981,1.61954
,,,--,,0.3999,1.61954
,,,--,,0.4,1.63311
