Time ms,Tvib mean K,Trot mean K,Time ms,Ttr cal isentropic K,Time ms,Pressure bar
-0.06084,1027.23914,459.84212,0,2340.73112,-0.01009,0.3893
-0.06019,854.57674,592.42921,1.00E-04,2352.96578,-0.00999,0.36217
-0.05954,879.05854,720.5252,2.00E-04,2352.94614,-0.0099,0.36895
-0.05889,989.73646,735.38573,3.00E-04,2352.92652,-0.00981,0.36895
-0.05824,591.15064,1008.21538,4.00E-04,2352.90693,-0.00972,0.37573
-0.05759,453.21408,1098.54105,5.00E-04,2352.88738,-0.00962,0.37573
-0.05694,469.5475,1203.70597,6.00E-04,2352.86785,-0.00953,0.36895
-0.05629,451.37068,1216.36536,7.00E-04,2352.84836,-0.00944,0.35539
-0.05564,449.55452,1210.55012,8.00E-04,2352.82889,-0.00934,0.3893
-0.05499,482.45826,1214.37191,9.00E-04,2352.80945,-0.00925,0.37573
-0.05434,498.58162,1203.73393,0.001,2352.79005,-0.00916,0.38252
-0.05369,449.38412,1207.91587,0.0011,2352.77067,-0.00907,0.37573
-0.05304,514.91867,1201.56283,0.0012,2352.75132,-0.00897,0.3893
-0.05239,525.05069,1207.50606,0.0013,2352.732,-0.00888,0.37573
-0.05174,495.57853,1209.53557,0.0014,2352.71271,-0.00879,0.37573
-0.05109,540.35572,1204.21971,0.0015,2352.69345,-0.00869,0.40286
-0.05044,532.60356,1196.22753,0.0016,2352.67421,-0.0086,0.40286
-0.04979,552.04684,1204.16776,0.0017,2352.65501,-0.00851,0.37573
-0.04914,558.90776,1200.19027,0.0018,2352.63583,-0.00842,0.3893
-0.04849,573.60383,1196.02586,0.0019,2352.61668,-0.00832,0.37573
-0.04784,542.15474,1204.80991,0.002,2352.59756,-0.00823,0.39608
-0.04719,579.53884,1207.77327,0.0021,2352.57847,-0.00814,0.3893
-0.04654,559.9855,1205.6083,0.0022,2352.55941,-0.00804,0.38252
-0.0459,580.23423,1213.66854,0.0023,2352.54038,-0.00795,0.38252
-0.04525,575.42392,1200.77425,0.0024,2352.52137,-0.00786,0.38252
-0.0446,564.06216,1205.73503,0.0025,2352.50239,-0.00777,0.40286
-0.04395,582.13555,1205.8421,0.0026,2352.48344,-0.00767,0.3893
-0.0433,592.13641,1213.42754,0.0027,2352.46452,-0.00758,0.38252
-0.04265,589.57047,1204.06298,0.0028,2352.44562,-0.00749,0.42321
-0.042,612.4402,1210.85736,0.0029,2352.42675,-0.0074,0.37573
-0.04135,601.59947,1211.40305,0.003,2352.40791,-0.0073,0.3893
-0.0407,604.36621,1200.26289,0.0031,2352.3891,-0.00721,0.39608
-0.04005,609.61927,1204.65903,0.0032,2352.37032,-0.00712,0.36895
-0.0394,633.97383,1204.90445,0.0033,2352.35156,-0.00702,0.38252
-0.03875,623.75073,1198.36612,0.0034,2352.33283,-0.00693,0.38252
-0.0381,609.31247,1199.81018,0.0035,2352.31413,-0.00684,0.37573
-0.03745,632.74206,1203.87432,0.0036,2352.29546,-0.00675,0.39608
-0.0368,616.03565,1202.42081,0.0037,2352.27681,-0.00665,0.3893
-0.03615,638.96363,1198.30115,0.0038,2352.25819,-0.00656,0.37573
-0.0355,617.57714,1197.00812,0.0039,2352.2396,-0.00647,0.37573
-0.03485,621.9842,1198.36288,0.004,2352.22103,-0.00637,0.36217
-0.0342,632.83103,1199.37735,0.0041,2352.20249,-0.00628,0.37573
-0.03355,637.42284,1197.55447,0.0042,2352.18398,-0.00619,0.39608
-0.0329,643.04686,1196.95225,0.0043,2352.1655,-0.0061,0.3893
-0.03225,651.53323,1199.14076,0.0044,2352.14704,-0.006,0.36895
-0.0316,662.37531,1191.31456,0.0045,2352.12861,-0.00591,0.38252
-0.03095,657.92175,1194.14427,0.0046,2352.1102,-0.00582,0.3893
-0.0303,652.9669,1200.75149,0.0047,2352.09183,-0.00572,0.37573
-0.02966,653.84704,1198.97939,0.0048,2352.07348,-0.00563,0.38252
-0.02901,662.42194,1202.73249,0.0049,2352.05515,-0.00554,0.3893
-0.02836,655.0987,1190.95921,0.005,2352.03686,-0.00545,0.36895
-0.02771,665.78255,1196.10434,0.0051,2352.01859,-0.00535,0.36217
-0.02706,677.43183,1201.10363,0.0052,2352.00035,-0.00526,0.3893
-0.02641,674.82063,1198.41519,0.0053,2351.98213,-0.00517,0.36895
-0.02576,680.21381,1195.43721,0.0054,2351.96394,-0.00508,0.39608
-0.02511,677.5282,1195.25645,0.0055,2351.94578,-0.00498,0.37573
-0.02446,675.15591,1200.0382,0.0056,2351.92764,-0.00489,0.36895
-0.02381,687.92055,1193.06635,0.0057,2351.90953,-0.0048,0.3893
-0.02316,673.93616,1196.25995,0.0058,2351.89144,-0.0047,0.37573
-0.02251,689.92518,1201.4475,0.0059,2351.87339,-0.00461,0.36895
-0.02186,693.33823,1200.28167,0.006,2351.85536,-0.00452,0.3893
-0.02121,692.10829,1200.33477,0.0061,2351.83735,-0.00443,0.37573
-0.02056,694.74169,1197.62536,0.0062,2351.81937,-0.00433,0.36217
-0.01991,697.44022,1199.77681,0.0063,2351.80142,-0.00424,0.37573
-0.01926,699.67678,1199.92685,0.0064,2351.78349,-0.00415,0.39608
-0.01861,708.22613,1204.83051,0.0065,2351.76559,-0.00405,0.37573
-0.01796,693.91999,1202.23476,0.0066,2351.74772,-0.00396,0.36217
-0.01731,711.75735,1202.9242,0.0067,2351.72987,-0.00387,0.3893
-0.01666,699.90409,1199.71305,0.0068,2351.71205,-0.00378,0.36895
-0.01601,698.73488,1202.31395,0.0069,2351.69426,-0.00368,0.37573
-0.01536,723.72725,1197.98731,0.007,2351.67649,-0.00359,0.36217
-0.01471,714.08168,1199.35754,0.0071,2351.65874,-0.0035,0.36217
-0.01406,710.93092,1197.18041,0.0072,2351.64102,-0.0034,0.38252
-0.01342,710.23666,1195.09205,0.0073,2351.62333,-0.00331,0.36895
-0.01277,718.83214,1194.72157,0.0074,2351.60567,-0.00322,0.36895
-0.01212,716.3655,1195.67422,0.0075,2351.58803,-0.00313,0.3893
-0.01147,721.40834,1195.43811,0.0076,2351.57041,-0.00303,0.39608
-0.01082,717.31579,1199.23173,0.0077,2351.55282,-0.00294,0.36217
-0.01017,723.99281,1193.77273,0.0078,2351.53526,-0.00285,0.40286
-0.00952,729.31901,1191.66537,0.0079,2351.51772,-0.00276,0.37573
-0.00887,722.20398,1199.0118,0.008,2351.50021,-0.00266,0.39608
-0.00822,734.40274,1200.83709,0.0081,2351.48272,-0.00257,0.41642
-0.00757,727.61142,1200.51077,0.0082,2351.46526,-0.00248,0.40286
-0.00692,730.45422,1199.97328,0.0083,2351.44783,-0.00238,0.42321
-0.00627,730.0521,1212.63745,0.0084,2351.43042,-0.00229,0.42321
-0.00562,738.91938,1231.6654,0.0085,2351.41303,-0.0022,0.40286
-0.00497,735.22781,1235.61816,0.0086,2351.39568,-0.00211,0.44355
-0.00432,737.56027,1656.42029,0.0087,2351.37834,-0.00201,0.45711
-0.00367,714.74462,1887.94654,0.0088,2351.36103,-0.00192,0.45033
-0.00302,658.21343,1891.97598,0.0089,2351.34375,-0.00183,0.47068
-0.00237,654.53531,2297.92625,0.009,2351.32649,-0.00173,0.4639
-0.00172,761.95491,2334.26796,0.0091,2351.30926,-0.00164,0.47746
-0.00107,870.15052,2369.25582,0.0092,2351.29205,-0.00155,0.49102
-4.23E-04,1185.20165,2359.40687,0.0093,2351.27487,-0.00146,0.48424
2.26E-04,1393.49962,2352.3805,0.0094,2351.25772,-0.00136,0.52493
8.76E-04,1211.43262,2349.03923,0.0095,2351.24058,-0.00127,0.52493
0.00153,1097.94749,2341.65845,0.0096,2351.22348,-0.00118,0.51137
0.00218,1061.47097,2346.41154,0.0097,2351.2064,-0.00108,0.53171
0.00282,989.80132,2353.93602,0.0098,2351.18934,-9.92E-04,0.51815
0.00347,934.82199,2338.48345,0.0099,2351.17231,-8.99E-04,0.54528
0.00412,927.9798,2318.14438,0.01,2351.1553,-8.06E-04,0.5724
0.00477,970.86543,2324.72201,0.0101,2351.13832,-7.14E-04,0.55206
0.00542,994.76236,2352.4993,0.0102,2351.12137,-6.21E-04,0.5724
0.00607,1023.39051,2351.37792,0.0103,2351.10443,-5.28E-04,0.5724
0.00672,1031.0284,2337.43695,0.0104,2351.08753,-4.35E-04,0.59953
0.00737,1063.2346,2331.1975,0.0105,2351.07065,-3.42E-04,0.61987
0.00802,1077.11638,2327.60533,0.0106,2351.05379,-2.50E-04,0.60631
0.00867,1097.41483,2340.10542,0.0107,2351.03696,-1.57E-04,0.60631
0.00932,1114.28642,2336.2124,0.0108,2351.02015,-6.40E-05,0.62666
0.00997,1132.93835,2351.43231,0.0109,2351.00336,2.88E-05,0.647
0.01062,1144.18585,2326.2445,0.011,2350.98661,1.22E-04,0.647
0.01127,1156.1571,2339.27736,0.0111,2350.96987,2.14E-04,0.66735
0.01192,1179.52869,2342.98172,0.0112,2350.95316,3.07E-04,0.68091
0.01257,1198.17553,2342.68392,0.0113,2350.93648,4.00E-04,0.68769
0.01322,1221.42465,2342.44234,0.0114,2350.91982,4.93E-04,0.69447
0.01387,1231.43575,2363.44427,0.0115,2350.90318,5.86E-04,0.71482
0.01452,1243.67836,2355.84139,0.0116,2350.88657,6.78E-04,0.7216
0.01517,1254.50826,2351.28831,0.0117,2350.86998,7.71E-04,0.71482
0.01582,1270.34563,2338.60789,0.0118,2350.85342,8.64E-04,0.74873
0.01647,1290.52903,2359.18268,0.0119,2350.83688,9.57E-04,0.76907
0.01712,1300.87362,2350.81029,0.012,2350.82037,0.00105,0.78942
0.01777,1313.99711,2342.73982,0.0121,2350.80388,0.00114,0.78942
0.01842,1335.58167,2355.89321,0.0122,2350.78742,0.00124,0.8301
0.01906,1333.45931,2348.25763,0.0123,2350.77097,0.00133,0.8708
0.01971,1342.53022,2346.35639,0.0124,2350.75456,0.00142,0.86401
0.02036,1364.80053,2357.461,0.0125,2350.73817,0.00151,0.88436
0.02101,1382.87899,2358.02889,0.0126,2350.7218,0.00161,0.91827
0.02166,1382.88031,2344.72236,0.0127,2350.70545,0.0017,0.93183
0.02231,1401.79622,2346.4651,0.0128,2350.68913,0.00179,0.93861
0.02296,1413.6297,2331.5645,0.0129,2350.67284,0.00188,0.96574
0.02361,1427.31866,2347.39884,0.013,2350.65656,0.00198,0.98608
0.02426,1433.04507,2370.58043,0.0131,2350.64032,0.00207,0.98608
0.02491,1431.89446,2335.22303,0.0132,2350.62409,0.00216,1.00643
0.02556,1453.53036,2348.76522,0.0133,2350.60789,0.00226,1.02678
0.02621,1477.39248,2360.6185,0.0134,2350.59172,0.00235,1.04712
0.02686,1473.81313,2338.48353,0.0135,2350.57556,0.00244,1.0539
0.02751,1493.24623,2327.01542,0.0136,2350.55943,0.00253,1.07425
0.02816,1490.29233,2336.2789,0.0137,2350.54333,0.00263,1.08781
0.02881,1506.90953,2346.30587,0.0138,2350.52725,0.00272,1.10815
0.02946,1515.40606,2354.65787,0.0139,2350.51119,0.00281,1.12172
0.03011,1530.59056,2343.00956,0.014,2350.49516,0.00291,1.14206
0.03076,1542.55806,2351.55352,0.0141,2350.47915,0.003,1.16241
0.03141,1550.7857,2351.53304,0.0142,2350.46316,0.00309,1.18276
0.03206,1551.63076,2344.77872,0.0143,2350.4472,0.00318,1.19632
0.03271,1555.41597,2308.85774,0.0144,2350.43126,0.00328,1.22344
0.03336,1570.37372,2328.40409,0.0145,2350.41534,0.00337,1.25057
0.03401,1586.217,2340.891,0.0146,2350.39945,0.00346,1.25057
0.03466,1590.53574,2339.88657,0.0147,2350.38358,0.00356,1.29126
0.0353,1599.74446,2345.52206,0.0148,2350.36774,0.00365,1.29804
0.03595,1610.11843,2331.77593,0.0149,2350.35192,0.00374,1.29126
0.0366,1618.87037,2340.18355,0.015,2350.33612,0.00383,1.34551
0.03725,1605.81011,2305.11356,0.0151,2350.32035,0.00393,1.34551
0.0379,1621.19902,2343.35886,0.0152,2350.30459,0.00402,1.36586
0.03855,1632.18974,2321.13616,0.0153,2350.28887,0.00411,1.37942
0.0392,1653.31926,2350.24262,0.0154,2350.27316,0.0042,1.39977
0.03985,1658.46705,2339.54645,0.0155,2350.25748,0.0043,1.42011
0.0405,1661.56271,2341.74537,0.0156,2350.24182,0.00439,1.4269
0.04115,1675.98619,2349.39793,0.0157,2350.22619,0.00448,1.42011
0.0418,1676.90846,2350.19099,0.0158,2350.21058,0.00458,1.44724
0.04245,1694.9381,2346.00251,0.0159,2350.19499,0.00467,1.47437
0.0431,1696.9203,2345.72354,0.016,2308.32889,0.00476,1.46081
0.04375,1724.53856,2378.12781,0.0161,2309.58281,0.00485,1.48115
0.0444,1710.1279,2360.10178,0.0162,2309.56976,0.00495,1.49471
0.04505,1733.66831,2382.66196,0.0163,2310.68197,0.00504,1.51506
0.0457,1723.49099,2365.86046,0.0164,2310.66888,0.00513,1.52862
0.04635,1711.43605,2354.24222,0.0165,2312.13142,0.00523,1.54897
0.047,1758.10013,2370.77415,0.0166,2312.11829,0.00532,1.55574
0.04765,1750.59149,2367.4065,0.0167,2313.64944,0.00541,1.58288
0.0483,1758.29495,2342.34945,0.0168,2313.63625,0.0055,1.60322
0.04895,1748.25356,2340.55713,0.0169,2315.65628,0.0056,1.59644
0.0496,1777.74535,2350.93006,0.017,2315.64301,0.00569,1.60322
0.05025,1780.3806,2355.19776,0.0171,2317.38032,0.00578,1.61679
0.0509,1774.37494,2355.5286,0.0172,2319.18545,0.00588,1.61679
0.05154,1781.47768,2344.46358,0.0173,2319.17203,0.00597,1.62356
0.05219,1779.15033,2310.2268,0.0174,2320.7654,0.00606,1.60322
0.05284,1796.32117,2342.2359,0.0175,2320.75193,0.00615,1.63035
0.05349,1790.47742,2331.54262,0.0176,2322.4133,0.00625,1.63713
0.05414,1803.53614,2335.95706,0.0177,2322.39976,0.00634,1.63035
0.05479,1815.75957,2347.30456,0.0178,2323.85016,0.00643,1.64391
0.05544,1833.64065,2372.92455,0.0179,2323.83657,0.00652,1.63035
0.05609,1832.5619,2346.24407,0.018,2325.28549,0.00662,1.65069
0.05674,1840.72596,2357.24608,0.0181,2325.27186,0.00671,1.6846
0.05739,1849.73545,2353.58947,0.0182,2326.7193,0.0068,1.67104
0.05804,1841.34919,2354.3398,0.0183,2326.70561,0.0069,1.67104
0.05869,1854.48895,2350.64052,0.0184,2328.15158,0.00699,1.6846
0.05934,1854.47229,2345.64297,0.0185,2329.66544,0.00708,1.69138
0.05999,1862.41724,2349.86911,0.0186,2329.65163,0.00717,1.69138
0.06064,1866.01703,2348.14486,0.0187,2331.16395,0.00727,1.69816
0.06129,1872.61404,2350.95194,0.0188,2331.1501,0.00736,1.69816
0.06194,1871.69454,2343.94304,0.0189,2332.45299,0.00745,1.71851
0.06259,1874.03592,2345.78485,0.019,2332.4391,0.00755,1.73207
0.06324,1894.27943,2359.40682,0.0191,2333.60238,0.00764,1.70494
0.06389,1893.65198,2354.38122,0.0192,2333.58845,0.00773,1.71851
0.06454,1883.41856,2352.34062,0.0193,2334.75078,0.00782,1.72529
0.06519,1895.39747,2363.10629,0.0194,2334.73682,0.00792,1.73885
0.06584,1910.89268,2370.58899,0.0195,2335.69083,0.00801,1.74563
0.06649,1894.52931,2320.05569,0.0196,2335.67685,0.0081,1.73207
0.06714,1914.22456,2347.33692,0.0197,2336.76834,0.0082,1.72529
0.06778,1910.95436,2357.91664,0.0198,2337.92802,0.00829,1.74563
0.06843,1914.28266,2363.85817,0.0199,2337.91397,0.00838,1.74563
0.06908,1923.97601,2363.38184,0.02,2339.0037,0.00847,1.75242
0.06973,1921.30658,2347.41743,0.0201,2338.98962,0.00857,1.75242
0.07038,1932.95297,2334.90992,0.0202,2340.14739,0.00866,1.75919
0.07103,1927.52479,2331.82143,0.0203,2340.13328,0.00875,1.75919
0.07168,1932.82664,2359.952,0.0204,2341.35897,0.00884,1.73885
0.07233,1933.58095,2339.31901,0.0205,2341.34483,0.00894,1.74563
0.07298,1942.77068,2356.43651,0.0206,2342.43189,0.00903,1.75919
0.07363,1958.11695,2341.16534,0.0207,2342.41772,0.00912,1.75919
0.07428,1955.57556,2333.74626,0.0208,2343.29766,0.00922,1.76598
0.07493,1971.16793,2363.73575,0.0209,2343.28348,0.00931,1.74563
0.07558,1953.9644,2337.05374,0.021,2344.23161,0.0094,1.75242
0.07623,1960.87169,2329.13284,0.0211,2345.11039,0.00949,1.75919
0.07688,1966.20719,2349.27497,0.0212,2345.09616,0.00959,1.77276
0.07753,1991.6325,2345.12679,0.0213,2345.90573,0.00968,1.76598
0.07818,1959.26579,2330.80549,0.0214,2345.8915,0.00977,1.77276
0.07883,1969.60233,2345.14333,0.0215,2346.42621,0.00987,1.75242
0.07948,1975.57242,2354.50957,0.0216,2346.41198,0.00996,1.75242
0.08013,1992.59613,2362.62578,0.0217,2346.94649,0.01005,1.76598
0.08078,1981.42204,2359.52859,0.0218,2346.93227,0.01014,1.76598
0.08143,1990.71811,2364.45862,0.0219,2347.74085,0.01024,1.76598
0.08208,2014.46695,2380.02236,0.022,2347.72662,0.01033,1.74563
0.08273,1994.22289,2352.63706,0.0221,2348.46619,0.01042,1.73207
0.08338,2006.12734,2366.28815,0.0222,2348.45195,0.01052,1.75242
0.08402,1989.34792,2336.64477,0.0223,2348.84871,0.01061,1.74563
0.08467,2015.3952,2350.88122,0.0224,2349.0399,0.0107,1.75242
0.08532,2027.72016,2371.94297,0.0225,2349.0257,0.01079,1.74563
0.08597,2008.45363,2353.59813,0.0226,2349.49079,0.01089,1.75919
0.08662,2027.8128,2347.84058,0.0227,2349.4766,0.01098,1.74563
0.08727,2019.98196,2353.87446,0.0228,2349.32552,0.01107,1.77276
0.08792,2020.39363,2340.41548,0.0229,2349.31138,0.01116,1.75242
0.08857,2048.3999,2367.75736,0.023,2349.29725,0.01126,1.78633
0.08922,2039.53577,2362.46388,0.0231,2349.28316,0.01135,1.75242
0.08987,2043.98062,2343.1103,0.0232,2349.67975,0.01144,1.75919
0.09052,2035.72758,2344.63897,0.0233,2349.66567,0.01154,1.75919
0.09117,2049.79418,2349.39063,0.0234,2349.58314,0.01163,1.75919
0.09182,2037.84057,2334.18239,0.0235,2349.5691,0.01172,1.77276
0.09247,2052.36608,2342.35321,0.0236,2349.48661,0.01181,1.74563
0.09312,2038.87815,2351.93071,0.0237,2349.40415,0.01191,1.74563
0.09377,2040.07993,2345.21933,0.0238,2349.39018,0.012,1.74563
0.09442,2037.91295,2340.36925,0.0239,2349.23935,0.01209,1.75242
0.09507,2063.97906,2349.88082,0.024,2349.22544,0.01219,1.76598
0.09572,2076.34096,2344.89625,0.0241,2349.14306,0.01228,1.71851
0.09637,2075.17131,2341.14178,0.0242,2349.12919,0.01237,1.74563
0.09702,2066.57364,2339.28565,0.0243,2349.04686,0.01246,1.72529
0.09767,2058.75959,2340.97527,0.0244,2349.03304,0.01256,1.74563
0.09832,2051.33838,2328.30491,0.0245,2348.81391,0.01265,1.74563
0.09897,2072.10463,2326.0294,0.0246,2348.80014,0.01274,1.75242
0.09962,2094.22894,2359.3168,0.0247,2348.30708,0.01284,1.73885
0.10026,2085.33609,2349.547,0.0248,2348.29338,0.01293,1.75919
0.10091,2084.41085,2348.88305,0.0249,2348.00577,0.01302,1.74563
0.10156,2077.23197,2351.44667,0.025,2347.78668,0.01311,1.74563
0.10221,2059.43106,2317.39908,0.0251,2347.77307,0.01321,1.75242
0.10286,2072.16696,2331.2511,0.0252,2347.48547,0.0133,1.73885
0.10351,2072.68893,2321.68128,0.0253,2347.47192,0.01339,1.74563
0.10416,2090.13603,2323.83877,0.0254,2347.25289,0.01348,1.75242
0.10481,2088.0914,2347.4755,0.0255,2347.23939,0.01358,1.74563
0.10546,2110.68185,2351.92083,0.0256,2346.88326,0.01367,1.75242
0.10611,2096.73908,2331.7017,0.0257,2346.86982,0.01376,1.74563
0.10676,2105.03361,2345.67315,0.0258,2346.58226,0.01386,1.74563
0.10741,2090.85639,2331.14508,0.0259,2346.56887,0.01395,1.75242
0.10806,2094.54162,2342.50247,0.026,2345.80134,0.01404,1.75242
0.10871,2081.79926,2319.46549,0.0261,2345.78805,0.01413,1.74563
0.10936,2099.25092,2326.56348,0.0262,2345.29465,0.01423,1.75919
0.11001,2110.08598,2338.19035,0.0263,2344.52666,0.01432,1.74563
0.11066,2109.68836,2338.48177,0.0264,2344.51349,0.01441,1.74563
0.11131,2104.62274,2350.07735,0.0265,2344.15714,0.01451,1.75919
0.11196,2097.01462,2331.72137,0.0266,2344.14403,0.0146,1.76598
0.11261,2110.95293,2344.4853,0.0267,2343.37568,0.01469,1.75919
0.11326,2125.60027,2351.05699,0.0268,2343.36265,0.01478,1.75242
0.11391,2115.70985,2340.96786,0.0269,2343.0062,0.01488,1.77954
0.11456,2114.67398,2338.66753,0.027,2342.99323,0.01497,1.77954
0.11521,2113.78862,2339.75721,0.0271,2342.70551,0.01506,1.76598
0.11586,2109.76575,2319.74501,0.0272,2342.69259,0.01516,1.7931
0.1165,2118.20138,2328.64203,0.0273,2342.13002,0.01525,1.75919
0.11715,2113.80539,2329.73199,0.0274,2342.11717,0.01534,1.77276
0.1178,2136.65728,2335.79987,0.0275,2341.48569,0.01543,1.77276
0.11845,2125.94852,2363.28535,0.0276,2341.06037,0.01553,1.7931
0.1191,2126.74935,2360.27036,0.0277,2341.04764,0.01562,1.75242
0.11975,2121.97382,2337.37282,0.0278,2340.41587,0.01571,1.80667
0.1204,2132.27813,2351.72871,0.0279,2340.40321,0.0158,1.76598
0.12105,2141.89126,2346.55476,0.028,2340.25298,0.0159,1.7931
0.1217,2125.52035,2330.36673,0.0281,2340.24036,0.01599,1.77276
0.12235,2137.75526,2353.34034,0.0282,2339.95255,0.01608,1.7931
0.123,2142.50373,2344.60215,0.0283,2339.93999,0.01618,1.77954
0.12365,2149.50642,2338.91532,0.0284,2339.65219,0.01627,1.80667
0.1243,2133.08615,2337.54646,0.0285,2339.63968,0.01636,1.77276
0.12495,2148.89633,2344.09415,0.0286,2339.42068,0.01645,1.79989
0.1256,2147.99037,2353.75065,0.0287,2339.40822,0.01655,1.79989
0.12625,2151.57696,2334.48739,0.0288,2339.12044,0.01664,1.81345
0.1269,2141.41697,2340.99905,0.0289,2338.97034,0.01673,1.79989
0.12755,2166.93656,2363.1453,0.029,2338.95795,0.01683,1.82023
0.1282,2148.98126,2369.35838,0.0291,2338.46363,0.01692,1.81345
0.12885,2119.87097,2325.98782,0.0292,2338.45131,0.01701,1.82023
0.1295,2168.12347,2357.03322,0.0293,2338.43901,0.0171,1.8338
0.13015,2147.77744,2334.91556,0.0294,2338.42672,0.0172,1.80667
0.1308,2138.23916,2333.6885,0.0295,2337.86344,0.01729,1.80667
0.13145,2145.69195,2329.76933,0.0296,2337.85122,0.01738,1.85414
0.1321,2164.12193,2350.71,0.0297,2337.49458,0.01748,1.81345
0.13274,2149.97769,2331.41675,0.0298,2337.48241,0.01757,1.82701
0.13339,2157.63526,2360.05638,0.0299,2337.4014,0.01766,1.82701
0.13404,2173.20397,2347.61111,0.03,2337.38927,0.01775,1.8338
0.13469,2172.74944,2375.12672,0.0301,2337.37716,0.01785,1.84736
0.13534,2175.35933,2342.28818,0.0302,2337.08943,0.01794,1.82701
0.13599,2171.05414,2354.38964,0.0303,2337.07737,0.01803,1.82701
0.13664,2160.62314,2322.85345,0.0304,2336.9275,0.01812,1.84058
0.13729,2178.52594,2348.65406,0.0305,2336.91548,0.01822,1.86092
0.13794,2152.73441,2312.92458,0.0306,2336.76563,0.01831,1.84058
0.13859,2171.55014,2345.0216,0.0307,2336.75366,0.0184,1.8677
0.13924,2172.42886,2317.92119,0.0308,2336.25912,0.0185,1.85414
0.13989,2165.56729,2350.71866,0.0309,2336.24721,0.01859,1.84736
0.14054,2196.10241,2344.98135,0.031,2336.02842,0.01868,1.8677
0.14119,2160.64457,2333.04816,0.0311,2336.01656,0.01877,1.86092
0.14184,2151.96728,2341.73275,0.0312,2335.7978,0.01887,1.85414
0.14249,2171.58294,2339.81506,0.0313,2335.78598,0.01896,1.86092
0.14314,2164.4188,2333.0147,0.0314,2335.63624,0.01905,1.8677
0.14379,2152.87293,2316.64947,0.0315,2335.48652,0.01915,1.87449
0.14444,2166.71112,2330.44179,0.0316,2335.47476,0.01924,1.84736
0.14509,2175.83651,2320.15147,0.0317,2335.32507,0.01933,1.88126
0.14574,2183.3726,2334.85955,0.0318,2335.31336,0.01942,1.8677
0.14639,2170.38827,2356.70064,0.0319,2335.43961,0.01952,1.87449
0.14704,2179.77667,2346.86926,0.032,2335.42792,0.01961,1.88805
0.14769,2172.98501,2349.69589,0.0321,2335.20936,0.0197,1.87449
0.14834,2186.94577,2325.11111,0.0322,2335.19772,0.0198,1.88126
0.14898,2170.017,2307.92052,0.0323,2334.97911,0.01989,1.88126
0.14963,2173.07102,2322.0878,0.0324,2334.96751,0.01998,1.87449
0.15028,2190.63846,2358.28476,0.0325,2334.88698,0.02007,1.88805
0.15093,2181.08844,2333.09319,0.0326,2334.87542,0.02017,1.8677
0.15158,2191.15949,2341.48328,0.0327,2335.00184,0.02026,1.88126
0.15223,2181.94013,2332.68032,0.0328,2334.99031,0.02035,1.89483
0.15288,2193.74326,2335.94415,0.0329,2334.97879,0.02044,1.88126
0.15353,2207.96869,2353.61917,0.033,2334.96729,0.02054,1.88805
0.15418,2191.09343,2331.10404,0.0331,2334.95581,0.02063,1.88126
0.15483,2181.30538,2331.06602,0.0332,2334.94434,0.02072,1.89483
0.15548,2212.12963,2323.88084,0.0333,2334.93289,0.02082,1.88126
0.15613,2204.59862,2333.72216,0.0334,2334.85251,0.02091,1.9084
0.15678,2201.56149,2380.90966,0.0335,2334.8411,0.021,1.88805
0.15743,2196.37977,2347.80573,0.0336,2334.76068,0.02109,1.89483
0.15808,2196.96523,2351.18964,0.0337,2334.74931,0.02119,1.90161
0.15873,2213.90321,2348.25964,0.0338,2335.22079,0.02128,1.92196
0.15938,2193.25427,2350.92812,0.0339,2335.20942,0.02137,1.91517
0.16003,2196.34033,2358.65474,0.034,2335.47389,0.02147,1.91517
0.16068,2209.77014,2341.69091,0.0341,2335.53145,0.02156,1.89483
0.16133,2199.35866,2326.27245,0.0342,2335.52011,0.02165,1.92196
0.16198,2202.05899,2339.22703,0.0343,2335.85351,0.02174,1.92196
0.16263,2212.79153,2342.19463,0.0344,2335.84219,0.02184,1.9084
0.16328,2218.56718,2340.56883,0.0345,2335.89977,0.02193,1.89483
0.16393,2214.4173,2343.19237,0.0346,2335.88848,0.02202,1.89483
0.16458,2217.4024,2333.17277,0.0347,2335.87721,0.02212,1.9084
0.16522,2231.67146,2349.36854,0.0348,2335.86595,0.02221,1.89483
0.16587,2202.12947,2318.46791,0.0349,2335.9236,0.0223,1.89483
0.16652,2218.11678,2327.65372,0.035,2335.91237,0.02239,1.89483
0.16717,2206.4107,2321.67056,0.0351,2336.24574,0.02249,1.88805
0.16782,2216.66278,2350.34628,0.0352,2336.23453,0.02258,1.89483
0.16847,2230.51217,2335.10304,0.0353,2336.49891,0.02267,1.88805
0.16912,2198.78679,2319.34653,0.0354,2336.83208,0.02276,1.88126
0.16977,2207.61813,2340.44759,0.0355,2336.82089,0.02286,1.88805
0.17042,2215.70335,2354.61344,0.0356,2337.08517,0.02295,1.90161
0.17107,2192.92347,2328.31344,0.0357,2337.074,0.02304,1.90161
0.17172,2219.6467,2318.90546,0.0358,2337.47593,0.02314,1.87449
0.17237,2202.95826,2333.98815,0.0359,2337.46477,0.02323,1.89483
0.17302,2223.13516,2331.36038,0.036,2338.00423,0.02332,1.87449
0.17367,2219.70236,2353.17607,0.0361,2337.99307,0.02341,1.87449
0.17432,2239.08569,2353.48996,0.0362,2338.11955,0.02351,1.90161
0.17497,2209.58504,2329.86475,0.0363,2338.10841,0.0236,1.87449
0.17562,2213.83006,2338.4632,0.0364,2338.71646,0.02369,1.88805
0.17627,2240.78898,2329.30474,0.0365,2339.32423,0.02379,1.87449
0.17692,2229.56886,2317.8272,0.0366,2339.31309,0.02388,1.88805
0.17757,2240.90433,2342.11318,0.0367,2339.57693,0.02397,1.87449
0.17822,2242.56487,2320.75319,0.0368,2339.5658,0.02406,1.8677
0.17887,2240.41867,2329.58452,0.0369,2340.03573,0.02416,1.87449
0.17952,2238.64441,2329.4327,0.037,2340.02461,0.02425,1.89483
0.18017,2218.88809,2328.6992,0.0371,2340.28833,0.02434,1.87449
0.18082,2226.80904,2318.71758,0.0372,2340.27723,0.02444,1.87449
0.18146,2234.37652,2331.94508,0.0373,2340.54092,0.02453,1.88126
0.18211,2236.83935,2322.78462,0.0374,2340.52984,0.02462,1.8677
0.18276,2226.83976,2343.64498,0.0375,2340.93084,0.02471,1.8677
0.18341,2221.45717,2325.42815,0.0376,2340.91977,0.02481,1.89483
0.18406,2247.37479,2319.23055,0.0377,2341.32074,0.0249,1.88805
0.18471,2230.77299,2319.06455,0.0378,2341.58425,0.02499,1.88126
0.18536,2220.99647,2336.16773,0.0379,2341.5732,0.02508,1.88126
0.18601,2238.25118,2319.6012,0.038,2341.63076,0.02518,1.86092
0.18666,2238.27376,2306.88043,0.0381,2341.61973,0.02527,1.8677
0.18731,2236.91008,2321.06071,0.0382,2341.9518,0.02536,1.88805
0.18796,2239.50455,2331.21495,0.0383,2341.9408,0.02546,1.8677
0.18861,2238.58765,2332.23905,0.0384,2341.86122,0.02555,1.90161
0.18926,2228.23039,2337.09079,0.0385,2341.85025,0.02564,1.88805
0.18991,2230.31514,2321.84562,0.0386,2342.25094,0.02573,1.8677
0.19056,2236.79161,2356.85199,0.0387,2342.23998,0.02583,1.88126
0.19121,2245.71533,2340.01661,0.0388,2342.36622,0.02592,1.8677
0.19186,2257.18115,2356.34103,0.0389,2342.35529,0.02601,1.8677
0.19251,2248.97455,2308.4836,0.039,2342.13855,0.02611,1.89483
0.19316,2259.90022,2349.7866,0.0391,2342.26485,0.0262,1.88805
0.19381,2234.53558,2331.30441,0.0392,2342.25397,0.02629,1.86092
0.19446,2225.48246,2330.3487,0.0393,2341.90008,0.02638,1.88805
0.19511,2262.86954,2338.45477,0.0394,2341.88925,0.02648,1.8677
0.19576,2255.97957,2330.58554,0.0395,2341.87843,0.02657,1.88805
0.19641,2261.31404,2347.38918,0.0396,2341.86763,0.02666,1.88805
0.19706,2230.19399,2335.85588,0.0397,2341.99405,0.02676,1.8677
0.1977,2250.3574,2342.6828,0.0398,2341.98328,0.02685,1.8677
0.19835,2264.74341,2340.58978,0.0399,2342.52127,0.02694,1.8677
0.199,2244.14881,2346.47621,0.04,2342.5105,0.02703,1.87449
0.19965,2235.43947,2333.24918,0.0401,2342.56836,0.02713,1.87449
0.2003,2248.4664,2319.4797,0.0402,2342.55762,0.02722,1.8677
0.20095,2266.80877,2341.42415,0.0403,2342.54689,0.02731,1.84736
0.2016,2258.90978,2356.62655,0.0404,2342.67332,0.0274,1.85414
0.20225,2256.76249,2349.11253,0.0405,2342.66262,0.0275,1.8677
0.2029,2252.23124,2331.54302,0.0406,2342.72053,0.02759,1.87449
0.20355,2267.11453,2343.77446,0.0407,2342.70986,0.02768,1.88805
0.2042,2264.86097,2334.7635,0.0408,2342.69921,0.02778,1.86092
0.20485,2255.6265,2348.53498,0.0409,2342.68857,0.02787,1.85414
0.2055,2262.53625,2336.66813,0.041,2342.54083,0.02796,1.86092
0.20615,2248.93122,2336.74768,0.0411,2342.53023,0.02805,1.85414
0.2068,2265.03466,2358.22018,0.0412,2342.45105,0.02815,1.8677
0.20745,2260.08335,2335.62672,0.0413,2342.44048,0.02824,1.8677
0.2081,2248.36649,2330.26805,0.0414,2342.2928,0.02833,1.8677
0.20875,2272.97409,2332.41496,0.0415,2342.28228,0.02843,1.8677
0.2094,2279.46964,2338.1429,0.0416,2342.47742,0.02852,1.8677
0.21005,2263.29264,2339.90666,0.0417,2342.26126,0.02861,1.8677
0.2107,2265.33741,2333.97967,0.0418,2342.25078,0.0287,1.8677
0.21135,2266.12832,2344.38658,0.0419,2342.10318,0.0288,1.8677
0.212,2246.1432,2317.89707,0.042,2342.09274,0.02889,1.85414
0.21265,2279.82863,2324.27477,0.0421,2342.01378,0.02898,1.86092
0.2133,2283.52954,2341.92193,0.0422,2342.00337,0.02908,1.82701
0.21394,2249.92839,2348.93496,0.0423,2341.78728,0.02917,1.84058
0.21459,2278.86207,2337.9157,0.0424,2341.77691,0.02926,1.85414
0.21524,2257.18132,2324.82591,0.0425,2341.62939,0.02935,1.85414
0.21589,2245.89432,2314.68179,0.0426,2341.61907,0.02945,1.85414
0.21654,2273.65068,2346.0501,0.0427,2341.67738,0.02954,1.86092
0.21719,2273.91075,2341.20262,0.0428,2341.66708,0.02963,1.84736
0.21784,2281.00313,2367.49087,0.0429,2341.17659,0.02972,1.85414
0.21849,2275.04921,2336.08433,0.043,2340.8919,0.02982,1.84736
0.21914,2251.5116,2335.21902,0.0431,2340.88169,0.02991,1.86092
0.21979,2267.15125,2333.12931,0.0432,2340.66566,0.03,1.86092
0.22044,2264.80234,2306.58731,0.0433,2340.65548,0.0301,1.85414
0.22109,2258.2808,2332.75523,0.0434,2340.50806,0.03019,1.84736
0.22174,2267.52897,2358.43868,0.0435,2340.49792,0.03028,1.87449
0.22239,2265.40827,2320.25217,0.0436,2340.28193,0.03037,1.84736
0.22304,2256.27215,2337.79446,0.0437,2340.27183,0.03047,1.84058
0.22369,2263.24471,2317.95194,0.0438,2340.26174,0.03056,1.85414
0.22434,2275.95624,2352.66375,0.0439,2340.25167,0.03065,1.84736
0.22499,2283.03349,2331.92954,0.044,2340.17301,0.03075,1.84736
0.22564,2272.6028,2343.54116,0.0441,2340.16297,0.03084,1.84736
0.22629,2263.32878,2325.53256,0.0442,2339.87837,0.03093,1.84736
0.22694,2278.94382,2331.36749,0.0443,2339.52504,0.03102,1.86092
0.22759,2266.47894,2344.71031,0.0444,2339.51508,0.03112,1.84058
0.22824,2280.34708,2343.68762,0.0445,2339.02443,0.03121,1.8338
0.22889,2295.45416,2341.77842,0.0446,2339.01452,0.0313,1.84058
0.22954,2276.9253,2343.24619,0.0447,2338.59245,0.0314,1.86092
0.23018,2267.87116,2352.7999,0.0448,2338.58258,0.03149,1.8338
0.23083,2281.3597,2317.82992,0.0449,2338.43532,0.03158,1.86092
0.23148,2259.29713,2320.51201,0.045,2338.42549,0.03167,1.86092
0.23213,2276.54842,2334.42016,0.0451,2337.52216,0.03177,1.8338
0.23278,2279.74372,2317.51281,0.0452,2337.51241,0.03186,1.86092
0.23343,2282.38301,2356.93135,0.0453,2337.15885,0.03195,1.82701
0.23408,2281.119,2355.20708,0.0454,2337.14913,0.03204,1.85414
0.23473,2307.00959,2364.86642,0.0455,2336.38275,0.03214,1.86092
0.23538,2273.62188,2329.78572,0.0456,2335.82263,0.03223,1.84736
0.23603,2290.64596,2359.82965,0.0457,2335.81302,0.03232,1.8338
0.23668,2265.38642,2339.20714,0.0458,2335.32156,0.03242,1.8338
0.23733,2294.3387,2351.44705,0.0459,2335.312,0.03251,1.86092
0.23798,2276.6478,2346.22711,0.046,2334.54498,0.0326,1.8677
0.23863,2261.96601,2325.99328,0.0461,2334.53548,0.03269,1.84736
0.23928,2273.91491,2325.77856,0.0462,2333.9749,0.03279,1.86092
0.23993,2289.48323,2357.17384,0.0463,2333.96545,0.03288,1.84736
0.24058,2290.17855,2355.2916,0.0464,2333.47362,0.03297,1.85414
0.24123,2306.21805,2360.95851,0.0465,2333.46422,0.03307,1.85414
0.24188,2307.40962,2361.84245,0.0466,2332.90338,0.03316,1.86092
0.24253,2276.85309,2317.15959,0.0467,2332.89404,0.03325,1.84736
0.24318,2268.71995,2336.51967,0.0468,2331.98807,0.03334,1.82701
0.24383,2303.76723,2363.5753,0.0469,2331.4958,0.03344,1.86092
0.24448,2296.12147,2356.08134,0.047,2331.48656,0.03353,1.84058
0.24513,2286.39203,2325.90814,0.0471,2331.06324,0.03362,1.8338
0.24578,2296.09227,2339.58128,0.0472,2331.05404,0.03372,1.82023
0.24642,2288.49268,2358.41661,0.0473,2330.76874,0.03381,1.8677
0.24707,2295.061,2325.43543,0.0474,2330.75959,0.0339,1.8338
0.24772,2276.33123,2342.92424,0.0475,2330.40519,0.03399,1.8338
0.24837,2275.05119,2321.46896,0.0476,2330.39608,0.03409,1.86092
0.24902,2282.10519,2337.285,0.0477,2330.24887,0.03418,1.84736
0.24967,2292.17935,2346.06728,0.0478,2330.23978,0.03427,1.84736
0.25032,2276.41201,2338.82262,0.0479,2329.81626,0.03436,1.86092
0.25097,2276.24687,2325.37211,0.048,2329.80722,0.03446,1.84736
0.25162,2283.379,2337.30303,0.0481,2329.93633,0.03455,1.8677
0.25227,2297.10729,2358.4945,0.0482,2329.51286,0.03464,1.86092
0.25292,2313.0509,2364.80484,0.0483,2329.50387,0.03474,1.86092
0.25357,2294.24075,2350.31219,0.0484,2329.7712,0.03483,1.84736
0.25422,2292.90829,2355.96908,0.0485,2329.76222,0.03492,1.8677
0.25487,2287.43786,2326.89166,0.0486,2329.54607,0.03501,1.8677
0.25552,2295.99343,2352.28848,0.0487,2329.53713,0.03511,1.85414
0.25617,2289.30619,2328.13449,0.0488,2329.1828,0.0352,1.84736
0.25682,2312.1188,2359.00286,0.0489,2329.1739,0.03529,1.84058
0.25747,2285.93289,2332.00492,0.049,2328.47385,0.03539,1.85414
0.25812,2307.35923,2357.97314,0.0491,2328.465,0.03548,1.8677
0.25877,2295.83596,2326.0024,0.0492,2328.38701,0.03557,1.8677
0.25942,2303.9716,2359.55398,0.0493,2328.37819,0.03566,1.8677
0.26007,2309.69061,2348.50521,0.0494,2328.16203,0.03576,1.8677
0.26072,2295.59988,2350.9671,0.0495,2327.87668,0.03585,1.85414
0.26137,2310.9828,2353.65289,0.0496,2327.86792,0.03594,1.86092
0.26202,2289.92758,2342.79777,0.0497,2327.85917,0.03604,1.85414
0.26266,2289.32306,2326.97717,0.0498,2327.85044,0.03613,1.8677
0.26331,2299.82072,2353.664,0.0499,2327.63423,0.03622,1.86092
0.26396,2296.13576,2329.81926,0.05,2327.62553,0.03631,1.84058
0.26461,2285.30447,2328.46581,0.0501,2327.61684,0.03641,1.86092
0.26526,2308.34575,2312.57856,0.0502,2327.60817,0.0365,1.85414
0.26591,2314.42333,2332.27956,0.0503,2327.5995,0.03659,1.84736
0.26656,2298.84692,2340.08699,0.0504,2327.59085,0.03668,1.86092
0.26721,2294.85644,2343.56006,0.0505,2327.4439,0.03678,1.8677
0.26786,2289.3837,2319.43973,0.0506,2327.43528,0.03687,1.84736
0.26851,2297.18145,2337.75599,0.0507,2327.42668,0.03696,1.84736
0.26916,2299.01077,2336.61026,0.0508,2327.14135,0.03706,1.85414
0.26981,2323.21821,2353.15108,0.0509,2327.13278,0.03715,1.8677
0.27046,2310.66739,2350.6289,0.051,2327.19342,0.03724,1.85414
0.27111,2268.25683,2345.26026,0.0511,2327.18487,0.03733,1.8677
0.27176,2291.31828,2353.39071,0.0512,2326.83043,0.03743,1.8677
0.27241,2313.52557,2352.40534,0.0513,2326.82192,0.03752,1.8677
0.27306,2317.96172,2348.39331,0.0514,2326.67505,0.03761,1.86092
0.27371,2303.43412,2340.56912,0.0515,2326.66657,0.03771,1.8677
0.27436,2312.91246,2336.93655,0.0516,2326.86561,0.0378,1.86092
0.27501,2293.66155,2341.20217,0.0517,2326.85715,0.03789,1.86092
0.27566,2314.78819,2374.01188,0.0518,2326.84869,0.03798,1.8677
0.27631,2313.27049,2361.63035,0.0519,2326.84025,0.03808,1.85414
0.27696,2304.11459,2342.72423,0.052,2326.97017,0.03817,1.8677
0.27761,2307.82328,2354.496,0.0521,2326.96175,0.03826,1.88805
0.27826,2299.20576,2373.34676,0.0522,2326.95334,0.03836,1.8677
0.2789,2286.52702,2330.7515,0.0523,2326.87573,0.03845,1.88126
0.27955,2303.29017,2357.9891,0.0524,2326.86735,0.03854,1.86092
0.2802,2307.85756,2364.19533,0.0525,2326.37466,0.03863,1.8677
0.28085,2279.5442,2339.5301,0.0526,2326.36632,0.03873,1.85414
0.2815,2289.3794,2328.5357,0.0527,2326.35799,0.03882,1.88805
0.28215,2290.23,2352.57834,0.0528,2326.34967,0.03891,1.8677
0.2828,2307.21262,2335.40054,0.0529,2326.27221,0.039,1.8677
0.28345,2306.62132,2352.17808,0.053,2326.26392,0.0391,1.87449
0.2841,2315.37619,2360.06101,0.0531,2326.11725,0.03919,1.85414
0.28475,2298.75772,2320.98743,0.0532,2326.10899,0.03928,1.88126
0.2854,2317.0899,2341.39896,0.0533,2326.10074,0.03938,1.88126
0.28605,2275.96228,2328.61826,0.0534,2326.0925,0.03947,1.86092
0.2867,2297.4997,2351.6028,0.0535,2326.08427,0.03956,1.87449
0.28735,2309.16868,2322.29053,0.0536,2326.35283,0.03965,1.8677
0.288,2296.72687,2332.38323,0.0537,2326.34462,0.03975,1.87449
0.28865,2304.52887,2344.65186,0.0538,2326.68227,0.03984,1.8677
0.2893,2309.44926,2358.25447,0.0539,2326.67407,0.03993,1.88126
0.28995,2312.57604,2360.76356,0.054,2326.52753,0.04003,1.8677
0.2906,2303.08537,2333.17531,0.0541,2326.51935,0.04012,1.88805
0.29125,2299.15223,2350.03471,0.0542,2326.99537,0.04021,1.88805
0.2919,2306.59728,2334.36041,0.0543,2326.9872,0.0403,1.87449
0.29255,2301.35079,2340.69738,0.0544,2326.97904,0.0404,1.8677
0.2932,2306.13243,2337.2012,0.0545,2326.97089,0.04049,1.91517
0.29385,2289.70859,2346.6231,0.0546,2327.37768,0.04058,1.88805
0.2945,2292.43874,2333.72973,0.0547,2327.71513,0.04068,1.87449
0.29514,2299.90371,2347.6331,0.0548,2327.70698,0.04077,1.87449
0.29579,2315.68806,2339.75808,0.0549,2328.11349,0.04086,1.89483
0.29644,2291.6512,2309.4331,0.055,2328.10535,0.04095,1.89483
0.29709,2291.2096,2344.32124,0.0551,2328.51182,0.04105,1.88805
0.29774,2307.19533,2330.6304,0.0552,2328.50369,0.04114,1.8677
0.29839,2310.7478,2358.34189,0.0553,2328.77185,0.04123,1.88805
0.29904,2295.76165,2322.27373,0.0554,2328.76373,0.04132,1.89483
0.29969,2313.04704,2346.68551,0.0555,2329.16995,0.04142,1.88126
0.30034,2327.31232,2359.53262,0.0556,2329.16183,0.04151,1.8677
0.30099,2310.61053,2341.54318,0.0557,2329.29181,0.0416,1.88805
0.30164,2306.87018,2315.75717,0.0558,2329.28372,0.0417,1.88805
0.30229,2315.9696,2339.69688,0.0559,2329.89688,0.04179,1.87449
0.30294,2303.13062,2352.86261,0.056,2330.16479,0.04188,1.88805
0.30359,2312.64493,2345.35622,0.0561,2330.15669,0.04197,1.88805
0.30424,2278.23272,2324.98318,0.0562,2330.42457,0.04207,1.88805
0.30489,2305.54591,2344.05826,0.0563,2330.41648,0.04216,1.89483
0.30554,2302.83017,2329.00858,0.0564,2330.47742,0.04225,1.88805
0.30619,2315.08587,2366.00708,0.0565,2330.46936,0.04235,1.87449
0.30684,2306.14827,2346.66226,0.0566,2330.87512,0.04244,1.86092
0.30749,2320.08253,2348.00625,0.0567,2330.86706,0.04253,1.8677
0.30814,2312.64252,2359.34955,0.0568,2330.92794,0.04262,1.8677
0.30879,2299.46128,2327.33019,0.0569,2330.9199,0.04272,1.8677
0.30944,2317.13846,2353.32907,0.057,2331.39452,0.04281,1.88805
0.31009,2317.47886,2368.31693,0.0571,2331.38648,0.0429,1.86092
0.31074,2300.01708,2351.89381,0.0572,2331.51632,0.043,1.8677
0.31138,2308.62139,2331.96426,0.0573,2331.78398,0.04309,1.87449
0.31203,2306.78082,2346.96592,0.0574,2331.77597,0.04318,1.8677
0.31268,2289.48431,2337.87154,0.0575,2331.76796,0.04327,1.86092
0.31333,2307.98859,2336.23509,0.0576,2331.75997,0.04337,1.88805
0.31398,2307.34762,2324.13906,0.0577,2331.82086,0.04346,1.84058
0.31463,2290.01077,2322.2449,0.0578,2331.81288,0.04355,1.8677
0.31528,2302.48096,2346.49241,0.0579,2332.0116,0.04364,1.88126
0.31593,2298.50513,2318.14677,0.058,2332.00364,0.04374,1.8677
0.31658,2321.74858,2344.0751,0.0581,2332.27126,0.04383,1.82701
0.31723,2301.97785,2356.79398,0.0582,2332.26331,0.04392,1.8677
0.31788,2310.24746,2328.52772,0.0583,2332.04874,0.04402,1.8677
0.31853,2295.75668,2339.16807,0.0584,2332.24746,0.04411,1.85414
0.31918,2316.45032,2336.763,0.0585,2332.23954,0.0442,1.8677
0.31983,2263.46686,2293.65748,0.0586,2332.57606,0.04429,1.84736
0.32048,2299.40177,2330.47732,0.0587,2332.56816,0.04439,1.89483
0.32113,2288.84919,2327.11804,0.0588,2332.698,0.04448,1.8677
0.32178,2316.42239,2335.54885,0.0589,2332.69011,0.04457,1.87449
0.32243,2302.86538,2348.68236,0.059,2333.02654,0.04467,1.86092
0.32308,2312.48634,2341.35387,0.0591,2333.01866,0.04476,1.8677
0.32373,2303.83533,2320.71294,0.0592,2333.0796,0.04485,1.8677
0.32438,2304.28015,2332.03208,0.0593,2333.07174,0.04494,1.8677
0.32503,2329.45623,2355.229,0.0594,2333.33924,0.04504,1.86092
0.32568,2306.86832,2358.11188,0.0595,2333.33139,0.04513,1.86092
0.32633,2307.00622,2332.80802,0.0596,2333.59884,0.04522,1.84736
0.32698,2293.15785,2323.17186,0.0597,2333.72863,0.04532,1.86092
0.32762,2318.9396,2350.53236,0.0598,2333.7208,0.04541,1.8677
0.32827,2329.17323,2347.74804,0.0599,2334.33218,0.0455,1.84736
0.32892,2323.83023,2336.03494,0.06,2334.32435,0.04559,1.84736
0.32957,2299.88617,2300.16132,0.0601,2334.38527,0.04569,1.84058
0.33022,2304.84583,2342.1175,0.0602,2334.37746,0.04578,1.84736
0.33087,2304.69375,2332.5961,0.0603,2334.71354,0.04587,1.85414
0.33152,2308.62115,2322.05711,0.0604,2334.70573,0.04596,1.8677
0.33217,2314.26598,2352.983,0.0605,2334.90418,0.04606,1.8677
0.33282,2311.15026,2336.69116,0.0606,2334.89639,0.04615,1.86092
0.33347,2311.82647,2310.09203,0.0607,2334.88861,0.04624,1.84736
0.33412,2290.27319,2317.3385,0.0608,2334.88084,0.04634,1.8677
0.33477,2290.82894,2341.10584,0.0609,2334.66679,0.04643,1.85414
0.33542,2316.49388,2333.38264,0.061,2334.86535,0.04652,1.8677
0.33607,2316.99399,2349.6487,0.0611,2334.85762,0.04661,1.86092
0.33672,2316.38234,2326.39009,0.0612,2334.91868,0.04671,1.85414
0.33737,2315.69095,2340.88369,0.0613,2334.91096,0.0468,1.84736
0.33802,2300.63489,2322.96856,0.0614,2335.17822,0.04689,1.8677
0.33867,2306.1666,2336.86517,0.0615,2335.17052,0.04699,1.84736
0.33932,2314.78169,2317.97814,0.0616,2335.43773,0.04708,1.85414
0.33997,2310.86223,2341.578,0.0617,2335.43004,0.04717,1.86092
0.34062,2298.6783,2329.71968,0.0618,2335.69721,0.04726,1.86092
0.34127,2304.84027,2332.59544,0.0619,2335.68953,0.04736,1.84058
0.34192,2305.05307,2330.25792,0.062,2335.81927,0.04745,1.84058
0.34257,2308.02191,2332.88753,0.0621,2335.81161,0.04754,1.85414
0.34322,2317.46569,2341.94236,0.0622,2335.87262,0.04764,1.85414
0.34386,2313.63588,2335.18112,0.0623,2336.13974,0.04773,1.84736
0.34451,2313.52158,2346.61242,0.0624,2336.1321,0.04782,1.86092
0.34516,2288.35849,2313.64441,0.0625,2336.39917,0.04791,1.87449
0.34581,2308.36519,2326.75182,0.0626,2336.39154,0.04801,1.84736
0.34646,2308.7521,2335.7243,0.0627,2336.52125,0.0481,1.84736
0.34711,2303.67413,2338.9547,0.0628,2336.51364,0.04819,1.85414
0.34776,2308.42383,2347.7224,0.0629,2336.3687,0.04828,1.85414
0.34841,2313.8901,2328.09401,0.063,2336.36111,0.04838,1.86092
0.34906,2326.29531,2331.57882,0.0631,2336.49087,0.04847,1.87449
0.34971,2310.78455,2319.80665,0.0632,2336.4833,0.04856,1.84058
0.35036,2333.84414,2358.45032,0.0633,2336.40704,0.04866,1.84736
0.35101,2315.32626,2311.10505,0.0634,2336.39949,0.04875,1.84736
0.35166,2312.02398,2323.3931,0.0635,2336.73528,0.04884,1.84058
0.35231,2310.9607,2346.26275,0.0636,2336.93364,0.04893,1.85414
0.35296,2307.31718,2350.41411,0.0637,2336.9261,0.04903,1.8338
0.35361,2319.90682,2335.12882,0.0638,2336.91858,0.04912,1.84058
0.35426,2309.16893,2331.81481,0.0639,2336.91106,0.04921,1.84736
0.35491,2306.00546,2314.00555,0.064,2336.76628,0.04931,1.84058
0.35556,2283.79986,2331.8617,0.0641,2336.75879,0.0494,1.86092
0.35621,2290.45692,2317.24346,0.0642,2337.02587,0.04949,1.84058
0.35686,2294.44436,2324.39055,0.0643,2337.01839,0.04958,1.82701
0.35751,2314.64006,2329.59367,0.0644,2337.07952,0.04968,1.84058
0.35816,2328.38455,2343.5021,0.0645,2337.07206,0.04977,1.84058
0.35881,2300.63938,2312.89368,0.0646,2337.06462,0.04986,1.84058
0.35946,2308.0955,2330.36434,0.0647,2337.05718,0.04996,1.82023
0.3601,2308.24192,2326.08534,0.0648,2337.11835,0.05005,1.8338
0.36075,2297.65656,2320.26428,0.0649,2336.97368,0.05014,1.8338
0.3614,2301.06507,2326.27788,0.065,2336.96628,0.05023,1.84058
0.36205,2299.82774,2336.34468,0.0651,2337.09614,0.05033,1.84058
0.3627,2294.87488,2318.85677,0.0652,2337.08876,0.05042,1.84736
0.36335,2324.31191,2330.77599,0.0653,2337.0128,0.05051,1.80667
0.364,2290.75997,2302.87599,0.0654,2337.00544,0.0506,1.8338
0.36465,2319.35849,2347.97875,0.0655,2337.20391,0.0507,1.8338
0.3653,2318.81799,2335.72411,0.0656,2337.19657,0.05079,1.82701
0.36595,2279.46913,2319.26233,0.0657,2337.05199,0.05088,1.82701
0.3666,2313.266,2316.08796,0.0658,2337.04467,0.05098,1.84736
0.36725,2302.62202,2320.99903,0.0659,2336.90012,0.05107,1.8338
0.3679,2316.44592,2309.89238,0.066,2336.89282,0.05116,1.8338
0.36855,2315.32707,2337.66367,0.0661,2336.67968,0.05125,1.80667
0.3692,2302.29153,2334.22504,0.0662,2336.26055,0.05135,1.82701
0.36985,2308.17359,2319.22514,0.0663,2336.25331,0.05144,1.82701
0.3705,2292.78961,2303.87324,0.0664,2336.04015,0.05153,1.82023
0.37115,2304.59494,2335.46366,0.0665,2336.03294,0.05163,1.82701
0.3718,2313.25118,2345.48099,0.0666,2336.23174,0.05172,1.84058
0.37245,2310.69142,2330.72875,0.0667,2336.22455,0.05181,1.84058
0.3731,2303.896,2319.87091,0.0668,2336.28605,0.0519,1.85414
0.37375,2311.12537,2340.14839,0.0669,2336.27887,0.052,1.82701
0.3744,2302.83487,2344.51624,0.067,2336.40899,0.05209,1.8338
0.37505,2308.26965,2338.18569,0.0671,2336.40182,0.05218,1.86092
0.3757,2296.50014,2332.21364,0.0672,2336.25738,0.05228,1.84058
0.37634,2327.16751,2338.84135,0.0673,2336.25024,0.05237,1.82023
0.37699,2323.17174,2342.7835,0.0674,2336.17443,0.05246,1.85414
0.37764,2293.48681,2312.72422,0.0675,2335.96139,0.05255,1.85414
0.37829,2299.8503,2337.07971,0.0676,2335.95429,0.05265,1.8338
0.37894,2297.78515,2326.97566,0.0677,2335.80989,0.05274,1.84058
0.37959,2299.14093,2311.88662,0.0678,2335.80281,0.05283,1.82023
0.38024,2279.35229,2311.64546,0.0679,2335.45236,0.05292,1.85414
0.38089,2311.02736,2330.39213,0.068,2335.44532,0.05302,1.84736
0.38154,2317.41143,2324.4295,0.0681,2335.30093,0.05311,1.84736
0.38219,2307.629,2316.05487,0.0682,2335.29392,0.0532,1.84058
0.38284,2322.51034,2355.62179,0.0683,2335.08088,0.0533,1.8338
0.38349,2313.97984,2330.7831,0.0684,2335.0739,0.05339,1.84058
0.38414,2317.66242,2330.62772,0.0685,2334.86087,0.05348,1.82701
0.38479,2318.33222,2310.83157,0.0686,2334.85391,0.05357,1.84736
0.38544,2306.41964,2332.80718,0.0687,2334.57213,0.05367,1.8677
0.38609,2334.42121,2346.63423,0.0688,2334.0154,0.05376,1.82023
0.38674,2294.73273,2305.89848,0.0689,2334.0085,0.05385,1.84736
0.38739,2300.51241,2303.40286,0.069,2333.58913,0.05395,1.84058
0.38804,2297.74175,2331.64054,0.0691,2333.58227,0.05404,1.84058
0.38869,2293.88122,2310.74805,0.0692,2333.30037,0.05413,1.82701
0.38934,2295.27503,2303.65387,0.0693,2333.29354,0.05422,1.86092
0.38999,2312.17159,2315.80257,0.0694,2333.08036,0.05432,1.8338
0.39064,2306.17573,2349.62045,0.0695,2333.07356,0.05441,1.84058
0.39129,2324.48026,2327.71846,0.0696,2332.9292,0.0545,1.82701
0.39194,2317.19688,2332.07577,0.0697,2332.92242,0.0546,1.84736
0.39258,2303.40315,2310.69872,0.0698,2332.8469,0.05469,1.84736
0.39323,2311.32336,2327.27523,0.0699,2332.84014,0.05478,1.84058
0.39388,2325.92557,2311.43755,0.07,2332.76464,0.05487,1.85414
0.39453,2305.91012,2320.38837,0.0701,2332.27628,0.05497,1.84058
0.39518,2311.49624,2314.27213,0.0702,2332.26957,0.05506,1.85414
0.39583,2295.83399,2333.35374,0.0703,2332.12525,0.05515,1.8677
0.39648,2298.01098,2310.31332,0.0704,2332.11856,0.05524,1.84058
0.39713,2311.42554,2332.4829,0.0705,2331.8366,0.05534,1.82023
0.39778,2321.20346,2295.32929,0.0706,2331.82995,0.05543,1.84058
0.39843,2325.62807,2333.47028,0.0707,2331.75451,0.05552,1.86092
0.39908,2314.18938,2317.31315,0.0708,2331.74787,0.05562,1.8338
0.39973,2298.90424,2312.81678,0.0709,2331.39703,0.05571,1.82701
0.40038,2274.50972,2316.44142,0.071,2331.39042,0.0558,1.82023
,,,0.0711,2331.38383,0.05589,1.8338
,,,0.0712,2331.37724,0.05599,1.84058
,,,0.0713,2331.16415,0.05608,1.8677
,,,0.0714,2330.88216,0.05617,1.86092
,,,0.0715,2330.87562,0.05627,1.86092
,,,0.0716,2330.66252,0.05636,1.85414
,,,0.0717,2330.656,0.05645,1.85414
,,,0.0718,2330.44283,0.05654,1.84736
,,,0.0719,2330.43634,0.05664,1.85414
,,,0.072,2330.22323,0.05673,1.82701
,,,0.0721,2330.21677,0.05682,1.84058
,,,0.0722,2330.34809,0.05692,1.8677
,,,0.0723,2330.34164,0.05701,1.82701
,,,0.0724,2330.12856,0.0571,1.84736
,,,0.0725,2330.12214,0.05719,1.84736
,,,0.0726,2329.97793,0.05729,1.8677
,,,0.0727,2329.4892,0.05738,1.84736
,,,0.0728,2329.48282,0.05747,1.82701
,,,0.0729,2329.26972,0.05756,1.86092
,,,0.073,2329.26336,0.05766,1.85414
,,,0.0731,2328.98128,0.05775,1.84736
,,,0.0732,2328.97496,0.05784,1.84058
,,,0.0733,2328.55494,0.05794,1.84058
,,,0.0734,2328.54865,0.05803,1.84736
,,,0.0735,2328.54237,0.05812,1.86092
,,,0.0736,2328.53609,0.05821,1.86092
,,,0.0737,2328.11602,0.05831,1.88126
,,,0.0738,2328.10978,0.0584,1.8677
,,,0.0739,2327.82762,0.05849,1.84736
,,,0.074,2327.68342,0.05859,1.84736
,,,0.0741,2327.67721,0.05868,1.87449
,,,0.0742,2327.39502,0.05877,1.86092
,,,0.0743,2327.38884,0.05886,1.84058
,,,0.0744,2327.58964,0.05896,1.84736
,,,0.0745,2327.58347,0.05905,1.86092
,,,0.0746,2327.37035,0.05914,1.85414
,,,0.0747,2327.36421,0.05924,1.8677
,,,0.0748,2327.22006,0.05933,1.84058
,,,0.0749,2327.21394,0.05942,1.88126
,,,0.075,2327.0698,0.05951,1.84736
,,,0.0751,2327.0637,0.05961,1.84736
,,,0.0752,2326.85051,0.0597,1.85414
,,,0.0753,2326.84443,0.05979,1.86092
,,,0.0754,2326.83837,0.05988,1.8677
,,,0.0755,2326.62518,0.05998,1.8677
,,,0.0756,2326.61914,0.06007,1.85414
,,,0.0757,2325.99164,0.06016,1.84736
,,,0.0758,2325.98563,0.06026,1.84736
,,,0.0759,2325.63425,0.06035,1.8677
,,,0.076,2325.62828,0.06044,1.85414
,,,0.0761,2325.13866,0.06053,1.85414
,,,0.0762,2325.13271,0.06063,1.8677
,,,0.0763,2325.05771,0.06072,1.85414
,,,0.0764,2325.05179,0.06081,1.86092
,,,0.0765,2324.9768,0.06091,1.84736
,,,0.0766,2324.76353,0.061,1.8677
,,,0.0767,2324.75764,0.06109,1.8677
,,,0.0768,2324.40612,0.06118,1.84736
,,,0.0769,2324.40025,0.06128,1.8677
,,,0.077,2324.11786,0.06137,1.86092
,,,0.0771,2324.11202,0.06146,1.8677
,,,0.0772,2323.89872,0.06156,1.8677
,,,0.0773,2323.8929,0.06165,1.8677
,,,0.0774,2323.81791,0.06174,1.8677
,,,0.0775,2323.81211,0.06183,1.8677
,,,0.0776,2323.59882,0.06193,1.8677
,,,0.0777,2323.59304,0.06202,1.85414
,,,0.0778,2323.58727,0.06211,1.86092
,,,0.0779,2323.58151,0.0622,1.85414
,,,0.078,2323.57576,0.0623,1.84736
,,,0.0781,2323.50089,0.06239,1.85414
,,,0.0782,2323.49515,0.06248,1.88805
,,,0.0783,2323.0744,0.06258,1.85414
,,,0.0784,2323.06869,0.06267,1.85414
,,,0.0785,2322.8554,0.06276,1.84736
,,,0.0786,2322.84972,0.06285,1.8677
,,,0.0787,2322.63642,0.06295,1.8677
,,,0.0788,2322.63076,0.06304,1.87449
,,,0.0789,2322.20979,0.06313,1.87449
,,,0.079,2322.20416,0.06323,1.8677
,,,0.0791,2322.26771,0.06332,1.87449
,,,0.0792,2322.40052,0.06341,1.88805
,,,0.0793,2322.3949,0.0635,1.87449
,,,0.0794,2322.18162,0.0636,1.8677
,,,0.0795,2322.17603,0.06369,1.85414
,,,0.0796,2322.23969,0.06378,1.84058
,,,0.0797,2322.23411,0.06388,1.8677
,,,0.0798,2322.57452,0.06397,1.85414
,,,0.0799,2322.56895,0.06406,1.8677
,,,0.08,2322.77099,0.06415,1.8677
,,,0.0801,2322.76542,0.06425,1.88126
,,,0.0802,2322.96736,0.06434,1.8677
,,,0.0803,2322.9618,0.06443,1.88126
,,,0.0804,2323.23293,0.06452,1.84736
,,,0.0805,2323.71148,0.06462,1.8677
,,,0.0806,2323.70592,0.06471,1.86092
,,,0.0807,2324.18431,0.0648,1.86092
,,,0.0808,2324.17875,0.0649,1.8677
,,,0.0809,2324.51878,0.06499,1.85414
,,,0.081,2324.51322,0.06508,1.8677
,,,0.0811,2324.78405,0.06517,1.8677
,,,0.0812,2324.7785,0.06527,1.8677
,,,0.0813,2324.49657,0.06536,1.84058
,,,0.0814,2324.49104,0.06545,1.8677
,,,0.0815,2324.62372,0.06555,1.87449
,,,0.0816,2324.68725,0.06564,1.86092
,,,0.0817,2324.68174,0.06573,1.86092
,,,0.0818,2324.88346,0.06582,1.86092
,,,0.0819,2324.87795,0.06592,1.8677
,,,0.082,2325.01061,0.06601,1.84736
,,,0.0821,2325.00512,0.0661,1.85414
,,,0.0822,2325.06874,0.0662,1.8677
,,,0.0823,2325.06326,0.06629,1.87449
,,,0.0824,2325.33404,0.06638,1.8677
,,,0.0825,2325.32857,0.06647,1.86092
,,,0.0826,2325.18497,0.06657,1.85414
,,,0.0827,2325.17952,0.06666,1.8677
,,,0.0828,2325.51938,0.06675,1.85414
,,,0.0829,2325.92816,0.06684,1.87449
,,,0.083,2325.9227,0.06694,1.84736
,,,0.0831,2326.33137,0.06703,1.8677
,,,0.0832,2326.32591,0.06712,1.87449
,,,0.0833,2326.73447,0.06722,1.87449
,,,0.0834,2326.72901,0.06731,1.88805
,,,0.0835,2326.86154,0.0674,1.8677
,,,0.0836,2326.85609,0.06749,1.8677
,,,0.0837,2327.2645,0.06759,1.86092
,,,0.0838,2327.25905,0.06768,1.84058
,,,0.0839,2327.80531,0.06777,1.8677
,,,0.084,2327.79986,0.06787,1.86092
,,,0.0841,2328.13911,0.06796,1.87449
,,,0.0842,2328.89167,0.06805,1.8677
,,,0.0843,2328.88621,0.06814,1.88126
,,,0.0844,2329.43177,0.06824,1.85414
,,,0.0845,2329.42631,0.06833,1.8677
,,,0.0846,2330.04053,0.06842,1.86092
,,,0.0847,2330.03506,0.06852,1.8677
,,,0.0848,2330.64903,0.06861,1.88126
,,,0.0849,2330.64355,0.0687,1.87449
,,,0.085,2330.91329,0.06879,1.8677
,,,0.0851,2330.90782,0.06889,1.8677
,,,0.0852,2331.38388,0.06898,1.87449
,,,0.0853,2331.37841,0.06907,1.8677
,,,0.0854,2331.78552,0.06916,1.84736
,,,0.0855,2332.19251,0.06926,1.85414
,,,0.0856,2332.18704,0.06935,1.8677
,,,0.0857,2332.66267,0.06944,1.85414
,,,0.0858,2332.6572,0.06954,1.84736
,,,0.0859,2333.27005,0.06963,1.8677
,,,0.086,2333.26457,0.06972,1.84058
,,,0.0861,2333.80847,0.06981,1.84736
,,,0.0862,2333.80299,0.06991,1.8677
,,,0.0863,2334.27808,0.07,1.8677
,,,0.0864,2334.2726,0.07009,1.8677
,,,0.0865,2334.81612,0.07019,1.85414
,,,0.0866,2334.81064,0.07028,1.86092
,,,0.0867,2335.42257,0.07037,1.85414
,,,0.0868,2335.89712,0.07046,1.8677
,,,0.0869,2335.89163,0.07056,1.84736
,,,0.087,2336.36603,0.07065,1.86092
,,,0.0871,2336.36053,0.07074,1.82701
,,,0.0872,2336.90325,0.07084,1.85414
,,,0.0873,2336.89775,0.07093,1.84736
,,,0.0874,2337.85123,0.07102,1.84736
,,,0.0875,2337.84571,0.07111,1.87449
,,,0.0876,2338.38794,0.07121,1.85414
,,,0.0877,2338.38243,0.0713,1.86092
,,,0.0878,2339.12974,0.07139,1.84058
,,,0.0879,2339.12421,0.07148,1.8677
,,,0.088,2339.59753,0.07158,1.85414
,,,0.0881,2339.93395,0.07167,1.84058
,,,0.0882,2339.92842,0.07176,1.86092
,,,0.0883,2340.19637,0.07186,1.84058
,,,0.0884,2340.19084,0.07195,1.86092
,,,0.0885,2340.66382,0.07204,1.84736
,,,0.0886,2340.65829,0.07213,1.84058
,,,0.0887,2340.92611,0.07223,1.86092
,,,0.0888,2340.92059,0.07232,1.84736
,,,0.0889,2340.84679,0.07241,1.84058
,,,0.089,2340.84128,0.07251,1.84736
,,,0.0891,2340.76742,0.0726,1.86092
,,,0.0892,2340.76194,0.07269,1.8677
,,,0.0893,2340.61979,0.07278,1.8338
,,,0.0894,2340.47764,0.07288,1.8677
,,,0.0895,2340.47219,0.07297,1.84736
,,,0.0896,2340.19328,0.07306,1.82023
,,,0.0897,2340.18785,0.07316,1.84058
,,,0.0898,2339.97731,0.07325,1.8677
,,,0.0899,2339.97191,0.07334,1.82701
,,,0.09,2339.89811,0.07343,1.84058
,,,0.0901,2339.89272,0.07353,1.84058
,,,0.0902,2339.88734,0.07362,1.86092
,,,0.0903,2339.88197,0.07371,1.84058
,,,0.0904,2340.08165,0.0738,1.85414
,,,0.0905,2340.07629,0.0739,1.84058
,,,0.0906,2340.13925,0.07399,1.84058
,,,0.0907,2340.20229,0.07408,1.84058
,,,0.0908,2340.19694,0.07418,1.84736
,,,0.0909,2340.3283,0.07427,1.86092
,,,0.091,2340.32296,0.07436,1.84058
,,,0.0911,2340.65935,0.07445,1.8338
,,,0.0912,2340.65402,0.07455,1.84736
,,,0.0913,2341.05861,0.07464,1.82701
,,,0.0914,2341.05328,0.07473,1.82701
,,,0.0915,2340.91133,0.07483,1.84736
,,,0.0916,2340.90602,0.07492,1.82701
,,,0.0917,2340.90072,0.07501,1.84058
,,,0.0918,2340.89542,0.0751,1.82701
,,,0.0919,2340.95841,0.0752,1.84736
,,,0.092,2341.02147,0.07529,1.85414
,,,0.0921,2341.0162,0.07538,1.84058
,,,0.0922,2340.8743,0.07548,1.84736
,,,0.0923,2340.86904,0.07557,1.86092
,,,0.0924,2340.59051,0.07566,1.86092
,,,0.0925,2340.58528,0.07575,1.84736
,,,0.0926,2340.44339,0.07585,1.84736
,,,0.0927,2340.43818,0.07594,1.84736
,,,0.0928,2340.22793,0.07603,1.84058
,,,0.0929,2340.22273,0.07612,1.84736
,,,0.093,2339.94409,0.07622,1.84058
,,,0.0931,2339.93892,0.07631,1.85414
,,,0.0932,2339.72865,0.0764,1.84736
,,,0.0933,2339.58677,0.0765,1.84736
,,,0.0934,2339.58163,0.07659,1.86092
,,,0.0935,2339.5765,0.07668,1.87449
,,,0.0936,2339.57137,0.07677,1.84058
,,,0.0937,2339.22435,0.07687,1.84736
,,,0.0938,2339.21925,0.07696,1.84736
,,,0.0939,2339.07739,0.07705,1.86092
,,,0.094,2339.07231,0.07715,1.84736
,,,0.0941,2339.06724,0.07724,1.8338
,,,0.0942,2339.06217,0.07733,1.84058
,,,0.0943,2338.98876,0.07742,1.84736
,,,0.0944,2338.98371,0.07752,1.82023
,,,0.0945,2338.84188,0.07761,1.84058
,,,0.0946,2338.76842,0.0777,1.85414
,,,0.0947,2338.7634,0.0778,1.8338
,,,0.0948,2338.55314,0.07789,1.84058
,,,0.0949,2338.54814,0.07798,1.8677
,,,0.095,2338.13265,0.07807,1.84058
,,,0.0951,2338.12767,0.07817,1.82701
,,,0.0952,2338.19116,0.07826,1.8338
,,,0.0953,2338.1862,0.07835,1.82701
,,,0.0954,2337.97593,0.07844,1.8338
,,,0.0955,2337.97098,0.07854,1.84058
,,,0.0956,2337.82918,0.07863,1.84058
,,,0.0957,2337.82426,0.07872,1.84058
,,,0.0958,2337.68246,0.07882,1.84058
,,,0.0959,2337.60907,0.07891,1.8677
,,,0.096,2337.60417,0.079,1.85414
,,,0.0961,2337.59928,0.07909,1.84736
,,,0.0962,2337.5944,0.07919,1.8338
,,,0.0963,2337.38414,0.07928,1.84058
,,,0.0964,2337.37927,0.07937,1.84736
,,,0.0965,2337.10051,0.07947,1.84058
,,,0.0966,2337.09567,0.07956,1.84736
,,,0.0967,2337.02233,0.07965,1.82701
,,,0.0968,2337.0175,0.07974,1.8338
,,,0.0969,2336.73872,0.07984,1.82701
,,,0.097,2336.73391,0.07993,1.82023
,,,0.0971,2336.79762,0.08002,1.82701
,,,0.0972,2336.79282,0.08012,1.82701
,,,0.0973,2336.78804,0.08021,1.81345
,,,0.0974,2336.85176,0.0803,1.84736
,,,0.0975,2336.84698,0.08039,1.82701
,,,0.0976,2336.91065,0.08049,1.84058
,,,0.0977,2336.90588,0.08058,1.82023
,,,0.0978,2336.83262,0.08067,1.82701
,,,0.0979,2336.82786,0.08076,1.8338
,,,0.098,2336.75461,0.08086,1.8338
,,,0.0981,2336.74987,0.08095,1.8338
,,,0.0982,2336.88208,0.08104,1.82701
,,,0.0983,2336.87736,0.08114,1.82701
,,,0.0984,2336.8042,0.08123,1.82023
,,,0.0985,2336.86792,0.08132,1.82701
,,,0.0986,2336.86321,0.08141,1.84058
,,,0.0987,2336.99544,0.08151,1.81345
,,,0.0988,2336.99074,0.0816,1.82023
,,,0.0989,2336.91755,0.08169,1.84058
,,,0.099,2336.91287,0.08179,1.80667
,,,0.0991,2336.90819,0.08188,1.82701
,,,0.0992,2336.90352,0.08197,1.82023
,,,0.0993,2336.96728,0.08206,1.82701
,,,0.0994,2336.96262,0.08216,1.82701
,,,0.0995,2337.02645,0.08225,1.84058
,,,0.0996,2337.0218,0.08234,1.8338
,,,0.0997,2337.22255,0.08244,1.82701
,,,0.0998,2337.35479,0.08253,1.82023
,,,0.0999,2337.35015,0.08262,1.8338
,,,0.1,2337.34551,0.08271,1.82023
,,,0.1001,2337.34088,0.08281,1.79989
,,,0.1002,2337.19931,0.0829,1.84736
,,,0.1003,2337.19469,0.08299,1.82023
,,,0.1004,2336.98471,0.08308,1.82701
,,,0.1005,2336.98011,0.08318,1.82023
,,,0.1006,2337.24932,0.08327,1.8338
,,,0.1007,2337.24473,0.08336,1.82023
,,,0.1008,2337.37702,0.08346,1.84058
,,,0.1009,2337.37244,0.08355,1.84058
,,,0.101,2337.43633,0.08364,1.84058
,,,0.1011,2337.3633,0.08373,1.84058
,,,0.1012,2337.35874,0.08383,1.85414
,,,0.1013,2337.49104,0.08392,1.82701
,,,0.1014,2337.48649,0.08401,1.84736
,,,0.1015,2337.82408,0.08411,1.84736
,,,0.1016,2337.81953,0.0842,1.8677
,,,0.1017,2337.7466,0.08429,1.88126
,,,0.1018,2337.74207,0.08438,1.8677
,,,0.1019,2337.6007,0.08448,1.86092
,,,0.102,2337.59618,0.08457,1.87449
,,,0.1021,2337.45482,0.08466,1.88126
,,,0.1022,2337.45032,0.08476,1.89483
,,,0.1023,2337.51428,0.08485,1.87449
,,,0.1024,2337.44133,0.08494,1.88805
,,,0.1025,2337.43684,0.08503,1.89483
,,,0.1026,2337.22711,0.08513,1.88805
,,,0.1027,2337.22264,0.08522,1.89483
,,,0.1028,2337.35505,0.08531,1.8677
,,,0.1029,2337.35059,0.0854,1.88805
,,,0.103,2337.41453,0.0855,1.85414
,,,0.1031,2337.41008,0.08559,1.87449
,,,0.1032,2337.54248,0.08568,1.8677
,,,0.1033,2337.53804,0.08578,1.84736
,,,0.1034,2337.80725,0.08587,1.84058
,,,0.1035,2337.80282,0.08596,1.86092
,,,0.1036,2337.59312,0.08605,1.8677
,,,0.1037,2337.52032,0.08615,1.8677
,,,0.1038,2337.51591,0.08624,1.85414
,,,0.1039,2337.57996,0.08633,1.85414
,,,0.104,2337.57556,0.08643,1.8677
,,,0.1041,2337.63954,0.08652,1.86092
,,,0.1042,2337.63515,0.08661,1.85414
,,,0.1043,2337.28864,0.0867,1.84736
,,,0.1044,2337.28428,0.0868,1.8677
,,,0.1045,2337.27992,0.08689,1.86092
,,,0.1046,2337.27556,0.08698,1.82023
,,,0.1047,2337.27121,0.08708,1.85414
,,,0.1048,2337.06154,0.08717,1.87449
,,,0.1049,2337.05721,0.08726,1.86092
,,,0.105,2336.64223,0.08735,1.84736
,,,0.1051,2336.63792,0.08745,1.8677
,,,0.1052,2336.35978,0.08754,1.88805
,,,0.1053,2336.3555,0.08763,1.88126
,,,0.1054,2336.35121,0.08772,1.88805
,,,0.1055,2336.34694,0.08782,1.88126
,,,0.1056,2336.34266,0.08791,1.90161
,,,0.1057,2336.3384,0.088,1.88126
,,,0.1058,2336.12877,0.0881,1.88805
,,,0.1059,2336.12452,0.08819,1.88805
,,,0.106,2335.84637,0.08828,1.89483
,,,0.1061,2335.63664,0.08837,1.89483
,,,0.1062,2335.63242,0.08847,1.88126
,,,0.1063,2335.0801,0.08856,1.87449
,,,0.1064,2335.07591,0.08865,1.89483
,,,0.1065,2334.592,0.08875,1.90161
,,,0.1066,2334.58783,0.08884,1.90161
,,,0.1067,2334.10387,0.08893,1.88126
,,,0.1068,2334.09973,0.08902,1.90161
,,,0.1069,2334.09559,0.08912,1.88805
,,,0.107,2334.09146,0.08921,1.88805
,,,0.1071,2333.88169,0.0893,1.87449
,,,0.1072,2333.87757,0.0894,1.89483
,,,0.1073,2333.59917,0.08949,1.85414
,,,0.1074,2333.52646,0.08958,1.88805
,,,0.1075,2333.52238,0.08967,1.8677
,,,0.1076,2333.10674,0.08977,1.87449
,,,0.1077,2333.10268,0.08986,1.87449
,,,0.1078,2332.48105,0.08995,1.88805
,,,0.1079,2332.47702,0.09004,1.87449
,,,0.108,2332.06116,0.09014,1.87449
,,,0.1081,2332.05715,0.09023,1.87449
,,,0.1082,2331.64121,0.09032,1.88126
,,,0.1083,2331.63721,0.09042,1.88805
,,,0.1084,2331.08381,0.09051,1.88126
,,,0.1085,2331.07985,0.0906,1.8677
,,,0.1086,2330.5262,0.09069,1.89483
,,,0.1087,2329.6974,0.09079,1.88805
,,,0.1088,2329.69349,0.09088,1.89483
,,,0.1089,2328.9331,0.09097,1.88126
,,,0.109,2328.92923,0.09107,1.88805
,,,0.1091,2328.58142,0.09116,1.88805
,,,0.1092,2328.57756,0.09125,1.89483
,,,0.1093,2327.95435,0.09134,1.88805
,,,0.1094,2327.95052,0.09144,1.87449
,,,0.1095,2327.60255,0.09153,1.87449
,,,0.1096,2327.59873,0.09162,1.87449
,,,0.1097,2327.04401,0.09172,1.88805
,,,0.1098,2327.04022,0.09181,1.88805
,,,0.1099,2326.76094,0.0919,1.89483
,,,0.11,2326.34384,0.09199,1.88126
,,,0.1101,2326.34008,0.09209,1.87449
,,,0.1102,2325.78505,0.09218,1.89483
,,,0.1103,2325.78132,0.09227,1.89483
,,,0.1104,2325.22611,0.09236,1.89483
,,,0.1105,2325.2224,0.09246,1.8677
,,,0.1106,2324.66702,0.09255,1.88126
,,,0.1107,2324.66334,0.09264,1.87449
,,,0.1108,2324.38375,0.09274,1.86092
,,,0.1109,2324.38008,0.09283,1.8677
,,,0.111,2324.30747,0.09292,1.86092
,,,0.1111,2324.30381,0.09301,1.87449
,,,0.1112,2324.23121,0.09311,1.8677
,,,0.1113,2324.22757,0.0932,1.87449
,,,0.1114,2324.22393,0.09329,1.8677
,,,0.1115,2323.53024,0.09339,1.87449
,,,0.1116,2323.52663,0.09348,1.8677
,,,0.1117,2323.24691,0.09357,1.85414
,,,0.1118,2323.24332,0.09366,1.89483
,,,0.1119,2322.89456,0.09376,1.8677
,,,0.112,2322.89098,0.09385,1.8677
,,,0.1121,2322.47306,0.09394,1.86092
,,,0.1122,2322.46951,0.09404,1.8677
,,,0.1123,2322.18966,0.09413,1.8677
,,,0.1124,2322.18612,0.09422,1.87449
,,,0.1125,2321.69892,0.09431,1.87449
,,,0.1126,2321.8336,0.09441,1.86092
,,,0.1127,2321.83008,0.0945,1.88126
,,,0.1128,2321.68837,0.09459,1.87449
,,,0.1129,2321.68487,0.09468,1.87449
,,,0.113,2321.47402,0.09478,1.8677
,,,0.1131,2321.47052,0.09487,1.8677
,,,0.1132,2321.32881,0.09496,1.87449
,,,0.1133,2321.32533,0.09506,1.8677
,,,0.1134,2321.25278,0.09515,1.88126
,,,0.1135,2321.24931,0.09524,1.87449
,,,0.1136,2321.1076,0.09533,1.8677
,,,0.1137,2321.10415,0.09543,1.8677
,,,0.1138,2320.82417,0.09552,1.87449
,,,0.1139,2320.61334,0.09561,1.89483
,,,0.114,2320.60991,0.09571,1.8677
,,,0.1141,2320.53738,0.0958,1.88805
,,,0.1142,2320.53396,0.09589,1.8677
,,,0.1143,2320.59965,0.09598,1.84736
,,,0.1144,2320.59624,0.09608,1.8677
,,,0.1145,2320.31623,0.09617,1.85414
,,,0.1146,2320.31283,0.09626,1.8677
,,,0.1147,2320.17111,0.09636,1.8677
,,,0.1148,2320.16773,0.09645,1.8677
,,,0.1149,2320.09515,0.09654,1.87449
,,,0.115,2320.09177,0.09663,1.8677
,,,0.1151,2320.0884,0.09673,1.8677
,,,0.1152,2319.9467,0.09682,1.8677
,,,0.1153,2319.94334,0.09691,1.85414
,,,0.1154,2320.00919,0.097,1.8677
,,,0.1155,2320.00584,0.0971,1.8677
,,,0.1156,2320.00249,0.09719,1.88126
,,,0.1157,2319.99915,0.09728,1.8677
,,,0.1158,2320.20327,0.09738,1.8677
,,,0.1159,2320.19993,0.09747,1.8677
,,,0.116,2320.12747,0.09756,1.8677
,,,0.1161,2320.12414,0.09765,1.85414
,,,0.1162,2320.05161,0.09775,1.88805
,,,0.1163,2320.04829,0.09784,1.88805
,,,0.1164,2320.11418,0.09793,1.88126
,,,0.1165,2319.9034,0.09803,1.88126
,,,0.1166,2319.9001,0.09812,1.8677
,,,0.1167,2320.03513,0.09821,1.85414
,,,0.1168,2320.03183,0.0983,1.8677
,,,0.1169,2320.30524,0.0984,1.86092
,,,0.117,2320.30195,0.09849,1.88126
,,,0.1171,2320.71351,0.09858,1.85414
,,,0.1172,2320.71021,0.09868,1.87449
,,,0.1173,2320.84517,0.09877,1.86092
,,,0.1174,2320.84188,0.09886,1.8677
,,,0.1175,2321.11506,0.09895,1.86092
,,,0.1176,2321.11177,0.09905,1.8677
,,,0.1177,2321.45404,0.09914,1.8677
,,,0.1178,2321.86535,0.09923,1.86092
,,,0.1179,2321.86205,0.09932,1.85414
,,,0.118,2322.27317,0.09942,1.87449
,,,0.1181,2322.26986,0.09951,1.84736
,,,0.1182,2322.54278,0.0996,1.8677
,,,0.1183,2322.53948,0.0997,1.87449
,,,0.1184,2322.88141,0.09979,1.8677
,,,0.1185,2322.87811,0.09988,1.8677
,,,0.1186,2323.21989,0.09997,1.88126
,,,0.1187,2323.21659,0.10007,1.8677
,,,0.1188,2323.83433,0.10016,1.8677
,,,0.1189,2323.83102,0.10025,1.87449
,,,0.119,2323.75876,0.10035,1.8677
,,,0.1191,2323.96238,0.10044,1.88126
,,,0.1192,2323.95908,0.10053,1.8677
,,,0.1193,2324.3696,0.10062,1.87449
,,,0.1194,2324.3663,0.10072,1.88126
,,,0.1195,2324.7078,0.10081,1.8677
,,,0.1196,2324.7045,0.1009,1.86092
,,,0.1197,2324.97696,0.101,1.8677
,,,0.1198,2324.97366,0.10109,1.86092
,,,0.1199,2325.31494,0.10118,1.8677
,,,0.12,2325.31164,0.10127,1.8677
,,,0.1201,2325.51504,0.10137,1.8677
,,,0.1202,2325.51174,0.10146,1.89483
,,,0.1203,2325.57732,0.10155,1.87449
,,,0.1204,2325.6429,0.10164,1.87449
,,,0.1205,2325.63961,0.10174,1.87449
,,,0.1206,2326.25633,0.10183,1.86092
,,,0.1207,2326.25303,0.10192,1.87449
,,,0.1208,2326.66291,0.10202,1.8677
,,,0.1209,2326.65961,0.10211,1.88126
,,,0.121,2327.00051,0.1022,1.88126
,,,0.1211,2326.99721,0.10229,1.8677
,,,0.1212,2327.20044,0.10239,1.8677
,,,0.1213,2327.19715,0.10248,1.8677
,,,0.1214,2327.67561,0.10257,1.88126
,,,0.1215,2327.67231,0.10267,1.8677
,,,0.1216,2327.87545,0.10276,1.8677
,,,0.1217,2328.07856,0.10285,1.86092
,,,0.1218,2328.07526,0.10294,1.8677
,,,0.1219,2328.27828,0.10304,1.8677
,,,0.122,2328.27498,0.10313,1.8677
,,,0.1221,2328.40924,0.10322,1.88126
,,,0.1222,2328.40595,0.10332,1.8677
,,,0.1223,2328.67772,0.10341,1.8677
,,,0.1224,2328.67444,0.1035,1.8677
,,,0.1225,2329.15234,0.10359,1.88126
,,,0.1226,2329.14905,0.10369,1.88126
,,,0.1227,2329.35199,0.10378,1.88126
,,,0.1228,2329.3487,0.10387,1.88126
,,,0.1229,2329.6203,0.10396,1.87449
,,,0.123,2330.02923,0.10406,1.90161
,,,0.1231,2330.02594,0.10415,1.88805
,,,0.1232,2330.43476,0.10424,1.87449
,,,0.1233,2330.43147,0.10434,1.88805
,,,0.1234,2330.56552,0.10443,1.8677
,,,0.1235,2330.56223,0.10452,1.8677
,,,0.1236,2330.69628,0.10461,1.85414
,,,0.1237,2330.693,0.10471,1.88126
,,,0.1238,2330.96434,0.1048,1.84736
,,,0.1239,2330.96106,0.10489,1.8677
,,,0.124,2331.36962,0.10499,1.84736
,,,0.1241,2331.36634,0.10508,1.87449
,,,0.1242,2331.63756,0.10517,1.85414
,,,0.1243,2331.90872,0.10526,1.8677
,,,0.1244,2331.90544,0.10536,1.8677
,,,0.1245,2332.17656,0.10545,1.87449
,,,0.1246,2332.17327,0.10554,1.8677
,,,0.1247,2332.5815,0.10564,1.8677
,,,0.1248,2332.57821,0.10573,1.88805
,,,0.1249,2332.71207,0.10582,1.88126
,,,0.125,2332.70879,0.10591,1.8677
,,,0.1251,2332.97976,0.10601,1.88805
,,,0.1252,2332.97648,0.1061,1.8677
,,,0.1253,2333.31598,0.10619,1.86092
,,,0.1254,2333.3127,0.10628,1.8677
,,,0.1255,2333.37793,0.10638,1.85414
,,,0.1256,2333.78582,0.10647,1.8677
,,,0.1257,2333.78254,0.10656,1.85414
,,,0.1258,2333.98484,0.10666,1.8677
,,,0.1259,2333.98156,0.10675,1.86092
,,,0.126,2334.18377,0.10684,1.86092
,,,0.1261,2334.1805,0.10693,1.88126
,,,0.1262,2334.04022,0.10703,1.84736
,,,0.1263,2334.03696,0.10712,1.86092
,,,0.1264,2334.17071,0.10721,1.84736
,,,0.1265,2334.16745,0.10731,1.8677
,,,0.1266,2334.30119,0.1074,1.8677
,,,0.1267,2334.29794,0.10749,1.8677
,,,0.1268,2334.50019,0.10758,1.8677
,,,0.1269,2334.77085,0.10768,1.8677
,,,0.127,2334.7676,0.10777,1.84736
,,,0.1271,2334.76436,0.10786,1.88805
,,,0.1272,2334.76112,0.10796,1.84736
,,,0.1273,2334.68937,0.10805,1.84058
,,,0.1274,2334.68614,0.10814,1.84736
,,,0.1275,2334.61448,0.10823,1.86092
,,,0.1276,2334.61125,0.10833,1.86092
,,,0.1277,2334.40263,0.10842,1.86092
,,,0.1278,2334.39942,0.10851,1.84736
,,,0.1279,2334.05379,0.1086,1.85414
,,,0.128,2334.0506,0.1087,1.85414
,,,0.1281,2334.25287,0.10879,1.84058
,,,0.1282,2334.45518,0.10888,1.84058
,,,0.1283,2334.45199,0.10898,1.8677
,,,0.1284,2334.51732,0.10907,1.8677
,,,0.1285,2334.51414,0.10916,1.8677
,,,0.1286,2334.374,0.10925,1.84736
,,,0.1287,2334.37083,0.10935,1.85414
,,,0.1288,2334.16216,0.10944,1.84736
,,,0.1289,2334.15901,0.10953,1.84058
,,,0.129,2333.9504,0.10963,1.84736
,,,0.1291,2333.94726,0.10972,1.84736
,,,0.1292,2333.87565,0.10981,1.85414
,,,0.1293,2333.94106,0.1099,1.8677
,,,0.1294,2333.93793,0.11,1.86092
,,,0.1295,2333.9348,0.11009,1.8677
,,,0.1296,2333.93168,0.11018,1.84058
,,,0.1297,2333.79155,0.11028,1.84736
,,,0.1298,2333.78844,0.11037,1.84058
,,,0.1299,2333.51128,0.11046,1.84058
,,,0.13,2333.50819,0.11055,1.82023
,,,0.1301,2333.29956,0.11065,1.85414
,,,0.1302,2333.29648,0.11074,1.84058
,,,0.1303,2333.22484,0.11083,1.82023
,,,0.1304,2333.22177,0.11092,1.84736
,,,0.1305,2332.87597,0.11102,1.82701
,,,0.1306,2332.94142,0.11111,1.84058
,,,0.1307,2332.93837,0.1112,1.8338
,,,0.1308,2332.72964,0.1113,1.84736
,,,0.1309,2332.7266,0.11139,1.8677
,,,0.131,2332.44934,0.11148,1.85414
,,,0.1311,2332.44631,0.11157,1.84736
,,,0.1312,2332.37476,0.11167,1.85414
,,,0.1313,2332.37174,0.11176,1.84058
,,,0.1314,2332.09444,0.11185,1.85414
,,,0.1315,2332.09144,0.11195,1.85414
,,,0.1316,2331.60835,0.11204,1.85414
,,,0.1317,2331.60537,0.11213,1.82701
,,,0.1318,2331.32797,0.11222,1.8677
,,,0.1319,2331.05053,0.11232,1.82023
,,,0.132,2331.04757,0.11241,1.86092
,,,0.1321,2330.70142,0.1125,1.82701
,,,0.1322,2330.69848,0.1126,1.84058
,,,0.1323,2330.55826,0.11269,1.84058
,,,0.1324,2330.55533,0.11278,1.82701
,,,0.1325,2330.2778,0.11287,1.82701
,,,0.1326,2330.27488,0.11297,1.84736
,,,0.1327,2330.27197,0.11306,1.82023
,,,0.1328,2330.26906,0.11315,1.84058
,,,0.1329,2330.06021,0.11324,1.80667
,,,0.133,2330.05731,0.11334,1.84736
,,,0.1331,2329.71108,0.11343,1.81345
,,,0.1332,2329.57083,0.11352,1.81345
,,,0.1333,2329.56796,0.11362,1.8338
,,,0.1334,2329.29032,0.11371,1.84058
,,,0.1335,2329.28746,0.1138,1.82023
,,,0.1336,2329.07852,0.11389,1.8338
,,,0.1337,2329.07568,0.11399,1.8338
,,,0.1338,2328.93541,0.11408,1.82023
,,,0.1339,2328.93257,0.11417,1.82023
,,,0.134,2328.79231,0.11427,1.84058
,,,0.1341,2328.78948,0.11436,1.84058
,,,0.1342,2328.3055,0.11445,1.84736
,,,0.1343,2328.3027,0.11454,1.8338
,,,0.1344,2327.68105,0.11464,1.82701
,,,0.1345,2327.47198,0.11473,1.81345
,,,0.1346,2327.4692,0.11482,1.82701
,,,0.1347,2327.05369,0.11492,1.82701
,,,0.1348,2327.05094,0.11501,1.8338
,,,0.1349,2326.97935,0.1151,1.8338
,,,0.135,2326.97659,0.11519,1.84058
,,,0.1351,2326.83624,0.11529,1.8338
,,,0.1352,2326.8335,0.11538,1.8338
,,,0.1353,2326.8996,0.11547,1.84736
,,,0.1354,2326.89687,0.11556,1.84736
,,,0.1355,2326.6189,0.11566,1.84736
,,,0.1356,2326.61618,0.11575,1.84736
,,,0.1357,2326.13164,0.11584,1.86092
,,,0.1358,2325.64696,0.11594,1.82701
,,,0.1359,2325.64427,0.11603,1.81345
,,,0.136,2325.36613,0.11612,1.85414
,,,0.1361,2325.36345,0.11621,1.8338
,,,0.1362,2325.08527,0.11631,1.8338
,,,0.1363,2325.08261,0.1164,1.8338
,,,0.1364,2325.0111,0.11649,1.8338
,,,0.1365,2325.00845,0.11659,1.82701
,,,0.1366,2324.86802,0.11668,1.84058
,,,0.1367,2324.86537,0.11677,1.84058
,,,0.1368,2324.7938,0.11686,1.8338
,,,0.1369,2324.79117,0.11696,1.84058
,,,0.137,2324.7196,0.11705,1.82701
,,,0.1371,2324.30353,0.11714,1.85414
,,,0.1372,2324.30091,0.11724,1.82023
,,,0.1373,2323.88474,0.11733,1.84736
,,,0.1374,2323.88214,0.11742,1.84058
,,,0.1375,2323.5348,0.11751,1.84058
,,,0.1376,2323.53221,0.11761,1.82023
,,,0.1377,2323.32273,0.1177,1.84058
,,,0.1378,2323.32016,0.11779,1.82701
,,,0.1379,2322.83476,0.11788,1.8338
,,,0.138,2322.8322,0.11798,1.8338
,,,0.1381,2322.34666,0.11807,1.85414
,,,0.1382,2322.34412,0.11816,1.84058
,,,0.1383,2321.92744,0.11826,1.84058
,,,0.1384,2321.23447,0.11835,1.84736
,,,0.1385,2321.23197,0.11844,1.8338
,,,0.1386,2320.60782,0.11853,1.85414
,,,0.1387,2320.60534,0.11863,1.8338
,,,0.1388,2320.05004,0.11872,1.84058
,,,0.1389,2320.04757,0.11881,1.85414
,,,0.139,2319.63034,0.11891,1.85414
,,,0.1391,2319.62789,0.119,1.84058
,,,0.1392,2319.27975,0.11909,1.8338
,,,0.1393,2319.27731,0.11918,1.85414
,,,0.1394,2319.06741,0.11928,1.84736
,,,0.1395,2319.06498,0.11937,1.84058
,,,0.1396,2318.6476,0.11946,1.82701
,,,0.1397,2318.09174,0.11956,1.84058
,,,0.1398,2318.08935,0.11965,1.84736
,,,0.1399,2317.67173,0.11974,1.84058
,,,0.14,2317.66935,0.11983,1.84736
,,,0.1401,2317.45929,0.11993,1.82701
,,,0.1402,2317.45692,0.12002,1.85414
,,,0.1403,2317.24684,0.12011,1.82701
,,,0.1404,2317.24448,0.1202,1.84058
,,,0.1405,2316.89589,0.1203,1.85414
,,,0.1406,2316.89354,0.12039,1.85414
,,,0.1407,2316.47559,0.12048,1.86092
,,,0.1408,2316.47326,0.12058,1.86092
,,,0.1409,2315.98596,0.12067,1.84058
,,,0.141,2315.56786,0.12076,1.84736
,,,0.1411,2315.56556,0.12085,1.84736
,,,0.1412,2315.14736,0.12095,1.8338
,,,0.1413,2315.14507,0.12104,1.8338
,,,0.1414,2314.51869,0.12113,1.84736
,,,0.1415,2314.51642,0.12123,1.84058
,,,0.1416,2314.02857,0.12132,1.84058
,,,0.1417,2314.02631,0.12141,1.84736
,,,0.1418,2313.60775,0.1215,1.8677
,,,0.1419,2313.60551,0.1216,1.8677
,,,0.142,2312.9091,0.12169,1.84736
,,,0.1421,2312.90688,0.12178,1.85414
,,,0.1422,2312.14067,0.12188,1.8338
,,,0.1423,2311.58268,0.12197,1.85414
,,,0.1424,2311.58049,0.12206,1.85414
,,,0.1425,2311.3698,0.12215,1.85414
,,,0.1426,2311.36763,0.12225,1.85414
,,,0.1427,2311.08738,0.12234,1.84736
,,,0.1428,2311.08521,0.12243,1.85414
,,,0.1429,2310.59638,0.12252,1.85414
,,,0.143,2310.59423,0.12262,1.85414
,,,0.1431,2310.10525,0.12271,1.86092
,,,0.1432,2310.10312,0.1228,1.84736
,,,0.1433,2309.82275,0.1229,1.85414
,,,0.1434,2309.82063,0.12299,1.8677
,,,0.1435,2309.60976,0.12308,1.8677
,,,0.1436,2309.46842,0.12317,1.86092
,,,0.1437,2309.46631,0.12327,1.88126
,,,0.1438,2309.04659,0.12336,1.84736
,,,0.1439,2309.0445,0.12345,1.8338
,,,0.144,2308.62474,0.12355,1.8677
,,,0.1441,2308.62266,0.12364,1.85414
,,,0.1442,2308.41175,0.12373,1.8677
,,,0.1443,2308.40968,0.12382,1.85414
,,,0.1444,2308.05938,0.12392,1.84736
,,,0.1445,2308.05733,0.12401,1.86092
,,,0.1446,2307.77666,0.1241,1.88126
,,,0.1447,2307.77461,0.1242,1.86092
,,,0.1448,2307.63324,0.12429,1.86092
,,,0.1449,2307.35252,0.12438,1.8677
,,,0.145,2307.35049,0.12447,1.8677
,,,0.1451,2307.06965,0.12457,1.8677
,,,0.1452,2307.06763,0.12466,1.84736
,,,0.1453,2306.78683,0.12475,1.85414
,,,0.1454,2306.78481,0.12484,1.85414
,,,0.1455,2306.43422,0.12494,1.8677
,,,0.1456,2306.43221,0.12503,1.85414
,,,0.1457,2306.2907,0.12512,1.87449
,,,0.1458,2306.28871,0.12522,1.86092
,,,0.1459,2306.21703,0.12531,1.87449
,,,0.146,2306.21504,0.1254,1.8677
,,,0.1461,2306.00382,0.12549,1.8677
,,,0.1462,2306.14131,0.12559,1.87449
,,,0.1463,2306.13933,0.12568,1.84736
,,,0.1464,2306.13735,0.12577,1.8677
,,,0.1465,2306.13538,0.12587,1.88805
,,,0.1466,2306.06364,0.12596,1.8677
,,,0.1467,2306.06167,0.12605,1.86092
,,,0.1468,2306.0597,0.12614,1.88805
,,,0.1469,2306.05774,0.12624,1.87449
,,,0.147,2306.61361,0.12633,1.87449
,,,0.1471,2306.61164,0.12642,1.8677
,,,0.1472,2307.09758,0.12652,1.8677
,,,0.1473,2307.0956,0.12661,1.85414
,,,0.1474,2307.37241,0.1267,1.87449
,,,0.1475,2307.99738,0.12679,1.8677
,,,0.1476,2307.9954,0.12689,1.8677
,,,0.1477,2308.48087,0.12698,1.88126
,,,0.1478,2308.47887,0.12707,1.87449
,,,0.1479,2309.10337,0.12716,1.87449
,,,0.148,2309.10136,0.12726,1.8677
,,,0.1481,2309.44731,0.12735,1.8677
,,,0.1482,2309.44531,0.12744,1.87449
,,,0.1483,2309.51285,0.12754,1.87449
,,,0.1484,2309.51084,0.12763,1.89483
,,,0.1485,2309.71758,0.12772,1.87449
,,,0.1486,2309.71558,0.12781,1.85414
,,,0.1487,2309.8527,0.12791,1.8677
,,,0.1488,2310.05939,0.128,1.84736
,,,0.1489,2310.05739,0.12809,1.85414
,,,0.149,2310.33354,0.12819,1.86092
,,,0.1491,2310.33154,0.12828,1.88126
,,,0.1492,2310.6772,0.12837,1.86092
,,,0.1493,2310.67519,0.12846,1.88126
,,,0.1494,2310.81222,0.12856,1.8677
,,,0.1495,2310.81021,0.12865,1.8677
,,,0.1496,2311.01676,0.12874,1.8677
,,,0.1497,2311.01476,0.12884,1.8677
,,,0.1498,2311.70767,0.12893,1.8677
,,,0.1499,2311.70566,0.12902,1.85414
,,,0.15,2311.91201,0.12911,1.86092
,,,0.1501,2312.32669,0.12921,1.8677
,,,0.1502,2312.32467,0.1293,1.86092
,,,0.1503,2313.01688,0.12939,1.8677
,,,0.1504,2313.01486,0.12948,1.84736
,,,0.1505,2313.35986,0.12958,1.88805
,,,0.1506,2313.35783,0.12967,1.84736
,,,0.1507,2313.70275,0.12976,1.87449
,,,0.1508,2313.70072,0.12986,1.88126
,,,0.1509,2313.97617,0.12995,1.85414
,,,0.151,2313.97413,0.13004,1.8677
,,,0.1511,2314.38829,0.13013,1.87449
,,,0.1512,2314.94096,0.13023,1.84736
,,,0.1513,2314.93891,0.13032,1.86092
,,,0.1514,2315.56063,0.13041,1.8677
,,,0.1515,2315.55858,0.13051,1.8677
,,,0.1516,2315.55653,0.1306,1.82023
,,,0.1517,2315.55448,0.13069,1.85414
,,,0.1518,2315.691,0.13078,1.8677
,,,0.1519,2315.68895,0.13088,1.8677
,,,0.152,2315.89477,0.13097,1.85414
,,,0.1521,2315.89273,0.13106,1.8677
,,,0.1522,2316.09852,0.13116,1.84736
,,,0.1523,2316.09647,0.13125,1.87449
,,,0.1524,2316.23295,0.13134,1.84736
,,,0.1525,2316.43869,0.13143,1.87449
,,,0.1526,2316.43665,0.13153,1.85414
,,,0.1527,2316.64236,0.13162,1.85414
,,,0.1528,2316.64032,0.13171,1.8677
,,,0.1529,2317.12289,0.1318,1.85414
,,,0.153,2317.12084,0.1319,1.85414
,,,0.1531,2317.39562,0.13199,1.84736
,,,0.1532,2317.39357,0.13208,1.8677
,,,0.1533,2317.52992,0.13218,1.84736
,,,0.1534,2317.52787,0.13227,1.8677
,,,0.1535,2317.45659,0.13236,1.84736
,,,0.1536,2317.45454,0.13245,1.86092
,,,0.1537,2317.72927,0.13255,1.85414
,,,0.1538,2317.9348,0.13264,1.86092
,,,0.1539,2317.93276,0.13273,1.87449
,,,0.154,2318.13819,0.13283,1.84058
,,,0.1541,2318.13614,0.13292,1.86092
,,,0.1542,2318.2033,0.13301,1.84736
,,,0.1543,2318.20126,0.1331,1.84736
,,,0.1544,2318.26835,0.1332,1.84736
,,,0.1545,2318.26631,0.13329,1.84058
,,,0.1546,2318.12594,0.13338,1.84736
,,,0.1547,2318.12391,0.13348,1.84736
,,,0.1548,2318.19108,0.13357,1.86092
,,,0.1549,2318.18906,0.13366,1.86092
,,,0.155,2318.18703,0.13375,1.84736
,,,0.1551,2318.2542,0.13385,1.86092
,,,0.1552,2318.25218,0.13394,1.8677
,,,0.1553,2318.18097,0.13403,1.8677
,,,0.1554,2318.17895,0.13412,1.86092
,,,0.1555,2318.03854,0.13422,1.86092
,,,0.1556,2318.03653,0.13431,1.84736
,,,0.1557,2318.10373,0.1344,1.84736
,,,0.1558,2318.10172,0.1345,1.85414
,,,0.1559,2318.23804,0.13459,1.84736
,,,0.156,2318.23604,0.13468,1.8338
,,,0.1561,2318.37235,0.13477,1.84058
,,,0.1562,2318.37035,0.13487,1.84058
,,,0.1563,2318.29916,0.13496,1.85414
,,,0.1564,2318.43547,0.13505,1.84058
,,,0.1565,2318.43348,0.13515,1.8677
,,,0.1566,2318.36237,0.13524,1.86092
,,,0.1567,2318.36038,0.13533,1.85414
,,,0.1568,2318.3584,0.13542,1.84736
,,,0.1569,2318.35641,0.13552,1.84058
,,,0.157,2317.87026,0.13561,1.8338
,,,0.1571,2317.86829,0.1357,1.84736
,,,0.1572,2317.79719,0.1358,1.8338
,,,0.1573,2317.79522,0.13589,1.84058
,,,0.1574,2317.93168,0.13598,1.84058
,,,0.1575,2317.92972,0.13607,1.8338
,,,0.1576,2317.78941,0.13617,1.84736
,,,0.1577,2317.78746,0.13626,1.84736
,,,0.1578,2317.78551,0.13635,1.82023
,,,0.1579,2317.8527,0.13644,1.84058
,,,0.158,2317.85075,0.13654,1.84058
,,,0.1581,2317.77967,0.13663,1.84058
,,,0.1582,2317.77773,0.13672,1.84058
,,,0.1583,2317.42984,0.13682,1.86092
,,,0.1584,2317.42791,0.13691,1.86092
,,,0.1585,2317.28759,0.137,1.84058
,,,0.1586,2317.28567,0.13709,1.84736
,,,0.1587,2317.28375,0.13719,1.85414
,,,0.1588,2317.28183,0.13728,1.85414
,,,0.1589,2316.8646,0.13737,1.86092
,,,0.159,2316.93195,0.13747,1.8338
,,,0.1591,2316.93005,0.13756,1.84736
,,,0.1592,2316.92814,0.13765,1.8677
,,,0.1593,2316.92624,0.13774,1.85414
,,,0.1594,2316.71673,0.13784,1.82701
,,,0.1595,2316.71484,0.13793,1.84058
,,,0.1596,2316.71295,0.13802,1.82701
,,,0.1597,2316.71107,0.13812,1.8338
,,,0.1598,2316.98605,0.13821,1.84058
,,,0.1599,2316.98416,0.1383,1.85414
,,,0.16,2316.84385,0.13839,1.84058
,,,0.1601,2316.84197,0.13849,1.85414
,,,0.1602,2316.84009,0.13858,1.84058
,,,0.1603,2317.04588,0.13867,1.84058
,,,0.1604,2317.04401,0.13876,1.8338
,,,0.1605,2316.76528,0.13886,1.81345
,,,0.1606,2316.76342,0.13895,1.86092
,,,0.1607,2316.83081,0.13904,1.8338
,,,0.1608,2316.82894,0.13914,1.82701
,,,0.1609,2316.96557,0.13923,1.8338
,,,0.161,2316.96371,0.13932,1.8338
,,,0.1611,2317.10026,0.13941,1.85414
,,,0.1612,2317.0984,0.13951,1.82701
,,,0.1613,2317.09654,0.1396,1.85414
,,,0.1614,2317.09469,0.13969,1.84736
,,,0.1615,2317.09283,0.13979,1.86092
,,,0.1616,2317.57535,0.13988,1.8338
,,,0.1617,2317.57349,0.13997,1.84058
,,,0.1618,2317.57163,0.14006,1.82701
,,,0.1619,2317.56978,0.14016,1.82023
,,,0.162,2317.36034,0.14025,1.84058
,,,0.1621,2317.35849,0.14034,1.82701
,,,0.1622,2317.28749,0.14044,1.8338
,,,0.1623,2317.28565,0.14053,1.84736
,,,0.1624,2317.21459,0.14062,1.84058
,,,0.1625,2317.21275,0.14071,1.82701
,,,0.1626,2317.34937,0.14081,1.82023
,,,0.1627,2317.34754,0.1409,1.84736
,,,0.1628,2317.27655,0.14099,1.84058
,,,0.1629,2317.27473,0.14108,1.8338
,,,0.163,2317.2729,0.14118,1.82023
,,,0.1631,2317.47867,0.14127,1.84058
,,,0.1632,2317.47685,0.14136,1.7931
,,,0.1633,2317.54424,0.14146,1.84058
,,,0.1634,2317.54242,0.14155,1.80667
,,,0.1635,2317.67895,0.14164,1.81345
,,,0.1636,2317.67713,0.14173,1.8338
,,,0.1637,2318.02116,0.14183,1.8338
,,,0.1638,2318.01934,0.14192,1.82023
,,,0.1639,2318.22501,0.14201,1.82701
,,,0.164,2318.22319,0.14211,1.85414
,,,0.1641,2318.15218,0.1422,1.82701
,,,0.1642,2318.28866,0.14229,1.81345
,,,0.1643,2318.28684,0.14238,1.7931
,,,0.1644,2318.3542,0.14248,1.84736
,,,0.1645,2318.35239,0.14257,1.79989
,,,0.1646,2318.35057,0.14266,1.82023
,,,0.1647,2318.34876,0.14276,1.82023
,,,0.1648,2318.41613,0.14285,1.82023
,,,0.1649,2318.41432,0.14294,1.7931
,,,0.165,2318.34341,0.14303,1.8338
,,,0.1651,2318.34161,0.14313,1.80667
,,,0.1652,2318.13234,0.14322,1.79989
,,,0.1653,2318.13055,0.14331,1.80667
,,,0.1654,2318.12876,0.1434,1.81345
,,,0.1655,2317.91948,0.1435,1.80667
,,,0.1656,2317.91769,0.14359,1.82023
,,,0.1657,2317.77759,0.14368,1.81345
,,,0.1658,2317.77582,0.14378,1.81345
,,,0.1659,2317.70491,0.14387,1.82023
,,,0.166,2317.70314,0.14396,1.82023
,,,0.1661,2317.9089,0.14405,1.81345
,,,0.1662,2317.90713,0.14415,1.8338
,,,0.1663,2318.11278,0.14424,1.81345
,,,0.1664,2318.11101,0.14433,1.82701
,,,0.1665,2318.31664,0.14443,1.81345
,,,0.1666,2318.31487,0.14452,1.79989
,,,0.1667,2318.65879,0.14461,1.82023
,,,0.1668,2318.65701,0.1447,1.80667
,,,0.1669,2318.65524,0.1448,1.82701
,,,0.167,2318.65347,0.14489,1.81345
,,,0.1671,2318.65171,0.14498,1.80667
,,,0.1672,2318.71903,0.14508,1.7931
,,,0.1673,2318.71727,0.14517,1.7931
,,,0.1674,2318.78466,0.14526,1.82023
,,,0.1675,2318.7829,0.14535,1.79989
,,,0.1676,2318.91936,0.14545,1.82023
,,,0.1677,2318.9176,0.14554,1.79989
,,,0.1678,2318.63939,0.14563,1.81345
,,,0.1679,2318.63764,0.14572,1.79989
,,,0.168,2318.63589,0.14582,1.80667
,,,0.1681,2318.7033,0.14591,1.79989
,,,0.1682,2318.70156,0.146,1.82023
,,,0.1683,2318.76897,0.1461,1.7931
,,,0.1684,2318.76722,0.14619,1.81345
,,,0.1685,2318.48893,0.14628,1.81345
,,,0.1686,2318.4872,0.14637,1.82023
,,,0.1687,2318.4163,0.14647,1.7931
,,,0.1688,2318.41458,0.14656,1.81345
,,,0.1689,2318.13631,0.14665,1.77276
,,,0.169,2318.13459,0.14675,1.81345
,,,0.1691,2317.99459,0.14684,1.79989
,,,0.1692,2317.99288,0.14693,1.81345
,,,0.1693,2317.99117,0.14702,1.82023
,,,0.1694,2317.71277,0.14712,1.82023
,,,0.1695,2317.71107,0.14721,1.80667
,,,0.1696,2317.50184,0.1473,1.80667
,,,0.1697,2317.50015,0.1474,1.80667
,,,0.1698,2317.49847,0.14749,1.82701
,,,0.1699,2317.49678,0.14758,1.80667
,,,0.17,2317.28754,0.14767,1.81345
,,,0.1701,2317.28586,0.14777,1.81345
,,,0.1702,2317.14582,0.14786,1.81345
,,,0.1703,2317.14415,0.14795,1.7931
,,,0.1704,2317.35006,0.14804,1.80667
,,,0.1705,2317.34839,0.14814,1.82023
,,,0.1706,2317.90003,0.14823,1.7931
,,,0.1707,2317.34497,0.14832,1.7931
,,,0.1708,2317.3433,0.14842,1.80667
,,,0.1709,2316.99568,0.14851,1.81345
,,,0.171,2316.99403,0.1486,1.81345
,,,0.1711,2317.0616,0.14869,1.8338
,,,0.1712,2317.05995,0.14879,1.82023
,,,0.1713,2316.98908,0.14888,1.82701
,,,0.1714,2316.98743,0.14897,1.82023
,,,0.1715,2316.8474,0.14907,1.81345
,,,0.1716,2316.84576,0.14916,1.84058
,,,0.1717,2316.91328,0.14925,1.80667
,,,0.1718,2316.91164,0.14934,1.79989
,,,0.1719,2316.84078,0.14944,1.79989
,,,0.172,2317.04676,0.14953,1.84058
,,,0.1721,2317.04512,0.14962,1.82023
,,,0.1722,2316.83588,0.14972,1.82023
,,,0.1723,2316.83425,0.14981,1.79989
,,,0.1724,2317.04017,0.1499,1.84736
,,,0.1725,2317.03854,0.14999,1.81345
,,,0.1726,2317.10614,0.15009,1.84058
,,,0.1727,2317.10452,0.15018,1.82023
,,,0.1728,2316.96445,0.15027,1.82023
,,,0.1729,2316.96283,0.15036,1.8338
,,,0.173,2317.03037,0.15046,1.86092
,,,0.1731,2317.02876,0.15055,1.82023
,,,0.1732,2317.23473,0.15064,1.84736
,,,0.1733,2317.02553,0.15074,1.82701
,,,0.1734,2317.02392,0.15083,1.84058
,,,0.1735,2317.09153,0.15092,1.8338
,,,0.1736,2317.08993,0.15101,1.84058
,,,0.1737,2317.22676,0.15111,1.82023
,,,0.1738,2317.22515,0.1512,1.8338
,,,0.1739,2317.01596,0.15129,1.82701
,,,0.174,2317.01437,0.15139,1.84058
,,,0.1741,2317.08192,0.15148,1.84736
,,,0.1742,2317.08033,0.15157,1.8338
,,,0.1743,2316.94036,0.15166,1.84736
,,,0.1744,2316.93877,0.15176,1.84058
,,,0.1745,2316.93718,0.15185,1.84736
,,,0.1746,2317.00482,0.15194,1.84058
,,,0.1747,2317.00324,0.15204,1.85414
,,,0.1748,2317.00166,0.15213,1.82701
,,,0.1749,2317.00008,0.15222,1.85414
,,,0.175,2316.58325,0.15231,1.8677
,,,0.1751,2316.58168,0.15241,1.8677
,,,0.1752,2316.58012,0.1525,1.84736
,,,0.1753,2316.57855,0.15259,1.84058
,,,0.1754,2316.30014,0.15268,1.84736
,,,0.1755,2316.29859,0.15278,1.82023
,,,0.1756,2316.02014,0.15287,1.82023
,,,0.1757,2315.94932,0.15296,1.84058
,,,0.1758,2315.94778,0.15306,1.84736
,,,0.1759,2315.87697,0.15315,1.82701
,,,0.176,2315.87543,0.15324,1.8338
,,,0.1761,2315.66613,0.15333,1.8338
,,,0.1762,2315.6646,0.15343,1.85414
,,,0.1763,2315.38607,0.15352,1.84058
,,,0.1764,2315.38454,0.15361,1.82701
,,,0.1765,2315.52153,0.15371,1.85414
,,,0.1766,2315.52001,0.1538,1.84058
,,,0.1767,2315.31069,0.15389,1.84058
,,,0.1768,2315.30917,0.15398,1.86092
,,,0.1769,2315.5154,0.15408,1.82701
,,,0.177,2315.51388,0.15417,1.8338
,,,0.1771,2315.51237,0.15426,1.86092
,,,0.1772,2315.44157,0.15436,1.86092
,,,0.1773,2315.44006,0.15445,1.82023
,,,0.1774,2315.16144,0.15454,1.86092
,,,0.1775,2315.15995,0.15463,1.84058
,,,0.1776,2315.01991,0.15473,1.84736
,,,0.1777,2315.01842,0.15482,1.8677
,,,0.1778,2314.67048,0.15491,1.8338
,,,0.1779,2314.669,0.155,1.8338
,,,0.178,2314.5982,0.1551,1.8338
,,,0.1781,2314.59672,0.15519,1.82701
,,,0.1782,2314.6645,0.15528,1.84058
,,,0.1783,2314.45511,0.15538,1.84058
,,,0.1784,2314.45364,0.15547,1.82701
,,,0.1785,2314.3829,0.15556,1.8338
,,,0.1786,2314.38144,0.15565,1.84058
,,,0.1787,2314.44924,0.15575,1.82701
,,,0.1788,2314.44778,0.15584,1.8338
,,,0.1789,2314.30771,0.15593,1.86092
,,,0.179,2314.30626,0.15603,1.84058
,,,0.1791,2314.3048,0.15612,1.82023
,,,0.1792,2314.30335,0.15621,1.8338
,,,0.1793,2314.23256,0.1563,1.82023
,,,0.1794,2314.23111,0.1564,1.8338
,,,0.1795,2313.95234,0.15649,1.82701
,,,0.1796,2313.32685,0.15658,1.8338
,,,0.1797,2313.32543,0.15668,1.82701
,,,0.1798,2313.324,0.15677,1.84058
,,,0.1799,2313.32258,0.15686,1.82701
,,,0.18,2313.25184,0.15695,1.8338
,,,0.1801,2313.25043,0.15705,1.81345
,,,0.1802,2313.31839,0.15714,1.84736
,,,0.1803,2313.31698,0.15723,1.84058
,,,0.1804,2313.17686,0.15732,1.84058
,,,0.1805,2313.17545,0.15742,1.84058
,,,0.1806,2313.24343,0.15751,1.84058
,,,0.1807,2313.24202,0.1576,1.84058
,,,0.1808,2313.03251,0.1577,1.8338
,,,0.1809,2312.96171,0.15779,1.84736
,,,0.181,2312.96031,0.15788,1.82023
,,,0.1811,2312.54261,0.15797,1.82023
,,,0.1812,2312.54122,0.15807,1.82701
,,,0.1813,2312.47048,0.15816,1.84058
,,,0.1814,2312.4691,0.15825,1.82701
,,,0.1815,2311.91253,0.15835,1.82701
,,,0.1816,2311.91116,0.15844,1.82023
,,,0.1817,2311.84035,0.15853,1.82023
,,,0.1818,2311.83898,0.15862,1.82023
,,,0.1819,2311.6294,0.15872,1.82701
,,,0.182,2311.62804,0.15881,1.82023
,,,0.1821,2311.21009,0.1589,1.80667
,,,0.1822,2310.93087,0.159,1.84058
,,,0.1823,2310.92953,0.15909,1.79989
,,,0.1824,2311.06717,0.15918,1.84058
,,,0.1825,2311.06583,0.15927,1.82701
,,,0.1826,2310.7866,0.15937,1.84736
,,,0.1827,2310.78526,0.15946,1.8338
,,,0.1828,2310.64493,0.15955,1.8338
,,,0.1829,2310.64361,0.15964,1.82701
,,,0.183,2310.85071,0.15974,1.8338
,,,0.1831,2310.84938,0.15983,1.82023
,,,0.1832,2310.91755,0.15992,1.8338
,,,0.1833,2310.91622,0.16002,1.82023
,,,0.1834,2310.63705,0.16011,1.84058
,,,0.1835,2310.49679,0.1602,1.82701
,,,0.1836,2310.49548,0.16029,1.8338
,,,0.1837,2310.0772,0.16039,1.84058
,,,0.1838,2310.0759,0.16048,1.84058
,,,0.1839,2309.86607,0.16057,1.86092
,,,0.184,2309.86477,0.16067,1.84736
,,,0.1841,2310.14153,0.16076,1.84058
,,,0.1842,2310.14023,0.16085,1.84736
,,,0.1843,2309.93042,0.16094,1.86092
,,,0.1844,2309.92913,0.16104,1.84058
,,,0.1845,2309.92784,0.16113,1.84736
,,,0.1846,2309.92655,0.16122,1.84736
,,,0.1847,2309.92526,0.16132,1.85414
,,,0.1848,2309.50693,0.16141,1.82701
,,,0.1849,2309.50565,0.1615,1.82023
,,,0.185,2309.36533,0.16159,1.82023
,,,0.1851,2309.36406,0.16169,1.8338
,,,0.1852,2309.15424,0.16178,1.8338
,,,0.1853,2309.15298,0.16187,1.8338
,,,0.1854,2309.08214,0.16196,1.8338
,,,0.1855,2309.08088,0.16206,1.82701
,,,0.1856,2309.01012,0.16215,1.82023
,,,0.1857,2309.00887,0.16224,1.82701
,,,0.1858,2308.93811,0.16234,1.8338
,,,0.1859,2308.93685,0.16243,1.84058
,,,0.186,2308.9356,0.16252,1.84058
,,,0.1861,2308.93435,0.16261,1.8338
,,,0.1862,2308.93311,0.16271,1.84736
,,,0.1863,2308.86228,0.1628,1.82023
,,,0.1864,2308.86104,0.16289,1.84058
,,,0.1865,2308.92937,0.16299,1.82701
,,,0.1866,2308.92813,0.16308,1.8338
,,,0.1867,2309.34416,0.16317,1.82701
,,,0.1868,2309.34291,0.16326,1.85414
,,,0.1869,2309.75882,0.16336,1.82023
,,,0.187,2309.75757,0.16345,1.82701
,,,0.1871,2309.89539,0.16354,1.82701
,,,0.1872,2309.89414,0.16364,1.84736
,,,0.1873,2309.75389,0.16373,1.84058
,,,0.1874,2309.89164,0.16382,1.84058
,,,0.1875,2309.8904,0.16391,1.84736
,,,0.1876,2309.95861,0.16401,1.85414
,,,0.1877,2309.95737,0.1641,1.8338
,,,0.1878,2309.88666,0.16419,1.8338
,,,0.1879,2309.88542,0.16428,1.85414
,,,0.188,2309.81465,0.16438,1.84058
,,,0.1881,2309.81341,0.16447,1.82701
,,,0.1882,2309.74264,0.16456,1.85414
,,,0.1883,2309.7414,0.16466,1.8338
,,,0.1884,2309.53168,0.16475,1.84058
,,,0.1885,2309.53046,0.16484,1.84736
,,,0.1886,2309.45975,0.16493,1.82701
,,,0.1887,2309.45853,0.16503,1.8338
,,,0.1888,2309.45731,0.16512,1.84058
,,,0.1889,2309.45609,0.16521,1.82701
,,,0.189,2309.45487,0.16531,1.84058
,,,0.1891,2309.73169,0.1654,1.8338
,,,0.1892,2309.73047,0.16549,1.82023
,,,0.1893,2309.79872,0.16558,1.84058
,,,0.1894,2309.7975,0.16568,1.82701
,,,0.1895,2310.0048,0.16577,1.82701
,,,0.1896,2310.00358,0.16586,1.84058
,,,0.1897,2309.8633,0.16596,1.82701
,,,0.1898,2309.86209,0.16605,1.86092
,,,0.1899,2309.93041,0.16614,1.86092
,,,0.19,2309.99872,0.16623,1.84058
,,,0.1901,2309.99751,0.16633,1.84058
,,,0.1902,2310.34374,0.16642,1.85414
,,,0.1903,2310.34252,0.16651,1.82023
,,,0.1904,2310.48025,0.1666,1.86092
,,,0.1905,2310.47903,0.1667,1.8338
,,,0.1906,2310.82515,0.16679,1.84058
,,,0.1907,2310.82393,0.16688,1.84058
,,,0.1908,2311.16996,0.16698,1.84058
,,,0.1909,2311.16874,0.16707,1.8338
,,,0.191,2311.65352,0.16716,1.84736
,,,0.1911,2311.65229,0.16725,1.8338
,,,0.1912,2312.20626,0.16735,1.82701
,,,0.1913,2312.69069,0.16744,1.82701
,,,0.1914,2312.68944,0.16753,1.8338
,,,0.1915,2312.6882,0.16763,1.84058
,,,0.1916,2312.68696,0.16772,1.84058
,,,0.1917,2313.17123,0.16781,1.8338
,,,0.1918,2313.16998,0.1679,1.8338
,,,0.1919,2313.30749,0.168,1.82023
,,,0.192,2313.30624,0.16809,1.84058
,,,0.1921,2313.09694,0.16818,1.8338
,,,0.1922,2313.0957,0.16828,1.84058
,,,0.1923,2312.88637,0.16837,1.84736
,,,0.1924,2312.88514,0.16846,1.84058
,,,0.1925,2313.23068,0.16855,1.82701
,,,0.1926,2313.29881,0.16865,1.82701
,,,0.1927,2313.29758,0.16874,1.84058
,,,0.1928,2313.78165,0.16883,1.84058
,,,0.1929,2313.78041,0.16892,1.82701
,,,0.193,2313.91779,0.16902,1.84736
,,,0.1931,2313.91654,0.16911,1.82023
,,,0.1932,2313.77661,0.1692,1.82701
,,,0.1933,2313.77538,0.1693,1.8338
,,,0.1934,2313.9821,0.16939,1.8338
,,,0.1935,2313.98086,0.16948,1.8338
,,,0.1936,2314.18756,0.16957,1.82023
,,,0.1937,2314.18632,0.16967,1.84058
,,,0.1938,2314.46223,0.16976,1.84058
,,,0.1939,2314.87662,0.16985,1.84058
,,,0.194,2314.87537,0.16995,1.8338
,,,0.1941,2315.49739,0.17004,1.84058
,,,0.1942,2315.49614,0.17013,1.8338
,,,0.1943,2315.91022,0.17022,1.8338
,,,0.1944,2315.90896,0.17032,1.82701
,,,0.1945,2316.46139,0.17041,1.84736
,,,0.1946,2316.46012,0.1705,1.82701
,,,0.1947,2316.59723,0.1706,1.84058
,,,0.1948,2316.59596,0.17069,1.82701
,,,0.1949,2316.73305,0.17078,1.85414
,,,0.195,2316.73179,0.17087,1.8338
,,,0.1951,2317.14559,0.17097,1.85414
,,,0.1952,2317.21351,0.17106,1.82701
,,,0.1953,2317.21224,0.17115,1.86092
,,,0.1954,2317.28016,0.17124,1.82023
,,,0.1955,2317.27889,0.17134,1.82701
,,,0.1956,2317.69247,0.17143,1.84736
,,,0.1957,2317.6912,0.17152,1.84058
,,,0.1958,2317.4133,0.17162,1.8338
,,,0.1959,2317.41204,0.17171,1.84058
,,,0.196,2317.27241,0.1718,1.8338
,,,0.1961,2317.27115,0.17189,1.82701
,,,0.1962,2317.26989,0.17199,1.82023
,,,0.1963,2317.26864,0.17208,1.84058
,,,0.1964,2317.61313,0.17217,1.84058
,,,0.1965,2317.81929,0.17227,1.79989
,,,0.1966,2317.81803,0.17236,1.79989
,,,0.1967,2317.88593,0.17245,1.82023
,,,0.1968,2317.88467,0.17254,1.8338
,,,0.1969,2318.15987,0.17264,1.8338
,,,0.197,2318.1586,0.17273,1.86092
,,,0.1971,2318.57201,0.17282,1.84736
,,,0.1972,2318.57074,0.17292,1.84736
,,,0.1973,2318.98403,0.17301,1.82023
,,,0.1974,2318.98276,0.1731,1.82023
,,,0.1975,2319.25774,0.17319,1.82701
,,,0.1976,2319.60176,0.17329,1.84058
,,,0.1977,2319.60048,0.17338,1.82701
,,,0.1978,2319.66828,0.17347,1.82023
,,,0.1979,2319.667,0.17356,1.81345
,,,0.198,2320.07997,0.17366,1.8338
,,,0.1981,2320.07869,0.17375,1.8338
,,,0.1982,2320.07741,0.17384,1.82023
,,,0.1983,2320.07613,0.17394,1.82023
,,,0.1984,2319.93681,0.17403,1.81345
,,,0.1985,2319.93553,0.17412,1.81345
,,,0.1986,2320.00325,0.17421,1.82023
,,,0.1987,2320.00198,0.17431,1.82701
,,,0.1988,2320.06977,0.1744,1.82023
,,,0.1989,2320.0685,0.17449,1.81345
,,,0.199,2320.06723,0.17459,1.84058
,,,0.1991,2320.13502,0.17468,1.82701
,,,0.1992,2320.13375,0.17477,1.86092
,,,0.1993,2320.06351,0.17486,1.84736
,,,0.1994,2320.06224,0.17496,1.84736
,,,0.1995,2320.47504,0.17505,1.88126
,,,0.1996,2320.47378,0.17514,1.85414
,,,0.1997,2320.40348,0.17524,1.80667
,,,0.1998,2320.40221,0.17533,1.85414
,,,0.1999,2320.26294,0.17542,1.80667
,,,0.2,2320.26168,0.17551,1.84736
,,,0.2001,2320.19138,0.17561,1.82701
,,,0.2002,2319.70693,0.1757,1.84736
,,,0.2003,2319.70569,0.17579,1.82701
,,,0.2004,2319.42828,0.17588,1.8338
,,,0.2005,2319.42705,0.17598,1.82701
,,,0.2006,2319.21863,0.17607,1.84058
,,,0.2007,2319.2174,0.17616,1.84058
,,,0.2008,2319.00903,0.17626,1.84058
,,,0.2009,2319.00781,0.17635,1.82701
,,,0.201,2319.00659,0.17644,1.84058
,,,0.2011,2319.00537,0.17653,1.84736
,,,0.2012,2319.00416,0.17663,1.84058
,,,0.2013,2319.00294,0.17672,1.82023
,,,0.2014,2319.20895,0.17681,1.82701
,,,0.2015,2319.34584,0.17691,1.85414
,,,0.2016,2319.34462,0.177,1.82701
,,,0.2017,2319.20523,0.17709,1.82701
,,,0.2018,2319.20402,0.17718,1.81345
,,,0.2019,2318.92656,0.17728,1.82023
,,,0.202,2318.92536,0.17737,1.82023
,,,0.2021,2319.13139,0.17746,1.85414
,,,0.2022,2319.13018,0.17756,1.84736
,,,0.2023,2319.12898,0.17765,1.84736
,,,0.2024,2319.12778,0.17774,1.84058
,,,0.2025,2319.19568,0.17783,1.82023
,,,0.2026,2319.19448,0.17793,1.82701
,,,0.2027,2318.91696,0.17802,1.8338
,,,0.2028,2318.77763,0.17811,1.84058
,,,0.2029,2318.77644,0.1782,1.8338
,,,0.203,2318.56805,0.1783,1.8677
,,,0.2031,2318.56687,0.17839,1.81345
,,,0.2032,2318.15114,0.17848,1.8338
,,,0.2033,2318.14997,0.17858,1.84058
,,,0.2034,2317.94144,0.17867,1.8338
,,,0.2035,2317.94028,0.17876,1.82701
,,,0.2036,2317.52432,0.17885,1.84058
,,,0.2037,2317.52316,0.17895,1.84058
,,,0.2038,2317.45284,0.17904,1.84736
,,,0.2039,2317.45169,0.17913,1.84736
,,,0.204,2317.51971,0.17923,1.8338
,,,0.2041,2317.4494,0.17932,1.8338
,,,0.2042,2317.44825,0.17941,1.8338
,,,0.2043,2317.37794,0.1795,1.80667
,,,0.2044,2317.3768,0.1796,1.84736
,,,0.2045,2317.44483,0.17969,1.84058
,,,0.2046,2317.44369,0.17978,1.84058
,,,0.2047,2317.16599,0.17988,1.82701
,,,0.2048,2317.16486,0.17997,1.84736
,,,0.2049,2317.23291,0.18006,1.82701
,,,0.205,2317.23178,0.18015,1.8338
,,,0.2051,2317.29983,0.18025,1.85414
,,,0.2052,2317.2987,0.18034,1.8338
,,,0.2053,2317.43584,0.18043,1.82023
,,,0.2054,2317.43471,0.18052,1.82023
,,,0.2055,2317.43359,0.18062,1.82023
,,,0.2056,2317.22501,0.18071,1.82023
,,,0.2057,2317.22389,0.1808,1.81345
,,,0.2058,2317.36105,0.1809,1.82701
,,,0.2059,2317.35993,0.18099,1.84058
,,,0.206,2317.28971,0.18108,1.82023
,,,0.2061,2317.28859,0.18117,1.82023
,,,0.2062,2317.08001,0.18127,1.82023
,,,0.2063,2317.0789,0.18136,1.82023
,,,0.2064,2317.07779,0.18145,1.8338
,,,0.2065,2317.07668,0.18155,1.82023
,,,0.2066,2317.07557,0.18164,1.84058
,,,0.2067,2316.65945,0.18173,1.82701
,,,0.2068,2316.65836,0.18182,1.82023
,,,0.2069,2316.65726,0.18192,1.82023
,,,0.207,2316.65617,0.18201,1.81345
,,,0.2071,2316.7242,0.1821,1.80667
,,,0.2072,2316.72311,0.1822,1.82023
,,,0.2073,2316.79122,0.18229,1.7931
,,,0.2074,2316.79013,0.18238,1.82701
,,,0.2075,2316.85823,0.18247,1.82023
,,,0.2076,2316.85714,0.18257,1.80667
,,,0.2077,2316.85605,0.18266,1.82023
,,,0.2078,2316.85496,0.18275,1.81345
,,,0.2079,2316.92307,0.18284,1.81345
,,,0.208,2316.92198,0.18294,1.82023
,,,0.2081,2316.9209,0.18303,1.81345
,,,0.2082,2316.91982,0.18312,1.82023
,,,0.2083,2316.91873,0.18322,1.82023
,,,0.2084,2316.64094,0.18331,1.82023
,,,0.2085,2316.63987,0.1834,1.81345
,,,0.2086,2316.43131,0.18349,1.82023
,,,0.2087,2316.43025,0.18359,1.81345
,,,0.2088,2316.56752,0.18368,1.8338
,,,0.2089,2316.56646,0.18377,1.82023
,,,0.209,2316.56539,0.18387,1.79989
,,,0.2091,2316.56432,0.18396,1.82023
,,,0.2092,2316.42491,0.18405,1.80667
,,,0.2093,2316.7006,0.18414,1.82023
,,,0.2094,2316.69954,0.18424,1.80667
,,,0.2095,2316.69847,0.18433,1.80667
,,,0.2096,2316.69741,0.18442,1.79989
,,,0.2097,2317.18045,0.18452,1.79989
,,,0.2098,2317.17938,0.18461,1.82023
,,,0.2099,2317.24742,0.1847,1.8338
,,,0.21,2317.24635,0.18479,1.81345
,,,0.2101,2317.45265,0.18489,1.81345
,,,0.2102,2317.45158,0.18498,1.80667
,,,0.2103,2317.58876,0.18507,1.8338
,,,0.2104,2317.5877,0.18516,1.82023
,,,0.2105,2317.58663,0.18526,1.82023
,,,0.2106,2317.58556,0.18535,1.80667
,,,0.2107,2317.5845,0.18544,1.82023
,,,0.2108,2317.79082,0.18554,1.82023
,,,0.2109,2317.78976,0.18563,1.80667
,,,0.211,2317.85784,0.18572,1.82701
,,,0.2111,2317.85677,0.18581,1.81345
,,,0.2112,2317.78657,0.18591,1.82023
,,,0.2113,2317.78551,0.186,1.79989
,,,0.2114,2317.85359,0.18609,1.82023
,,,0.2115,2317.85253,0.18619,1.82023
,,,0.2116,2317.71325,0.18628,1.80667
,,,0.2117,2317.7122,0.18637,1.79989
,,,0.2118,2317.91851,0.18646,1.84058
,,,0.2119,2317.9866,0.18656,1.81345
,,,0.212,2317.98554,0.18665,1.82023
,,,0.2121,2318.05355,0.18674,1.82023
,,,0.2122,2318.0525,0.18684,1.81345
,,,0.2123,2318.05145,0.18693,1.8338
,,,0.2124,2318.05039,0.18702,1.8338
,,,0.2125,2318.25666,0.18711,1.80667
,,,0.2126,2318.25561,0.18721,1.82023
,,,0.2127,2318.32368,0.1873,1.82023
,,,0.2128,2318.32263,0.18739,1.82023
,,,0.2129,2318.3907,0.18748,1.8338
,,,0.213,2318.38965,0.18758,1.82023
,,,0.2131,2318.31948,0.18767,1.84736
,,,0.2132,2317.97293,0.18776,1.82023
,,,0.2133,2317.97189,0.18786,1.79989
,,,0.2134,2318.38548,0.18795,1.81345
,,,0.2135,2318.38444,0.18804,1.82701
,,,0.2136,2318.24515,0.18813,1.82023
,,,0.2137,2318.24411,0.18823,1.80667
,,,0.2138,2318.5194,0.18832,1.82701
,,,0.2139,2318.51836,0.18841,1.81345
,,,0.214,2318.51732,0.18851,1.81345
,,,0.2141,2318.51628,0.1886,1.8338
,,,0.2142,2318.58436,0.18869,1.81345
,,,0.2143,2318.58332,0.18878,1.82023
,,,0.2144,2318.51317,0.18888,1.82023
,,,0.2145,2318.51214,0.18897,1.82701
,,,0.2146,2318.51111,0.18906,1.84058
,,,0.2147,2318.44096,0.18916,1.82701
,,,0.2148,2318.43994,0.18925,1.8338
,,,0.2149,2318.64617,0.18934,1.81345
,,,0.215,2318.64514,0.18943,1.82023
,,,0.2151,2318.78224,0.18953,1.80667
,,,0.2152,2318.78121,0.18962,1.85414
,,,0.2153,2318.84928,0.18971,1.79989
,,,0.2154,2318.84825,0.1898,1.82701
,,,0.2155,2318.63999,0.1899,1.80667
,,,0.2156,2318.63897,0.18999,1.82023
,,,0.2157,2318.56884,0.19008,1.8338
,,,0.2158,2318.91318,0.19018,1.82701
,,,0.2159,2318.91216,0.19027,1.81345
,,,0.216,2319.04924,0.19036,1.80667
,,,0.2161,2319.04822,0.19045,1.82023
,,,0.2162,2318.97818,0.19055,1.79989
,,,0.2163,2318.97716,0.19064,1.82023
,,,0.2164,2318.97614,0.19073,1.82701
,,,0.2165,2318.97512,0.19083,1.82023
,,,0.2166,2318.97411,0.19092,1.82023
,,,0.2167,2318.97309,0.19101,1.82701
,,,0.2168,2319.11018,0.1911,1.84058
,,,0.2169,2319.10916,0.1912,1.84736
,,,0.217,2319.31524,0.19129,1.80667
,,,0.2171,2319.6594,0.19138,1.8338
,,,0.2172,2319.65838,0.19148,1.82701
,,,0.2173,2319.7954,0.19157,1.8338
,,,0.2174,2319.79438,0.19166,1.82023
,,,0.2175,2320.20746,0.19175,1.80667
,,,0.2176,2320.20643,0.19185,1.82023
,,,0.2177,2320.20541,0.19194,1.82701
,,,0.2178,2320.20438,0.19203,1.82023
,,,0.2179,2320.41037,0.19212,1.82023
,,,0.218,2320.40935,0.19222,1.82023
,,,0.2181,2320.40832,0.19231,1.81345
,,,0.2182,2320.4073,0.1924,1.79989
,,,0.2183,2320.82014,0.1925,1.80667
,,,0.2184,2320.75011,0.19259,1.81345
,,,0.2185,2320.74908,0.19268,1.80667
,,,0.2186,2321.02392,0.19277,1.82023
,,,0.2187,2321.02289,0.19287,1.79989
,,,0.2188,2320.81494,0.19296,1.80667
,,,0.2189,2320.81392,0.19305,1.81345
,,,0.219,2320.60595,0.19315,1.79989
,,,0.2191,2320.60493,0.19324,1.82023
,,,0.2192,2320.60392,0.19333,1.82701
,,,0.2193,2320.60291,0.19342,1.80667
,,,0.2194,2320.87778,0.19352,1.84058
,,,0.2195,2320.87676,0.19361,1.82701
,,,0.2196,2320.94467,0.1937,1.82023
,,,0.2197,2321.15049,0.1938,1.84058
,,,0.2198,2321.14948,0.19389,1.82701
,,,0.2199,2321.14846,0.19398,1.8338
,,,0.22,2321.14745,0.19407,1.84736
,,,0.2201,2321.28433,0.19417,1.82023
,,,0.2202,2321.28332,0.19426,1.79989
,,,0.2203,2321.55806,0.19435,1.82701
,,,0.2204,2321.55704,0.19444,1.84736
,,,0.2205,2321.76285,0.19454,1.82701
,,,0.2206,2321.76183,0.19463,1.82701
,,,0.2207,2321.76081,0.19472,1.84058
,,,0.2208,2321.7598,0.19482,1.85414
,,,0.2209,2321.82774,0.19491,1.82701
,,,0.221,2321.96456,0.195,1.84058
,,,0.2211,2321.96355,0.19509,1.8338
,,,0.2212,2322.16929,0.19519,1.8677
,,,0.2213,2322.16828,0.19528,1.85414
,,,0.2214,2322.37399,0.19537,1.84736
,,,0.2215,2322.37298,0.19547,1.84736
,,,0.2216,2322.57866,0.19556,1.86092
,,,0.2217,2322.57765,0.19565,1.8677
,,,0.2218,2322.71439,0.19574,1.8677
,,,0.2219,2322.71337,0.19584,1.8677
,,,0.222,2322.7812,0.19593,1.86092
,,,0.2221,2322.98683,0.19602,1.8338
,,,0.2222,2322.98581,0.19612,1.84736
,,,0.2223,2323.05369,0.19621,1.85414
,,,0.2224,2323.05267,0.1963,1.85414
,,,0.2225,2322.77618,0.19639,1.8338
,,,0.2226,2322.77517,0.19649,1.82023
,,,0.2227,2323.25624,0.19658,1.81345
,,,0.2228,2323.25523,0.19667,1.8338
,,,0.2229,2323.18539,0.19676,1.82701
,,,0.223,2323.18438,0.19686,1.8338
,,,0.2231,2323.32107,0.19695,1.8338
,,,0.2232,2323.32006,0.19704,1.84058
,,,0.2233,2323.31905,0.19714,1.8338
,,,0.2234,2323.18033,0.19723,1.82023
,,,0.2235,2323.17932,0.19732,1.85414
,,,0.2236,2322.9717,0.19741,1.84058
,,,0.2237,2322.9707,0.19751,1.82701
,,,0.2238,2323.17631,0.1976,1.82023
,,,0.2239,2323.17531,0.19769,1.82023
,,,0.224,2323.24313,0.19779,1.85414
,,,0.2241,2323.24213,0.19788,1.84058
,,,0.2242,2322.96562,0.19797,1.82701
,,,0.2243,2322.96463,0.19806,1.84736
,,,0.2244,2322.96364,0.19816,1.8338
,,,0.2245,2322.96265,0.19825,1.85414
,,,0.2246,2323.09938,0.19834,1.84058
,,,0.2247,2323.30499,0.19844,1.85414
,,,0.2248,2323.30399,0.19853,1.84736
,,,0.2249,2323.23418,0.19862,1.8677
,,,0.225,2323.23319,0.19871,1.85414
,,,0.2251,2323.16339,0.19881,1.84058
,,,0.2252,2323.1624,0.1989,1.82701
,,,0.2253,2322.8859,0.19899,1.86092
,,,0.2254,2322.88492,0.19908,1.86092
,,,0.2255,2322.88394,0.19918,1.84736
,,,0.2256,2322.88297,0.19927,1.84736
,,,0.2257,2322.81309,0.19936,1.82701
,,,0.2258,2322.81211,0.19946,1.84058
,,,0.2259,2322.7423,0.19955,1.86092
,,,0.226,2322.60358,0.19964,1.85414
,,,0.2261,2322.60262,0.19973,1.82701
,,,0.2262,2322.32611,0.19983,1.82023
,,,0.2263,2322.32515,0.19992,1.82701
,,,0.2264,2321.97965,0.20001,1.84736
,,,0.2265,2321.9787,0.20011,1.8677
,,,0.2266,2321.77098,0.2002,1.82701
,,,0.2267,2321.77004,0.20029,1.82023
,,,0.2268,2321.49333,0.20038,1.84058
,,,0.2269,2321.49239,0.20048,1.82023
,,,0.227,2321.00884,0.20057,1.8338
,,,0.2271,2321.00791,0.20066,1.8338
,,,0.2272,2320.73115,0.20076,1.8338
,,,0.2273,2320.24737,0.20085,1.84058
,,,0.2274,2320.24646,0.20094,1.84736
,,,0.2275,2320.03855,0.20103,1.84736
,,,0.2276,2320.03764,0.20113,1.82023
,,,0.2277,2319.48468,0.20122,1.82701
,,,0.2278,2319.48379,0.20131,1.84736
,,,0.2279,2319.34485,0.2014,1.84058
,,,0.228,2319.34396,0.2015,1.84736
,,,0.2281,2319.34307,0.20159,1.84736
,,,0.2282,2319.34219,0.20168,1.82701
,,,0.2283,2318.78899,0.20178,1.84736
,,,0.2284,2318.78812,0.20187,1.84736
,,,0.2285,2318.37288,0.20196,1.82701
,,,0.2286,2317.88841,0.20205,1.84058
,,,0.2287,2317.88756,0.20215,1.84736
,,,0.2288,2317.33386,0.20224,1.85414
,,,0.2289,2317.33302,0.20233,1.82701
,,,0.229,2317.05568,0.20243,1.84058
,,,0.2291,2317.05484,0.20252,1.84736
,,,0.2292,2316.77739,0.20261,1.84736
,,,0.2293,2316.77656,0.2027,1.82701
,,,0.2294,2316.01494,0.2028,1.8338
,,,0.2295,2316.01412,0.20289,1.82701
,,,0.2296,2315.59811,0.20298,1.84058
,,,0.2297,2315.59731,0.20308,1.84058
,,,0.2298,2315.25045,0.20317,1.8677
,,,0.2299,2314.83425,0.20326,1.82701
,,,0.23,2314.83346,0.20335,1.84058
,,,0.2301,2314.14013,0.20345,1.82701
,,,0.2302,2314.13935,0.20354,1.84058
,,,0.2303,2313.79219,0.20363,1.8338
,,,0.2304,2313.79142,0.20372,1.8338
,,,0.2305,2313.44418,0.20382,1.8338
,,,0.2306,2313.44342,0.20391,1.84058
,,,0.2307,2313.16545,0.204,1.8677
,,,0.2308,2313.1647,0.2041,1.85414
,,,0.2309,2312.67868,0.20419,1.82701
,,,0.231,2312.67793,0.20428,1.84058
,,,0.2311,2312.05306,0.20437,1.84058
,,,0.2312,2311.70547,0.20447,1.8338
,,,0.2313,2311.70474,0.20456,1.84058
,,,0.2314,2311.6346,0.20465,1.84058
,,,0.2315,2311.63388,0.20475,1.82023
,,,0.2316,2311.35555,0.20484,1.82701
,,,0.2317,2311.35483,0.20493,1.84058
,,,0.2318,2310.86827,0.20502,1.84058
,,,0.2319,2310.86756,0.20512,1.81345
,,,0.232,2310.45026,0.20521,1.84058
,,,0.2321,2310.44956,0.2053,1.8338
,,,0.2322,2310.10163,0.2054,1.84058
,,,0.2323,2310.10094,0.20549,1.8338
,,,0.2324,2309.75293,0.20558,1.8338
,,,0.2325,2309.54381,0.20567,1.81345
,,,0.2326,2309.54313,0.20577,1.84736
,,,0.2327,2309.26453,0.20586,1.84736
,,,0.2328,2309.26386,0.20595,1.84058
,,,0.2329,2308.84622,0.20604,1.84736
,,,0.233,2308.84555,0.20614,1.8338
,,,0.2331,2308.4278,0.20623,1.82023
,,,0.2332,2308.42714,0.20632,1.86092
,,,0.2333,2308.49604,0.20642,1.82701
,,,0.2334,2308.49538,0.20651,1.82701
,,,0.2335,2308.3556,0.2066,1.84736
,,,0.2336,2308.35494,0.20669,1.84736
,,,0.2337,2308.42385,0.20679,1.82023
,,,0.2338,2308.42319,0.20688,1.85414
,,,0.2339,2308.42254,0.20697,1.84736
,,,0.234,2308.42188,0.20707,1.82701
,,,0.2341,2308.42123,0.20716,1.82023
,,,0.2342,2308.49006,0.20725,1.8338
,,,0.2343,2308.48941,0.20734,1.84058
,,,0.2344,2308.76688,0.20744,1.82023
,,,0.2345,2308.76622,0.20753,1.8338
,,,0.2346,2308.62647,0.20762,1.86092
,,,0.2347,2308.62582,0.20772,1.82701
,,,0.2348,2308.41658,0.20781,1.84736
,,,0.2349,2308.41593,0.2079,1.82023
,,,0.235,2308.34572,0.20799,1.82023
,,,0.2351,2308.27559,0.20809,1.82023
,,,0.2352,2308.27494,0.20818,1.84736
,,,0.2353,2308.13516,0.20827,1.84058
,,,0.2354,2308.13452,0.20836,1.82701
,,,0.2355,2308.34251,0.20846,1.8338
,,,0.2356,2308.34187,0.20855,1.84736
,,,0.2357,2308.27166,0.20864,1.85414
,,,0.2358,2308.27102,0.20874,1.84058
,,,0.2359,2308.68757,0.20883,1.82023
,,,0.236,2308.68693,0.20892,1.84058
,,,0.2361,2308.89483,0.20901,1.8338
,,,0.2362,2308.89418,0.20911,1.82701
,,,0.2363,2309.17151,0.2092,1.84058
,,,0.2364,2309.24038,0.20929,1.8338
,,,0.2365,2309.23973,0.20939,1.82701
,,,0.2366,2309.51706,0.20948,1.84736
,,,0.2367,2309.51641,0.20957,1.82701
,,,0.2368,2309.72419,0.20966,1.84058
,,,0.2369,2309.72353,0.20976,1.84736
,,,0.237,2309.79238,0.20985,1.8338
,,,0.2371,2309.79172,0.20994,1.84058
,,,0.2372,2309.86056,0.21004,1.85414
,,,0.2373,2309.8599,0.21013,1.82701
,,,0.2374,2310.48425,0.21022,1.84736
,,,0.2375,2310.48358,0.21031,1.84058
,,,0.2376,2310.96886,0.21041,1.85414
,,,0.2377,2311.52339,0.2105,1.8338
,,,0.2378,2311.52271,0.21059,1.84058
,,,0.2379,2311.93825,0.21068,1.82701
,,,0.238,2311.93756,0.21078,1.82701
,,,0.2381,2312.07559,0.21087,1.84736
,,,0.2382,2312.07491,0.21096,1.82023
,,,0.2383,2312.14361,0.21106,1.82701
,,,0.2384,2312.14293,0.21115,1.84058
,,,0.2385,2312.62765,0.21124,1.80667
,,,0.2386,2312.62696,0.21133,1.84736
,,,0.2387,2312.83427,0.21143,1.82701
,,,0.2388,2312.83358,0.21152,1.82023
,,,0.2389,2313.17947,0.21161,1.85414
,,,0.239,2313.3867,0.21171,1.84736
,,,0.2391,2313.386,0.2118,1.8338
,,,0.2392,2314.00884,0.21189,1.84058
,,,0.2393,2314.00813,0.21198,1.8338
,,,0.2394,2314.42295,0.21208,1.84058
,,,0.2395,2314.42224,0.21217,1.84058
,,,0.2396,2314.76774,0.21226,1.8338
,,,0.2397,2314.76702,0.21236,1.8338
,,,0.2398,2315.0432,0.21245,1.82701
,,,0.2399,2315.04248,0.21254,1.82701
,,,0.24,2315.45707,0.21263,1.84736
,,,0.2401,2315.45634,0.21273,1.8338
,,,0.2402,2315.93995,0.21282,1.84058
,,,0.2403,2316.28509,0.21291,1.80667
,,,0.2404,2316.28435,0.213,1.8338
,,,0.2405,2316.76769,0.2131,1.84736
,,,0.2406,2316.76695,0.21319,1.8338
,,,0.2407,2317.18104,0.21328,1.84058
,,,0.2408,2317.18029,0.21338,1.82701
,,,0.2409,2317.24869,0.21347,1.84058
,,,0.241,2317.24795,0.21356,1.84736
,,,0.2411,2317.73096,0.21365,1.82701
,,,0.2412,2317.73021,0.21375,1.82023
,,,0.2413,2318.14402,0.21384,1.84736
,,,0.2414,2318.14326,0.21393,1.8338
,,,0.2415,2318.48787,0.21403,1.84058
,,,0.2416,2318.83239,0.21412,1.84736
,,,0.2417,2318.83162,0.21421,1.86092
,,,0.2418,2319.45214,0.2143,1.84736
,,,0.2419,2319.45136,0.2144,1.84058
,,,0.242,2319.93364,0.21449,1.82701
,,,0.2421,2319.93286,0.21458,1.85414
,,,0.2422,2320.20802,0.21468,1.85414
,,,0.2423,2320.20723,0.21477,1.82701
,,,0.2424,2320.41341,0.21486,1.85414
,,,0.2425,2320.41262,0.21495,1.84736
,,,0.2426,2320.61876,0.21505,1.84736
,,,0.2427,2320.61797,0.21514,1.84736
,,,0.2428,2320.47926,0.21523,1.82701
,,,0.2429,2320.34054,0.21532,1.84058
,,,0.243,2320.33976,0.21542,1.84736
,,,0.2431,2320.40791,0.21551,1.8338
,,,0.2432,2320.40713,0.2156,1.84058
,,,0.2433,2320.68221,0.2157,1.84058
,,,0.2434,2320.68142,0.21579,1.84058
,,,0.2435,2320.74956,0.21588,1.82701
,,,0.2436,2320.74878,0.21597,1.8677
,,,0.2437,2321.02386,0.21607,1.8338
,,,0.2438,2321.02307,0.21616,1.82701
,,,0.2439,2321.43595,0.21625,1.84058
,,,0.244,2321.43516,0.21635,1.85414
,,,0.2441,2321.43437,0.21644,1.84736
,,,0.2442,2321.57142,0.21653,1.84736
,,,0.2443,2321.57063,0.21662,1.84058
,,,0.2444,2321.63879,0.21672,1.85414
,,,0.2445,2321.638,0.21681,1.82701
,,,0.2446,2321.8439,0.2169,1.84736
,,,0.2447,2321.84311,0.217,1.84058
,,,0.2448,2321.84232,0.21709,1.86092
,,,0.2449,2321.84153,0.21718,1.82701
,,,0.245,2321.84075,0.21727,1.84058
,,,0.2451,2321.83996,0.21737,1.84736
,,,0.2452,2321.70129,0.21746,1.8677
,,,0.2453,2321.56269,0.21755,1.82701
,,,0.2454,2321.56191,0.21764,1.84736
,,,0.2455,2321.69895,0.21774,1.82023
,,,0.2456,2321.69817,0.21783,1.84058
,,,0.2457,2321.49062,0.21792,1.86092
,,,0.2458,2321.48985,0.21802,1.8338
,,,0.2459,2321.42012,0.21811,1.82023
,,,0.246,2321.41935,0.2182,1.82701
,,,0.2461,2321.1428,0.21829,1.8677
,,,0.2462,2321.14203,0.21839,1.84058
,,,0.2463,2321.27913,0.21848,1.82701
,,,0.2464,2321.27837,0.21857,1.84058
,,,0.2465,2320.93289,0.21867,1.8338
,,,0.2466,2320.58735,0.21876,1.84736
,,,0.2467,2320.5866,0.21885,1.84058
,,,0.2468,2320.58585,0.21894,1.84736
,,,0.2469,2320.5851,0.21904,1.84058
,,,0.247,2320.30849,0.21913,1.84736
,,,0.2471,2320.30775,0.21922,1.82023
,,,0.2472,2320.37602,0.21932,1.84736
,,,0.2473,2320.37527,0.21941,1.86092
,,,0.2474,2320.37453,0.2195,1.84058
,,,0.2475,2320.3738,0.21959,1.84736
,,,0.2476,2320.44206,0.21969,1.84058
,,,0.2477,2320.44132,0.21978,1.8338
,,,0.2478,2320.50958,0.21987,1.84058
,,,0.2479,2320.43984,0.21996,1.82701
,,,0.248,2320.43911,0.22006,1.8338
,,,0.2481,2320.43837,0.22015,1.82023
,,,0.2482,2320.43764,0.22024,1.86092
,,,0.2483,2320.16102,0.22034,1.84058
,,,0.2484,2320.16029,0.22043,1.86092
,,,0.2485,2319.60765,0.22052,1.84058
,,,0.2486,2319.60694,0.22061,1.84058
,,,0.2487,2319.39916,0.22071,1.84736
,,,0.2488,2319.39845,0.2208,1.84736
,,,0.2489,2319.05261,0.22089,1.8338
,,,0.249,2319.05191,0.22099,1.84736
,,,0.2491,2319.18925,0.22108,1.8338
,,,0.2492,2319.39563,0.22117,1.84736
,,,0.2493,2319.39492,0.22126,1.85414
,,,0.2494,2319.25619,0.22136,1.86092
,,,0.2495,2319.25548,0.22145,1.85414
,,,0.2496,2319.11674,0.22154,1.84736
,,,0.2497,2319.11604,0.22164,1.86092
,,,0.2498,2318.90822,0.22173,1.84058
,,,0.2499,2318.90753,0.22182,1.84736
,,,0.25,2319.04489,0.22191,1.86092
,,,0.2501,2319.0442,0.22201,1.84736
,,,0.2502,2318.62929,0.2221,1.85414
,,,0.2503,2318.6286,0.22219,1.84736
,,,0.2504,2318.42073,0.22228,1.84736
,,,0.2505,2318.48907,0.22238,1.86092
,,,0.2506,2318.48839,0.22247,1.85414
,,,0.2507,2318.41869,0.22256,1.84058
,,,0.2508,2318.41801,0.22266,1.8677
,,,0.2509,2318.14109,0.22275,1.8677
,,,0.251,2318.14042,0.22284,1.84736
,,,0.2511,2318.20877,0.22293,1.84058
,,,0.2512,2318.2081,0.22303,1.85414
,,,0.2513,2318.1384,0.22312,1.8677
,,,0.2514,2318.13773,0.22321,1.85414
,,,0.2515,2318.13706,0.22331,1.84058
,,,0.2516,2318.13639,0.2234,1.84736
,,,0.2517,2317.99759,0.22349,1.82023
,,,0.2518,2317.99692,0.22358,1.84058
,,,0.2519,2317.99626,0.22368,1.85414
,,,0.252,2317.9956,0.22377,1.82701
,,,0.2521,2317.99494,0.22386,1.85414
,,,0.2522,2318.06338,0.22396,1.8677
,,,0.2523,2318.06272,0.22405,1.85414
,,,0.2524,2317.92391,0.22414,1.84058
,,,0.2525,2317.92326,0.22423,1.8677
,,,0.2526,2317.57714,0.22433,1.8338
,,,0.2527,2317.57649,0.22442,1.84058
,,,0.2528,2317.43765,0.22451,1.85414
,,,0.2529,2317.43701,0.2246,1.84736
,,,0.253,2317.50542,0.2247,1.82701
,,,0.2531,2317.29744,0.22479,1.8677
,,,0.2532,2317.2968,0.22488,1.86092
,,,0.2533,2317.0888,0.22498,1.84736
,,,0.2534,2317.08816,0.22507,1.82701
,,,0.2535,2317.29489,0.22516,1.8338
,,,0.2536,2317.29425,0.22525,1.84058
,,,0.2537,2317.1554,0.22535,1.84736
,,,0.2538,2317.15476,0.22544,1.85414
,,,0.2539,2317.49968,0.22553,1.86092
,,,0.254,2317.49904,0.22563,1.84736
,,,0.2541,2317.3602,0.22572,1.86092
,,,0.2542,2317.35957,0.22581,1.84736
,,,0.2543,2317.42807,0.2259,1.84736
,,,0.2544,2317.63475,0.226,1.84736
,,,0.2545,2317.63411,0.22609,1.86092
,,,0.2546,2317.70259,0.22618,1.84736
,,,0.2547,2317.70196,0.22628,1.84058
,,,0.2548,2317.70132,0.22637,1.84058
,,,0.2549,2317.70069,0.22646,1.85414
,,,0.255,2318.04547,0.22655,1.84058
,,,0.2551,2318.04483,0.22665,1.84736
,,,0.2552,2318.45862,0.22674,1.84058
,,,0.2553,2318.45798,0.22683,1.82701
,,,0.2554,2318.11201,0.22692,1.84058
,,,0.2555,2318.11137,0.22702,1.8338
,,,0.2556,2318.24886,0.22711,1.84736
,,,0.2557,2318.38633,0.2272,1.8677
,,,0.2558,2318.38569,0.2273,1.84736
,,,0.2559,2318.17784,0.22739,1.86092
,,,0.256,2318.17721,0.22748,1.8338
,,,0.2561,2318.31469,0.22757,1.84058
,,,0.2562,2318.31406,0.22767,1.82023
,,,0.2563,2318.65863,0.22776,1.8338
,,,0.2564,2318.65799,0.22785,1.82701
,,,0.2565,2318.93349,0.22795,1.82701
,,,0.2566,2318.93284,0.22804,1.84058
,,,0.2567,2319.20829,0.22813,1.82023
,,,0.2568,2319.20764,0.22822,1.82701
,,,0.2569,2319.552,0.22832,1.84058
,,,0.257,2319.82732,0.22841,1.82701
,,,0.2571,2319.82667,0.2285,1.8677
,,,0.2572,2320.033,0.2286,1.84736
,,,0.2573,2320.03234,0.22869,1.82023
,,,0.2574,2320.23864,0.22878,1.8338
,,,0.2575,2320.23798,0.22887,1.8338
,,,0.2576,2320.72006,0.22897,1.85414
,,,0.2577,2320.7194,0.22906,1.84058
,,,0.2578,2321.13236,0.22915,1.8338
,,,0.2579,2321.13169,0.22924,1.84058
,,,0.258,2321.54453,0.22934,1.84736
,,,0.2581,2321.54385,0.22943,1.8338
,,,0.2582,2321.81879,0.22952,1.84058
,,,0.2583,2322.16259,0.22962,1.8338
,,,0.2584,2322.1619,0.22971,1.84058
,,,0.2585,2322.57445,0.2298,1.82023
,,,0.2586,2322.57376,0.22989,1.84058
,,,0.2587,2322.71079,0.22999,1.8338
,,,0.2588,2322.7101,0.23008,1.82023
,,,0.2589,2323.05369,0.23017,1.82701
,,,0.259,2323.05299,0.23027,1.85414
,,,0.2591,2323.25884,0.23036,1.84736
,,,0.2592,2323.25815,0.23045,1.84058
,,,0.2593,2323.6016,0.23054,1.84058
,,,0.2594,2323.6009,0.23064,1.85414
,,,0.2595,2323.94427,0.23073,1.8338
,,,0.2596,2324.28756,0.23082,1.82023
,,,0.2597,2324.28685,0.23092,1.81345
,,,0.2598,2324.62999,0.23101,1.82023
,,,0.2599,2324.62928,0.2311,1.82701
,,,0.26,2324.83489,0.23119,1.8338
,,,0.2601,2324.83418,0.23129,1.82023
,,,0.2602,2324.83347,0.23138,1.82023
,,,0.2603,2324.83275,0.23147,1.81345
,,,0.2604,2325.10705,0.23156,1.84058
,,,0.2605,2325.10634,0.23166,1.81345
,,,0.2606,2325.10562,0.23175,1.82701
,,,0.2607,2325.10491,0.23184,1.82023
,,,0.2608,2325.37916,0.23194,1.8338
,,,0.2609,2325.72204,0.23203,1.82023
,,,0.261,2325.72131,0.23212,1.8338
,,,0.2611,2326.20158,0.23221,1.81345
,,,0.2612,2326.20085,0.23231,1.81345
,,,0.2613,2326.40616,0.2324,1.82701
,,,0.2614,2326.40544,0.23249,1.8338
,,,0.2615,2326.61079,0.23259,1.82023
,,,0.2616,2326.61006,0.23268,1.82701
,,,0.2617,2327.09003,0.23277,1.79989
,,,0.2618,2327.08929,0.23286,1.82023
,,,0.2619,2327.43176,0.23296,1.81345
,,,0.262,2327.43102,0.23305,1.8338
,,,0.2621,2327.56755,0.23314,1.80667
,,,0.2622,2327.84139,0.23324,1.82023
,,,0.2623,2327.84065,0.23333,1.81345
,,,0.2624,2328.25158,0.23342,1.82023
,,,0.2625,2328.25083,0.23351,1.81345
,,,0.2626,2328.59302,0.23361,1.82023
,,,0.2627,2328.59226,0.2337,1.82023
,,,0.2628,2328.86583,0.23379,1.82023
,,,0.2629,2328.86508,0.23388,1.7931
,,,0.263,2329.00146,0.23398,1.81345
,,,0.2631,2329.00071,0.23407,1.80667
,,,0.2632,2329.06848,0.23416,1.79989
,,,0.2633,2329.06772,0.23426,1.79989
,,,0.2634,2329.61539,0.23435,1.82023
,,,0.2635,2330.02582,0.23444,1.80667
,,,0.2636,2330.02505,0.23453,1.81345
,,,0.2637,2330.16132,0.23463,1.7931
,,,0.2638,2330.16054,0.23472,1.80667
,,,0.2639,2330.43381,0.23481,1.82701
,,,0.264,2330.43304,0.23491,1.80667
,,,0.2641,2330.56927,0.235,1.81345
,,,0.2642,2330.56849,0.23509,1.80667
,,,0.2643,2330.70471,0.23518,1.8338
,,,0.2644,2330.70394,0.23528,1.81345
,,,0.2645,2331.18256,0.23537,1.7931
,,,0.2646,2331.18178,0.23546,1.81345
,,,0.2647,2331.2495,0.23556,1.7931
,,,0.2648,2331.38565,0.23565,1.80667
,,,0.2649,2331.38487,0.23574,1.81345
,,,0.265,2331.58949,0.23583,1.82023
,,,0.2651,2331.58871,0.23593,1.82023
,,,0.2652,2331.8617,0.23602,1.81345
,,,0.2653,2331.86092,0.23611,1.80667
,,,0.2654,2331.86013,0.2362,1.84058
,,,0.2655,2331.85935,0.2363,1.82023
,,,0.2656,2331.99544,0.23639,1.82023
,,,0.2657,2331.99465,0.23648,1.82023
,,,0.2658,2331.9254,0.23658,1.81345
,,,0.2659,2331.92462,0.23667,1.80667
,,,0.266,2331.92384,0.23676,1.80667
,,,0.2661,2332.05993,0.23685,1.79989
,,,0.2662,2332.05915,0.23695,1.81345
,,,0.2663,2332.26361,0.23704,1.80667
,,,0.2664,2332.26282,0.23713,1.82023
,,,0.2665,2332.46726,0.23723,1.7931
,,,0.2666,2332.46647,0.23732,1.85414
,,,0.2667,2332.53406,0.23741,1.79989
,,,0.2668,2332.53328,0.2375,1.82701
,,,0.2669,2332.66931,0.2376,1.82701
,,,0.267,2332.66853,0.23769,1.79989
,,,0.2671,2332.87297,0.23778,1.82701
,,,0.2672,2332.87219,0.23788,1.82023
,,,0.2673,2332.73461,0.23797,1.82023
,,,0.2674,2332.52859,0.23806,1.84058
,,,0.2675,2332.52781,0.23815,1.84736
,,,0.2676,2332.4586,0.23825,1.82701
,,,0.2677,2332.45782,0.23834,1.84058
,,,0.2678,2332.38868,0.23843,1.84058
,,,0.2679,2332.38791,0.23852,1.8338
,,,0.268,2332.45552,0.23862,1.84058
,,,0.2681,2332.45475,0.23871,1.84058
,,,0.2682,2332.52236,0.2388,1.8338
,,,0.2683,2332.52159,0.2389,1.84736
,,,0.2684,2332.384,0.23899,1.82701
,,,0.2685,2332.38324,0.23908,1.82023
,,,0.2686,2332.38248,0.23917,1.8338
,,,0.2687,2332.31327,0.23927,1.80667
,,,0.2688,2332.31251,0.23936,1.82023
,,,0.2689,2332.17491,0.23945,1.84058
,,,0.269,2332.17416,0.23955,1.82023
,,,0.2691,2332.10495,0.23964,1.8338
,,,0.2692,2332.1042,0.23973,1.8338
,,,0.2693,2332.03506,0.23982,1.82023
,,,0.2694,2332.03431,0.23992,1.8338
,,,0.2695,2331.9651,0.24001,1.8338
,,,0.2696,2331.96435,0.2401,1.8338
,,,0.2697,2332.10046,0.2402,1.82023
,,,0.2698,2331.82599,0.24029,1.85414
,,,0.2699,2331.82526,0.24038,1.86092
,,,0.27,2331.48233,0.24047,1.8338
,,,0.2701,2331.4816,0.24057,1.8338
,,,0.2702,2331.41238,0.24066,1.84058
,,,0.2703,2331.41165,0.24075,1.84058
,,,0.2704,2331.47941,0.24084,1.86092
,,,0.2705,2331.47868,0.24094,1.82701
,,,0.2706,2331.13562,0.24103,1.85414
,,,0.2707,2331.1349,0.24112,1.84736
,,,0.2708,2330.9288,0.24122,1.84058
,,,0.2709,2330.92808,0.24131,1.8338
,,,0.271,2330.85893,0.2414,1.84058
,,,0.2711,2330.58427,0.24149,1.8338
,,,0.2712,2330.58357,0.24159,1.8338
,,,0.2713,2330.65132,0.24168,1.82701
,,,0.2714,2330.65061,0.24177,1.84736
,,,0.2715,2330.64991,0.24187,1.86092
,,,0.2716,2330.64921,0.24196,1.84736
,,,0.2717,2330.30605,0.24205,1.86092
,,,0.2718,2330.30536,0.24214,1.86092
,,,0.2719,2330.16765,0.24224,1.86092
,,,0.272,2330.16696,0.24233,1.84736
,,,0.2721,2329.8922,0.24242,1.85414
,,,0.2722,2329.89152,0.24252,1.84736
,,,0.2723,2329.82234,0.24261,1.82701
,,,0.2724,2329.54753,0.2427,1.8677
,,,0.2725,2329.54686,0.24279,1.82701
,,,0.2726,2329.272,0.24289,1.84736
,,,0.2727,2329.27133,0.24298,1.84058
,,,0.2728,2329.33918,0.24307,1.84736
,,,0.2729,2329.33851,0.24316,1.82701
,,,0.273,2329.13222,0.24326,1.86092
,,,0.2731,2329.13156,0.24335,1.8338
,,,0.2732,2328.65089,0.24344,1.84736
,,,0.2733,2328.65023,0.24354,1.82701
,,,0.2734,2328.64958,0.24363,1.87449
,,,0.2735,2328.64893,0.24372,1.85414
,,,0.2736,2328.30531,0.24381,1.8677
,,,0.2737,2328.23604,0.24391,1.8677
,,,0.2738,2328.23539,0.244,1.86092
,,,0.2739,2328.30338,0.24409,1.84736
,,,0.274,2328.30274,0.24419,1.87449
,,,0.2741,2328.23347,0.24428,1.86092
,,,0.2742,2328.23283,0.24437,1.84736
,,,0.2743,2328.09499,0.24446,1.8338
,,,0.2744,2328.09435,0.24456,1.85414
,,,0.2745,2327.68205,0.24465,1.84058
,,,0.2746,2327.68142,0.24474,1.8677
,,,0.2747,2327.40628,0.24484,1.84736
,,,0.2748,2327.40566,0.24493,1.84736
,,,0.2749,2327.06187,0.24502,1.8677
,,,0.275,2326.85533,0.24511,1.8677
,,,0.2751,2326.85472,0.24521,1.84736
,,,0.2752,2326.78549,0.2453,1.84736
,,,0.2753,2326.78488,0.24539,1.82701
,,,0.2754,2326.57831,0.24548,1.86092
,,,0.2755,2326.57771,0.24558,1.8677
,,,0.2756,2326.09631,0.24567,1.8677
,,,0.2757,2326.09571,0.24576,1.84736
,,,0.2758,2326.02646,0.24586,1.85414
,,,0.2759,2326.02587,0.24595,1.8338
,,,0.276,2325.54438,0.24604,1.84058
,,,0.2761,2325.5438,0.24613,1.84058
,,,0.2762,2325.06209,0.24623,1.85414
,,,0.2763,2324.71775,0.24632,1.85414
,,,0.2764,2324.71719,0.24641,1.82701
,,,0.2765,2324.30404,0.24651,1.84736
,,,0.2766,2324.30349,0.2466,1.8677
,,,0.2767,2323.95907,0.24669,1.85414
,,,0.2768,2323.95852,0.24678,1.86092
,,,0.2769,2323.82038,0.24688,1.84736
,,,0.277,2323.81984,0.24697,1.8338
,,,0.2771,2323.54409,0.24706,1.84058
,,,0.2772,2323.54355,0.24716,1.84736
,,,0.2773,2323.26776,0.24725,1.8338
,,,0.2774,2323.26723,0.24734,1.82023
,,,0.2775,2323.06019,0.24743,1.82701
,,,0.2776,2322.92199,0.24753,1.8338
,,,0.2777,2322.92147,0.24762,1.84058
,,,0.2778,2322.50788,0.24771,1.86092
,,,0.2779,2322.50736,0.2478,1.8677
,,,0.278,2322.3003,0.2479,1.84736
,,,0.2781,2322.29979,0.24799,1.85414
,,,0.2782,2322.23044,0.24808,1.84058
,,,0.2783,2322.22993,0.24818,1.84736
,,,0.2784,2321.8161,0.24827,1.84736
,,,0.2785,2321.8156,0.24836,1.84736
,,,0.2786,2321.40173,0.24845,1.84058
,,,0.2787,2321.40123,0.24855,1.84058
,,,0.2788,2321.05615,0.24864,1.84736
,,,0.2789,2321.05566,0.24873,1.84736
,,,0.279,2321.05517,0.24883,1.8338
,,,0.2791,2320.91677,0.24892,1.82701
,,,0.2792,2320.91628,0.24901,1.84736
,,,0.2793,2320.50219,0.2491,1.85414
,,,0.2794,2320.50171,0.2492,1.84058
,,,0.2795,2320.22544,0.24929,1.82023
,,,0.2796,2320.22496,0.24938,1.84058
,,,0.2797,2320.01757,0.24948,1.86092
,,,0.2798,2320.01711,0.24957,1.84058
,,,0.2799,2319.74068,0.24966,1.82023
,,,0.28,2319.74022,0.24975,1.84736
,,,0.2801,2319.2568,0.24985,1.82701
,,,0.2802,2319.04929,0.24994,1.84058
,,,0.2803,2319.04885,0.25003,1.84058
,,,0.2804,2318.49622,0.25012,1.82701
,,,0.2805,2318.49578,0.25022,1.82701
,,,0.2806,2317.94296,0.25031,1.82701
,,,0.2807,2317.94253,0.2504,1.82701
,,,0.2808,2317.66577,0.2505,1.82023
,,,0.2809,2317.66534,0.25059,1.80667
,,,0.281,2317.38861,0.25068,1.82023
,,,0.2811,2317.38819,0.25077,1.84058
,,,0.2812,2317.31872,0.25087,1.84058
,,,0.2813,2317.3183,0.25096,1.82701
,,,0.2814,2316.90323,0.25105,1.84058
,,,0.2815,2316.69552,0.25115,1.82701
,,,0.2816,2316.69511,0.25124,1.82023
,,,0.2817,2316.41821,0.25133,1.86092
,,,0.2818,2316.41781,0.25142,1.8338
,,,0.2819,2315.86428,0.25152,1.82701
,,,0.282,2315.86389,0.25161,1.84736
,,,0.2821,2315.72511,0.2517,1.8338
,,,0.2822,2315.72472,0.2518,1.82023
,,,0.2823,2315.58601,0.25189,1.82701
,,,0.2824,2315.58562,0.25198,1.84058
,,,0.2825,2314.89334,0.25207,1.84736
,,,0.2826,2314.89297,0.25217,1.84736
,,,0.2827,2314.96183,0.25226,1.8338
,,,0.2828,2314.6154,0.25235,1.84058
,,,0.2829,2314.61503,0.25244,1.82701
,,,0.283,2314.13007,0.25254,1.85414
,,,0.2831,2314.12971,0.25263,1.82701
,,,0.2832,2313.7139,0.25272,1.85414
,,,0.2833,2313.71355,0.25282,1.82701
,,,0.2834,2313.57468,0.25291,1.82023
,,,0.2835,2313.57433,0.253,1.81345
,,,0.2836,2313.57398,0.25309,1.84736
,,,0.2837,2313.57363,0.25319,1.82701
,,,0.2838,2313.50406,0.25328,1.82701
,,,0.2839,2313.50371,0.25337,1.82701
,,,0.284,2313.50336,0.25347,1.84736
,,,0.2841,2313.08732,0.25356,1.84736
,,,0.2842,2313.08698,0.25365,1.84736
,,,0.2843,2312.60156,0.25374,1.86092
,,,0.2844,2312.60123,0.25384,1.84058
,,,0.2845,2312.32359,0.25393,1.8338
,,,0.2846,2312.32326,0.25402,1.8338
,,,0.2847,2312.32293,0.25412,1.85414
,,,0.2848,2312.32261,0.25421,1.84736
,,,0.2849,2311.90626,0.2543,1.82701
,,,0.285,2311.90594,0.25439,1.84736
,,,0.2851,2311.83625,0.25449,1.84058
,,,0.2852,2311.83593,0.25458,1.84058
,,,0.2853,2311.97428,0.25467,1.82701
,,,0.2854,2312.11262,0.25476,1.85414
,,,0.2855,2312.1123,0.25486,1.82701
,,,0.2856,2312.11197,0.25495,1.84058
,,,0.2857,2312.11165,0.25504,1.84058
,,,0.2858,2312.18062,0.25514,1.84058
,,,0.2859,2312.1803,0.25523,1.8338
,,,0.286,2311.97196,0.25532,1.82023
,,,0.2861,2311.97165,0.25541,1.82701
,,,0.2862,2311.76329,0.25551,1.84736
,,,0.2863,2311.76297,0.2556,1.85414
,,,0.2864,2311.41588,0.25569,1.82023
,,,0.2865,2311.41557,0.25579,1.84736
,,,0.2866,2311.20715,0.25588,1.84736
,,,0.2867,2310.99869,0.25597,1.84736
,,,0.2868,2310.99839,0.25606,1.8338
,,,0.2869,2310.92868,0.25616,1.82701
,,,0.287,2310.92838,0.25625,1.84736
,,,0.2871,2310.7199,0.25634,1.8338
,,,0.2872,2310.7196,0.25644,1.84736
,,,0.2873,2310.71931,0.25653,1.82701
,,,0.2874,2310.71901,0.25662,1.82701
,,,0.2875,2310.85749,0.25671,1.84736
,,,0.2876,2310.85719,0.25681,1.8338
,,,0.2877,2310.99565,0.2569,1.85414
,,,0.2878,2310.99535,0.25699,1.82023
,,,0.2879,2310.99505,0.25708,1.82023
,,,0.288,2310.99476,0.25718,1.86092
,,,0.2881,2310.99446,0.25727,1.8338
,,,0.2882,2310.92482,0.25736,1.86092
,,,0.2883,2310.92453,0.25746,1.85414
,,,0.2884,2310.92423,0.25755,1.84058
,,,0.2885,2310.92394,0.25764,1.82023
,,,0.2886,2310.71546,0.25773,1.82701
,,,0.2887,2310.71517,0.25783,1.82701
,,,0.2888,2310.92306,0.25792,1.82023
,,,0.2889,2310.92277,0.25801,1.84736
,,,0.289,2311.13063,0.25811,1.84058
,,,0.2891,2311.13033,0.2582,1.84058
,,,0.2892,2311.33817,0.25829,1.84736
,,,0.2893,2311.19914,0.25838,1.85414
,,,0.2894,2311.19885,0.25848,1.85414
,,,0.2895,2311.47599,0.25857,1.84736
,,,0.2896,2311.47569,0.25866,1.8338
,,,0.2897,2311.68347,0.25876,1.82701
,,,0.2898,2311.68316,0.25885,1.84058
,,,0.2899,2311.54417,0.25894,1.84736
,,,0.29,2311.54387,0.25903,1.86092
,,,0.2901,2311.61295,0.25913,1.84736
,,,0.2902,2311.61265,0.25922,1.8677
,,,0.2903,2311.61235,0.25931,1.82701
,,,0.2904,2311.68143,0.2594,1.85414
,,,0.2905,2311.68113,0.2595,1.86092
,,,0.2906,2311.47275,0.25959,1.86092
,,,0.2907,2311.47246,0.25968,1.84736
,,,0.2908,2311.40277,0.25978,1.84736
,,,0.2909,2311.40248,0.25987,1.80667
,,,0.291,2311.4715,0.25996,1.86092
,,,0.2911,2311.47121,0.26005,1.84058
,,,0.2912,2311.67899,0.26015,1.85414
,,,0.2913,2311.67869,0.26024,1.84058
,,,0.2914,2311.7477,0.26033,1.86092
,,,0.2915,2311.7474,0.26043,1.84058
,,,0.2916,2311.88578,0.26052,1.85414
,,,0.2917,2312.02414,0.26061,1.84058
,,,0.2918,2312.02384,0.2607,1.86092
,,,0.2919,2312.23154,0.2608,1.8677
,,,0.292,2312.23124,0.26089,1.86092
,,,0.2921,2312.23093,0.26098,1.85414
,,,0.2922,2312.23063,0.26108,1.8677
,,,0.2923,2312.36895,0.26117,1.87449
,,,0.2924,2312.36865,0.26126,1.84736
,,,0.2925,2312.16036,0.26135,1.8677
,,,0.2926,2312.16006,0.26145,1.84736
,,,0.2927,2312.0904,0.26154,1.85414
,,,0.2928,2312.0901,0.26163,1.86092
,,,0.2929,2312.0898,0.26172,1.84736
,,,0.293,2311.95078,0.26182,1.8677
,,,0.2931,2311.95048,0.26191,1.84736
,,,0.2932,2312.29683,0.262,1.8677
,,,0.2933,2312.29653,0.2621,1.86092
,,,0.2934,2312.6428,0.26219,1.86092
,,,0.2935,2312.64249,0.26228,1.8677
,,,0.2936,2312.98868,0.26237,1.8677
,,,0.2937,2312.98837,0.26247,1.8677
,,,0.2938,2313.12669,0.26256,1.8677
,,,0.2939,2313.12637,0.26265,1.87449
,,,0.294,2313.40321,0.26275,1.87449
,,,0.2941,2313.4029,0.26284,1.89483
,,,0.2942,2313.61039,0.26293,1.8677
,,,0.2943,2313.1945,0.26302,1.87449
,,,0.2944,2313.19419,0.26312,1.86092
,,,0.2945,2312.91676,0.26321,1.8677
,,,0.2946,2312.91645,0.2633,1.87449
,,,0.2947,2312.84682,0.2634,1.86092
,,,0.2948,2312.84652,0.26349,1.8677
,,,0.2949,2312.70763,0.26358,1.86092
,,,0.295,2312.70733,0.26367,1.8677
,,,0.2951,2312.70703,0.26377,1.86092
,,,0.2952,2312.70673,0.26386,1.8677
,,,0.2953,2312.84508,0.26395,1.86092
,,,0.2954,2312.84478,0.26404,1.8677
,,,0.2955,2313.05236,0.26414,1.87449
,,,0.2956,2313.32922,0.26423,1.8677
,,,0.2957,2313.32891,0.26432,1.8677
,,,0.2958,2313.2593,0.26442,1.86092
,,,0.2959,2313.25899,0.26451,1.84736
,,,0.296,2313.25869,0.2646,1.8677
,,,0.2961,2313.25838,0.26469,1.85414
,,,0.2962,2313.39661,0.26479,1.8677
,,,0.2963,2313.3963,0.26488,1.87449
,,,0.2964,2313.46522,0.26497,1.8677
,,,0.2965,2313.46491,0.26507,1.84736
,,,0.2966,2313.5339,0.26516,1.86092
,,,0.2967,2313.53359,0.26525,1.85414
,,,0.2968,2313.39476,0.26534,1.86092
,,,0.2969,2313.46375,0.26544,1.8677
,,,0.297,2313.46344,0.26553,1.86092
,,,0.2971,2313.67094,0.26562,1.87449
,,,0.2972,2313.67063,0.26572,1.8677
,,,0.2973,2313.67032,0.26581,1.8677
,,,0.2974,2313.67001,0.2659,1.86092
,,,0.2975,2313.5312,0.26599,1.87449
,,,0.2976,2313.53089,0.26609,1.8677
,,,0.2977,2313.46129,0.26618,1.8677
,,,0.2978,2313.46099,0.26627,1.8677
,,,0.2979,2313.32216,0.26636,1.8677
,,,0.298,2313.32186,0.26646,1.86092
,,,0.2981,2313.25233,0.26655,1.8677
,,,0.2982,2313.32126,0.26664,1.88126
,,,0.2983,2313.32096,0.26674,1.84736
,,,0.2984,2313.73627,0.26683,1.86092
,,,0.2985,2313.73596,0.26692,1.8677
,,,0.2986,2314.01262,0.26701,1.87449
,,,0.2987,2314.01231,0.26711,1.88126
,,,0.2988,2314.15046,0.2672,1.88805
,,,0.2989,2314.15015,0.26729,1.8677
,,,0.299,2314.35755,0.26739,1.85414
,,,0.2991,2314.35723,0.26748,1.8677
,,,0.2992,2314.56453,0.26757,1.8677
,,,0.2993,2314.56421,0.26766,1.85414
,,,0.2994,2314.5639,0.26776,1.88805
,,,0.2995,2314.70199,0.26785,1.88126
,,,0.2996,2314.70167,0.26794,1.85414
,,,0.2997,2315.18573,0.26804,1.88805
,,,0.2998,2315.18541,0.26813,1.8677
,,,0.2999,2315.60011,0.26822,1.86092
,,,0.3,2315.59978,0.26831,1.88805
,,,0.3001,2316.01444,0.26841,1.85414
,,,0.3002,2316.0141,0.2685,1.86092
,,,0.3003,2316.08294,0.26859,1.87449
,,,0.3004,2316.08261,0.26868,1.88805
,,,0.3005,2316.35888,0.26878,1.86092
,,,0.3006,2316.35854,0.26887,1.88126
,,,0.3007,2316.91118,0.26896,1.85414
,,,0.3008,2316.97997,0.26906,1.8677
,,,0.3009,2316.97963,0.26915,1.84736
,,,0.301,2316.97928,0.26924,1.87449
,,,0.3011,2316.97893,0.26933,1.85414
,,,0.3012,2317.25495,0.26943,1.85414
,,,0.3013,2317.25461,0.26952,1.86092
,,,0.3014,2317.39242,0.26961,1.8677
,,,0.3015,2317.39207,0.26971,1.8677
,,,0.3016,2317.39172,0.2698,1.84058
,,,0.3017,2317.39137,0.26989,1.8677
,,,0.3018,2317.1838,0.26998,1.8677
,,,0.3019,2317.18346,0.27008,1.8677
,,,0.302,2316.90666,0.27017,1.8677
,,,0.3021,2316.76811,0.27026,1.8677
,,,0.3022,2316.76778,0.27036,1.87449
,,,0.3023,2316.35274,0.27045,1.8677
,,,0.3024,2316.3524,0.27054,1.8677
,,,0.3025,2316.14465,0.27063,1.8677
,,,0.3026,2316.14432,0.27073,1.8677
,,,0.3027,2315.79824,0.27082,1.8677
,,,0.3028,2315.79792,0.27091,1.87449
,,,0.3029,2315.59009,0.271,1.8677
,,,0.303,2315.58977,0.2711,1.8677
,,,0.3031,2315.17436,0.27119,1.8677
,,,0.3032,2315.17405,0.27128,1.8677
,,,0.3033,2314.68937,0.27138,1.88126
,,,0.3034,2314.82747,0.27147,1.8677
,,,0.3035,2314.82716,0.27156,1.88805
,,,0.3036,2315.17283,0.27165,1.88126
,,,0.3037,2315.17252,0.27175,1.86092
,,,0.3038,2315.24143,0.27184,1.8677
,,,0.3039,2315.24112,0.27193,1.87449
,,,0.304,2315.44836,0.27203,1.8677
,,,0.3041,2315.44805,0.27212,1.8677
,,,0.3042,2315.58607,0.27221,1.86092
,,,0.3043,2315.58576,0.2723,1.86092
,,,0.3044,2315.72376,0.2724,1.8677
,,,0.3045,2315.72344,0.27249,1.8677
,,,0.3046,2315.79232,0.27258,1.8677
,,,0.3047,2315.72282,0.27268,1.8677
,,,0.3048,2315.7225,0.27277,1.8677
,,,0.3049,2315.86056,0.27286,1.84736
,,,0.305,2315.86025,0.27295,1.88805
,,,0.3051,2315.65251,0.27305,1.86092
,,,0.3052,2315.6522,0.27314,1.85414
,,,0.3053,2315.72108,0.27323,1.8677
,,,0.3054,2315.72077,0.27332,1.85414
,,,0.3055,2315.51295,0.27342,1.85414
,,,0.3056,2315.51264,0.27351,1.8677
,,,0.3057,2315.58153,0.2736,1.84058
,,,0.3058,2315.58122,0.2737,1.84736
,,,0.3059,2315.65011,0.27379,1.84736
,,,0.306,2315.44228,0.27388,1.84736
,,,0.3061,2315.44198,0.27397,1.8677
,,,0.3062,2315.30333,0.27407,1.84736
,,,0.3063,2315.30303,0.27416,1.86092
,,,0.3064,2315.51027,0.27425,1.8677
,,,0.3065,2315.50997,0.27435,1.82701
,,,0.3066,2315.50966,0.27444,1.84058
,,,0.3067,2315.50936,0.27453,1.8338
,,,0.3068,2315.23238,0.27462,1.8677
,,,0.3069,2315.23208,0.27472,1.8677
,,,0.307,2315.23178,0.27481,1.84058
,,,0.3071,2315.23148,0.2749,1.87449
,,,0.3072,2315.02361,0.275,1.8677
,,,0.3073,2314.88493,0.27509,1.84058
,,,0.3074,2314.88464,0.27518,1.84736
,,,0.3075,2314.74596,0.27527,1.84736
,,,0.3076,2314.74567,0.27537,1.86092
,,,0.3077,2314.12244,0.27546,1.86092
,,,0.3078,2314.12216,0.27555,1.85414
,,,0.3079,2313.98342,0.27564,1.84058
,,,0.308,2313.98314,0.27574,1.84736
,,,0.3081,2313.9136,0.27583,1.85414
,,,0.3082,2313.91332,0.27592,1.86092
,,,0.3083,2313.56679,0.27602,1.8677
,,,0.3084,2313.56652,0.27611,1.84058
,,,0.3085,2313.35845,0.2762,1.84736
,,,0.3086,2313.42748,0.27629,1.84736
,,,0.3087,2313.42721,0.27639,1.85414
,,,0.3088,2313.01127,0.27648,1.85414
,,,0.3089,2313.01101,0.27657,1.84058
,,,0.309,2312.66436,0.27667,1.8677
,,,0.3091,2312.66411,0.27676,1.84736
,,,0.3092,2312.31731,0.27685,1.85414
,,,0.3093,2312.31707,0.27694,1.85414
,,,0.3094,2312.03949,0.27704,1.8677
,,,0.3095,2312.03924,0.27713,1.86092
,,,0.3096,2311.90035,0.27722,1.86092
,,,0.3097,2311.90011,0.27732,1.8677
,,,0.3098,2311.48377,0.27741,1.84736
,,,0.3099,2311.06733,0.2775,1.8338
,,,0.31,2311.0671,0.27759,1.84736
,,,0.3101,2310.78938,0.27769,1.82701
,,,0.3102,2310.78916,0.27778,1.84058
,,,0.3103,2310.5114,0.27787,1.86092
,,,0.3104,2310.51118,0.27796,1.85414
,,,0.3105,2310.30273,0.27806,1.82023
,,,0.3106,2310.30252,0.27815,1.84058
,,,0.3107,2310.44117,0.27824,1.84058
,,,0.3108,2310.44096,0.27834,1.84058
,,,0.3109,2310.71829,0.27843,1.86092
,,,0.311,2310.71807,0.27852,1.85414
,,,0.3111,2310.92602,0.27861,1.85414
,,,0.3112,2311.13394,0.27871,1.8338
,,,0.3113,2311.13371,0.2788,1.85414
,,,0.3114,2311.20281,0.27889,1.8677
,,,0.3115,2311.20259,0.27899,1.82701
,,,0.3116,2310.85549,0.27908,1.84736
,,,0.3117,2310.85527,0.27917,1.84058
,,,0.3118,2310.78571,0.27926,1.86092
,,,0.3119,2310.78549,0.27936,1.8338
,,,0.312,2310.85461,0.27945,1.82701
,,,0.3121,2310.85439,0.27954,1.84736
,,,0.3122,2310.92358,0.27964,1.84058
,,,0.3123,2310.92336,0.27973,1.86092
,,,0.3124,2311.06188,0.27982,1.84736
,,,0.3125,2310.85351,0.27991,1.84736
,,,0.3126,2310.85329,0.28001,1.8338
,,,0.3127,2310.29789,0.2801,1.82023
,,,0.3128,2310.29768,0.28019,1.85414
,,,0.3129,2310.1586,0.28028,1.86092
,,,0.313,2310.15839,0.28038,1.84736
,,,0.3131,2309.60275,0.28047,1.8338
,,,0.3132,2309.60255,0.28056,1.84736
,,,0.3133,2309.32459,0.28066,1.84058
,,,0.3134,2309.3244,0.28075,1.81345
,,,0.3135,2308.9074,0.28084,1.82701
,,,0.3136,2308.55981,0.28093,1.8338
,,,0.3137,2308.55963,0.28103,1.8338
,,,0.3138,2308.35096,0.28112,1.84736
,,,0.3139,2308.35078,0.28121,1.8338
,,,0.314,2308.14208,0.28131,1.8677
,,,0.3141,2308.1419,0.2814,1.84736
,,,0.3142,2308.28072,0.28149,1.82023
,,,0.3143,2308.28054,0.28158,1.84058
,,,0.3144,2307.93282,0.28168,1.84058
,,,0.3145,2307.93265,0.28177,1.84058
,,,0.3146,2307.863,0.28186,1.82701
,,,0.3147,2307.86283,0.28196,1.82701
,,,0.3148,2307.51502,0.28205,1.8338
,,,0.3149,2307.44528,0.28214,1.84736
,,,0.315,2307.44512,0.28223,1.84058
,,,0.3151,2307.72306,0.28233,1.82701
,,,0.3152,2307.72289,0.28242,1.82701
,,,0.3153,2307.65317,0.28251,1.8338
,,,0.3154,2307.653,0.2826,1.8338
,,,0.3155,2307.44421,0.2827,1.8338
,,,0.3156,2307.44405,0.28279,1.82023
,,,0.3157,2307.58294,0.28288,1.80667
,,,0.3158,2307.58278,0.28298,1.82701
,,,0.3159,2307.86069,0.28307,1.82701
,,,0.316,2307.86052,0.28316,1.82701
,,,0.3161,2307.7908,0.28325,1.82701
,,,0.3162,2307.79063,0.28335,1.81345
,,,0.3163,2307.79047,0.28344,1.82701
,,,0.3164,2307.85985,0.28353,1.82023
,,,0.3165,2307.85968,0.28363,1.82023
,,,0.3166,2307.78996,0.28372,1.8338
,,,0.3167,2307.7898,0.28381,1.82701
,,,0.3168,2308.2762,0.2839,1.8338
,,,0.3169,2308.27602,0.284,1.84736
,,,0.317,2308.27585,0.28409,1.82701
,,,0.3171,2308.27568,0.28418,1.82023
,,,0.3172,2308.48401,0.28428,1.84058
,,,0.3173,2308.48383,0.28437,1.82023
,,,0.3174,2308.48365,0.28446,1.80667
,,,0.3175,2308.62244,0.28455,1.81345
,,,0.3176,2308.62226,0.28465,1.82023
,,,0.3177,2308.48305,0.28474,1.82023
,,,0.3178,2308.48288,0.28483,1.82701
,,,0.3179,2308.4827,0.28492,1.79989
,,,0.318,2308.48253,0.28502,1.82023
,,,0.3181,2308.34331,0.28511,1.81345
,,,0.3182,2308.34313,0.2852,1.84058
,,,0.3183,2308.27344,0.2853,1.82023
,,,0.3184,2308.27326,0.28539,1.82023
,,,0.3185,2308.34262,0.28548,1.82701
,,,0.3186,2308.34245,0.28557,1.82701
,,,0.3187,2308.41173,0.28567,1.8338
,,,0.3188,2308.3421,0.28576,1.82701
,,,0.3189,2308.34193,0.28585,1.80667
,,,0.319,2308.68921,0.28595,1.8338
,,,0.3191,2308.68903,0.28604,1.8338
,,,0.3192,2309.17513,0.28613,1.84058
,,,0.3193,2309.17495,0.28622,1.8338
,,,0.3194,2309.45255,0.28632,1.84058
,,,0.3195,2309.45236,0.28641,1.81345
,,,0.3196,2309.59112,0.2865,1.82701
,,,0.3197,2309.59093,0.2866,1.82023
,,,0.3198,2309.52127,0.28669,1.82023
,,,0.3199,2309.52109,0.28678,1.81345
,,,0.32,2309.38202,0.28687,1.84058
,,,0.3201,2309.31236,0.28697,1.7931
,,,0.3202,2309.31218,0.28706,1.82023
,,,0.3203,2309.31199,0.28715,1.82701
,,,0.3204,2309.31181,0.28724,1.79989
,,,0.3205,2309.51998,0.28734,1.80667
,,,0.3206,2309.5198,0.28743,1.80667
,,,0.3207,2309.93624,0.28752,1.81345
,,,0.3208,2309.93605,0.28762,1.82023
,,,0.3209,2310.42173,0.28771,1.81345
,,,0.321,2310.42154,0.2878,1.84058
,,,0.3211,2310.42134,0.28789,1.84058
,,,0.3212,2310.42114,0.28799,1.82701
,,,0.3213,2310.4903,0.28808,1.82701
,,,0.3214,2310.62888,0.28817,1.84058
,,,0.3215,2310.62868,0.28827,1.8338
,,,0.3216,2310.83665,0.28836,1.85414
,,,0.3217,2310.83645,0.28845,1.8338
,,,0.3218,2311.11372,0.28854,1.82023
,,,0.3219,2311.11352,0.28864,1.80667
,,,0.322,2310.97458,0.28873,1.82023
,,,0.3221,2310.97438,0.28882,1.81345
,,,0.3222,2311.1823,0.28892,1.7931
,,,0.3223,2311.1821,0.28901,1.82023
,,,0.3224,2311.25121,0.2891,1.82023
,,,0.3225,2311.25101,0.28919,1.82023
,,,0.3226,2311.59757,0.28929,1.82023
,,,0.3227,2312.0827,0.28938,1.82023
,,,0.3228,2312.08248,0.28947,1.84736
,,,0.3229,2312.42885,0.28956,1.82701
,,,0.323,2312.42863,0.28966,1.8338
,,,0.3231,2312.567,0.28975,1.85414
,,,0.3232,2312.56678,0.28984,1.82701
,,,0.3233,2312.63581,0.28994,1.84058
,,,0.3234,2312.63558,0.29003,1.84058
,,,0.3235,2312.98182,0.29012,1.8338
,,,0.3236,2312.98159,0.29021,1.84736
,,,0.3237,2313.0506,0.29031,1.84058
,,,0.3238,2313.05037,0.2904,1.82701
,,,0.3239,2313.11937,0.29049,1.82701
,,,0.324,2313.18845,0.29059,1.80667
,,,0.3241,2313.18822,0.29068,1.82023
,,,0.3242,2312.703,0.29077,1.81345
,,,0.3243,2312.70278,0.29086,1.80667
,,,0.3244,2312.70256,0.29096,1.81345
,,,0.3245,2312.70233,0.29105,1.80667
,,,0.3246,2312.77136,0.29114,1.82023
,,,0.3247,2312.77114,0.29124,1.82701
,,,0.3248,2312.77092,0.29133,1.82023
,,,0.3249,2312.77069,0.29142,1.82023
,,,0.325,2312.90911,0.29151,1.84058
,,,0.3251,2312.90888,0.29161,1.81345
,,,0.3252,2313.11652,0.2917,1.84058
,,,0.3253,2313.18552,0.29179,1.8338
,,,0.3254,2313.18529,0.29188,1.82701
,,,0.3255,2313.18507,0.29198,1.82023
,,,0.3256,2313.18484,0.29207,1.82023
,,,0.3257,2313.25391,0.29216,1.84058
,,,0.3258,2313.25368,0.29226,1.82023
,,,0.3259,2313.11492,0.29235,1.82701
,,,0.326,2313.1147,0.29244,1.8338
,,,0.3261,2313.04516,0.29253,1.82701
,,,0.3262,2313.04494,0.29263,1.8338
,,,0.3263,2312.69828,0.29272,1.81345
,,,0.3264,2312.69806,0.29281,1.81345
,,,0.3265,2312.83648,0.29291,1.82701
,,,0.3266,2312.83626,0.293,1.81345
,,,0.3267,2312.83604,0.29309,1.82701
,,,0.3268,2313.113,0.29318,1.82701
,,,0.3269,2313.11278,0.29328,1.84058
,,,0.327,2313.32038,0.29337,1.84736
,,,0.3271,2313.32016,0.29346,1.84058
,,,0.3272,2313.59702,0.29356,1.82701
,,,0.3273,2313.59679,0.29365,1.8338
,,,0.3274,2313.66584,0.29374,1.82023
,,,0.3275,2313.66561,0.29383,1.80667
,,,0.3276,2313.66538,0.29393,1.8338
,,,0.3277,2313.66515,0.29402,1.82701
,,,0.3278,2313.52643,0.29411,1.82023
,,,0.3279,2313.73397,0.2942,1.8338
,,,0.328,2313.73374,0.2943,1.82023
,,,0.3281,2313.66431,0.29439,1.80667
,,,0.3282,2313.66408,0.29448,1.82023
,,,0.3283,2313.52536,0.29458,1.8338
,,,0.3284,2313.52513,0.29467,1.84058
,,,0.3285,2313.45569,0.29476,1.8338
,,,0.3286,2313.45547,0.29485,1.82023
,,,0.3287,2313.45524,0.29495,1.81345
,,,0.3288,2313.45502,0.29504,1.82023
,,,0.3289,2313.66258,0.29513,1.81345
,,,0.329,2313.66235,0.29523,1.82701
,,,0.3291,2313.73133,0.29532,1.82701
,,,0.3292,2313.86965,0.29541,1.82701
,,,0.3293,2313.86942,0.2955,1.82023
,,,0.3294,2314.00766,0.2956,1.82701
,,,0.3295,2314.00743,0.29569,1.84058
,,,0.3296,2314.0072,0.29578,1.8338
,,,0.3297,2314.00697,0.29588,1.82023
,,,0.3298,2314.07593,0.29597,1.84058
,,,0.3299,2314.0757,0.29606,1.80667
,,,0.33,2313.86775,0.29615,1.82023
,,,0.3301,2313.86752,0.29625,1.84058
,,,0.3302,2313.8673,0.29634,1.8338
,,,0.3303,2313.86707,0.29643,1.82701
,,,0.3304,2313.93611,0.29652,1.8338
,,,0.3305,2313.86662,0.29662,1.81345
,,,0.3306,2313.86639,0.29671,1.84736
,,,0.3307,2313.7969,0.2968,1.82701
,,,0.3308,2313.79667,0.2969,1.82023
,,,0.3309,2313.86572,0.29699,1.82023
,,,0.331,2313.8655,0.29708,1.82023
,,,0.3311,2314.00374,0.29717,1.82023
,,,0.3312,2314.00351,0.29727,1.85414
,,,0.3313,2314.14174,0.29736,1.8338
,,,0.3314,2314.14151,0.29745,1.84736
,,,0.3315,2314.14128,0.29755,1.82023
,,,0.3316,2314.14106,0.29764,1.82701
,,,0.3317,2314.14083,0.29773,1.84058
,,,0.3318,2313.93289,0.29782,1.85414
,,,0.3319,2313.93267,0.29792,1.84736
,,,0.332,2314.0709,0.29801,1.81345
,,,0.3321,2314.07068,0.2981,1.85414
,,,0.3322,2314.00119,0.2982,1.82023
,,,0.3323,2314.00097,0.29829,1.8338
,,,0.3324,2314.20845,0.29838,1.8338
,,,0.3325,2314.20823,0.29847,1.84736
,,,0.3326,2314.27718,0.29857,1.8338
,,,0.3327,2314.27696,0.29866,1.84736
,,,0.3328,2314.41523,0.29875,1.8338
,,,0.3329,2314.415,0.29884,1.81345
,,,0.333,2314.62242,0.29894,1.84058
,,,0.3331,2314.3453,0.29903,1.81345
,,,0.3332,2314.34507,0.29912,1.8338
,,,0.3333,2314.6909,0.29922,1.82701
,,,0.3334,2314.69067,0.29931,1.86092
,,,0.3335,2314.62121,0.2994,1.82701
,,,0.3336,2314.62098,0.29949,1.8338
,,,0.3337,2314.82837,0.29959,1.82701
,,,0.3338,2314.82814,0.29968,1.84058
,,,0.3339,2314.89714,0.29977,1.8338
,,,0.334,2314.8969,0.29987,1.81345
,,,0.3341,2314.82745,0.29996,1.82701
,,,0.3342,2314.82722,0.30005,1.82023
,,,0.3343,2314.82699,0.30014,1.8338
,,,0.3344,2314.82676,0.30024,1.82023
,,,0.3345,2314.82653,0.30033,1.82023
,,,0.3346,2314.89546,0.30042,1.84058
,,,0.3347,2314.89523,0.30052,1.82023
,,,0.3348,2314.75655,0.30061,1.8338
,,,0.3349,2314.75632,0.3007,1.82701
,,,0.335,2314.4793,0.30079,1.85414
,,,0.3351,2314.47907,0.30089,1.84058
,,,0.3352,2314.40961,0.30098,1.84736
,,,0.3353,2314.40939,0.30107,1.82701
,,,0.3354,2314.40917,0.30116,1.84058
,,,0.3355,2314.40895,0.30126,1.82701
,,,0.3356,2314.06261,0.30135,1.82023
,,,0.3357,2313.92394,0.30144,1.8338
,,,0.3358,2313.92373,0.30154,1.84058
,,,0.3359,2313.78505,0.30163,1.84736
,,,0.336,2313.78484,0.30172,1.84736
,,,0.3361,2313.43837,0.30181,1.81345
,,,0.3362,2313.43816,0.30191,1.84736
,,,0.3363,2313.16085,0.302,1.81345
,,,0.3364,2313.16065,0.30209,1.82023
,,,0.3365,2313.02191,0.30219,1.82023
,,,0.3366,2313.02172,0.30228,1.81345
,,,0.3367,2312.95221,0.30237,1.82701
,,,0.3368,2312.95201,0.30246,1.84058
,,,0.3369,2313.09036,0.30256,1.8338
,,,0.337,2312.74375,0.30265,1.84058
,,,0.3371,2312.74355,0.30274,1.84058
,,,0.3372,2312.39686,0.30284,1.84058
,,,0.3373,2312.39668,0.30293,1.84736
,,,0.3374,2312.04991,0.30302,1.82023
,,,0.3375,2312.04973,0.30311,1.85414
,,,0.3376,2311.77219,0.30321,1.84058
,,,0.3377,2311.77201,0.3033,1.84736
,,,0.3378,2311.5638,0.30339,1.85414
,,,0.3379,2311.56363,0.30348,1.82701
,,,0.338,2311.00857,0.30358,1.8677
,,,0.3381,2310.86967,0.30367,1.85414
,,,0.3382,2310.86951,0.30376,1.84058
,,,0.3383,2310.52242,0.30386,1.8338
,,,0.3384,2310.52226,0.30395,1.84736
,,,0.3385,2310.24453,0.30404,1.82701
,,,0.3386,2310.24438,0.30413,1.8338
,,,0.3387,2310.03598,0.30423,1.86092
,,,0.3388,2310.03583,0.30432,1.84058
,,,0.3389,2309.41084,0.30441,1.8677
,,,0.339,2309.4107,0.30451,1.85414
,,,0.3391,2308.92438,0.3046,1.86092
,,,0.3392,2308.92425,0.30469,1.84736
,,,0.3393,2308.78519,0.30478,1.84736
,,,0.3394,2308.50717,0.30488,1.85414
,,,0.3395,2308.50705,0.30497,1.84736
,,,0.3396,2308.36796,0.30506,1.86092
,,,0.3397,2308.36783,0.30516,1.86092
,,,0.3398,2308.08974,0.30525,1.85414
,,,0.3399,2308.08962,0.30534,1.84736
,,,0.34,2307.81148,0.30543,1.84058
,,,0.3401,2307.81137,0.30553,1.82701
,,,0.3402,2307.74177,0.30562,1.84736
,,,0.3403,2307.74166,0.30571,1.84058
,,,0.3404,2307.3939,0.3058,1.8338
,,,0.3405,2307.39379,0.3059,1.84058
,,,0.3406,2307.25461,0.30599,1.8338
,,,0.3407,2307.04585,0.30608,1.82023
,,,0.3408,2307.04574,0.30618,1.86092
,,,0.3409,2306.90654,0.30627,1.79989
,,,0.341,2306.90644,0.30636,1.82023
,,,0.3411,2306.48896,0.30645,1.80667
,,,0.3412,2306.48886,0.30655,1.82023
,,,0.3413,2306.34962,0.30664,1.80667
,,,0.3414,2306.34952,0.30673,1.82023
,,,0.3415,2306.07109,0.30683,1.79989
,,,0.3416,2306.071,0.30692,1.81345
,,,0.3417,2305.72288,0.30701,1.82701
,,,0.3418,2305.7228,0.3071,1.82701
,,,0.3419,2305.65307,0.3072,1.82023
,,,0.342,2305.51376,0.30729,1.82023
,,,0.3421,2305.51367,0.30738,1.81345
,,,0.3422,2305.58324,0.30748,1.82023
,,,0.3423,2305.58316,0.30757,1.80667
,,,0.3424,2305.37419,0.30766,1.81345
,,,0.3425,2305.37411,0.30775,1.79989
,,,0.3426,2305.16518,0.30785,1.84736
,,,0.3427,2305.1651,0.30794,1.82701
,,,0.3428,2304.74717,0.30803,1.84736
,,,0.3429,2304.7471,0.30812,1.84736
,,,0.343,2304.46833,0.30822,1.82701
,,,0.3431,2304.46826,0.30831,1.8338
,,,0.3432,2304.32886,0.3084,1.86092
,,,0.3433,2304.25915,0.3085,1.84736
,,,0.3434,2304.25909,0.30859,1.8338
,,,0.3435,2304.11967,0.30868,1.84058
,,,0.3436,2304.11961,0.30877,1.84058
,,,0.3437,2303.91045,0.30887,1.84736
,,,0.3438,2303.91039,0.30896,1.84058
,,,0.3439,2303.84068,0.30905,1.8338
,,,0.344,2303.84062,0.30915,1.82023
,,,0.3441,2304.04959,0.30924,1.82701
,,,0.3442,2304.04953,0.30933,1.82701
,,,0.3443,2304.04947,0.30942,1.8338
,,,0.3444,2304.04941,0.30952,1.82023
,,,0.3445,2304.04935,0.30961,1.79989
,,,0.3446,2304.11894,0.3097,1.84058
,,,0.3447,2304.11888,0.3098,1.8338
,,,0.3448,2304.18846,0.30989,1.82023
,,,0.3449,2304.1884,0.30998,1.82023
,,,0.345,2303.97925,0.31007,1.8338
,,,0.3451,2303.97919,0.31017,1.8338
,,,0.3452,2304.18821,0.31026,1.8338
,,,0.3453,2304.18815,0.31035,1.8338
,,,0.3454,2303.97908,0.31044,1.82023
,,,0.3455,2303.97902,0.31054,1.81345
,,,0.3456,2303.97896,0.31063,1.82023
,,,0.3457,2303.9789,0.31072,1.8338
,,,0.3458,2304.04856,0.31082,1.81345
,,,0.3459,2303.76974,0.31091,1.8338
,,,0.346,2303.76968,0.311,1.82701
,,,0.3461,2303.76963,0.31109,1.81345
,,,0.3462,2303.76957,0.31119,1.81345
,,,0.3463,2304.04828,0.31128,1.7931
,,,0.3464,2304.04822,0.31137,1.84058
,,,0.3465,2303.97843,0.31147,1.82701
,,,0.3466,2303.97838,0.31156,1.82701
,,,0.3467,2304.04804,0.31165,1.81345
,,,0.3468,2304.04798,0.31174,1.8338
,,,0.3469,2304.11757,0.31184,1.82701
,,,0.347,2304.1175,0.31193,1.82701
,,,0.3471,2304.32651,0.31202,1.8338
,,,0.3472,2304.18709,0.31212,1.81345
,,,0.3473,2304.18703,0.31221,1.7931
,,,0.3474,2304.32632,0.3123,1.81345
,,,0.3475,2304.32626,0.31239,1.8338
,,,0.3476,2304.53523,0.31249,1.82701
,,,0.3477,2304.53516,0.31258,1.82023
,,,0.3478,2304.67441,0.31267,1.81345
,,,0.3479,2304.67434,0.31276,1.82023
,,,0.348,2305.02255,0.31286,1.82023
,,,0.3481,2305.02247,0.31295,1.81345
,,,0.3482,2305.16167,0.31304,1.82023
,,,0.3483,2305.1616,0.31314,1.8338
,,,0.3484,2305.02225,0.31323,1.82023
,,,0.3485,2305.02218,0.31332,1.82023
,,,0.3486,2305.02211,0.31341,1.7931
,,,0.3487,2305.02203,0.31351,1.8338
,,,0.3488,2305.02196,0.3136,1.8338
,,,0.3489,2305.02189,0.31369,1.82701
,,,0.349,2305.02181,0.31379,1.81345
,,,0.3491,2304.81278,0.31388,1.82023
,,,0.3492,2304.81271,0.31397,1.85414
,,,0.3493,2304.60364,0.31406,1.8338
,,,0.3494,2304.60357,0.31416,1.82023
,,,0.3495,2304.46418,0.31425,1.82023
,,,0.3496,2304.46412,0.31434,1.81345
,,,0.3497,2304.32472,0.31444,1.80667
,,,0.3498,2304.25502,0.31453,1.80667
,,,0.3499,2304.25496,0.31462,1.79989
,,,0.35,2304.2549,0.31471,1.79989
,,,0.3501,2304.25484,0.31481,1.81345
,,,0.3502,2303.8366,0.3149,1.8338
,,,0.3503,2303.83654,0.31499,1.82023
,,,0.3504,2303.55769,0.31508,1.79989
,,,0.3505,2303.55764,0.31518,1.8338
,,,0.3506,2303.41816,0.31527,1.8338
,,,0.3507,2303.41811,0.31536,1.82701
,,,0.3508,2303.41807,0.31546,1.8338
,,,0.3509,2303.41802,0.31555,1.82701
,,,0.351,2303.13909,0.31564,1.79989
,,,0.3511,2303.13904,0.31573,1.82701
,,,0.3512,2303.139,0.31583,1.82023
,,,0.3513,2302.92972,0.31592,1.80667
,,,0.3514,2302.92968,0.31601,1.8338
,,,0.3515,2302.79016,0.31611,1.7931
,,,0.3516,2302.79012,0.3162,1.81345
,,,0.3517,2302.85978,0.31629,1.81345
,,,0.3518,2302.85974,0.31638,1.7931
,,,0.3519,2302.9294,0.31648,1.82023
,,,0.352,2302.92936,0.31657,1.81345
,,,0.3521,2302.78984,0.31666,1.81345
,,,0.3522,2302.7898,0.31676,1.82023
,,,0.3523,2302.58048,0.31685,1.81345
,,,0.3524,2302.09206,0.31694,1.82023
,,,0.3525,2302.09203,0.31703,1.80667
,,,0.3526,2302.092,0.31713,1.81345
,,,0.3527,2302.09197,0.31722,1.7931
,,,0.3528,2301.81282,0.31731,1.81345
,,,0.3529,2301.81279,0.3174,1.82023
,,,0.353,2301.60335,0.3175,1.80667
,,,0.3531,2301.60332,0.31759,1.7931
,,,0.3532,2301.53354,0.31768,1.82701
,,,0.3533,2301.53351,0.31778,1.81345
,,,0.3534,2301.39388,0.31787,1.7931
,,,0.3535,2301.39386,0.31796,1.80667
,,,0.3536,2301.25422,0.31805,1.81345
,,,0.3537,2301.2542,0.31815,1.79989
,,,0.3538,2301.25418,0.31824,1.82023
,,,0.3539,2300.76535,0.31833,1.80667
,,,0.354,2300.76534,0.31843,1.82023
,,,0.3541,2300.55577,0.31852,1.81345
,,,0.3542,2300.55576,0.31861,1.80667
,,,0.3543,2300.27634,0.3187,1.81345
,,,0.3544,2300.27633,0.3188,1.82023
,,,0.3545,2300.27632,0.31889,1.79989
,,,0.3546,2300.27632,0.31898,1.82701
,,,0.3547,2300.06668,0.31908,1.81345
,,,0.3548,2300.06668,0.31917,1.82701
,,,0.3549,2299.71726,0.31926,1.79989
,,,0.355,2299.57748,0.31935,1.82701
,,,0.3551,2299.57748,0.31945,1.82701
,,,0.3552,2299.4377,0.31954,1.82023
,,,0.3553,2299.4377,0.31963,1.84058
,,,0.3554,2299.15809,0.31972,1.84058
,,,0.3555,2299.1581,0.31982,1.82701
,,,0.3556,2299.22805,0.31991,1.84058
,,,0.3557,2299.22806,0.32,1.81345
,,,0.3558,2299.01829,0.3201,1.81345
,,,0.3559,2299.0183,0.32019,1.82701
,,,0.356,2298.94843,0.32028,1.84058
,,,0.3561,2298.94844,0.32037,1.82023
,,,0.3562,2298.87849,0.32047,1.84058
,,,0.3563,2299.15817,0.32056,1.82023
,,,0.3564,2299.15817,0.32065,1.8338
,,,0.3565,2299.08823,0.32075,1.81345
,,,0.3566,2299.08824,0.32084,1.81345
,,,0.3567,2298.94834,0.32093,1.8338
,,,0.3568,2298.94835,0.32102,1.82701
,,,0.3569,2298.73862,0.32112,1.82701
,,,0.357,2298.73864,0.32121,1.82023
,,,0.3571,2298.73865,0.3213,1.84058
,,,0.3572,2298.73866,0.3214,1.82701
,,,0.3573,2298.80864,0.32149,1.8338
,,,0.3574,2298.80865,0.32158,1.82701
,,,0.3575,2299.01846,0.32167,1.84058
,,,0.3576,2299.22817,0.32177,1.8338
,,,0.3577,2299.22818,0.32186,1.82023
,,,0.3578,2299.08836,0.32195,1.82023
,,,0.3579,2299.08837,0.32204,1.82701
,,,0.358,2299.15832,0.32214,1.85414
,,,0.3581,2299.15833,0.32223,1.82023
,,,0.3582,2299.57774,0.32232,1.82023
,,,0.3583,2299.57774,0.32242,1.82023
,,,0.3584,2299.85728,0.32251,1.82023
,,,0.3585,2299.85728,0.3226,1.82023
,,,0.3586,2300.34638,0.32269,1.82023
,,,0.3587,2300.34637,0.32279,1.82023
,,,0.3588,2300.62575,0.32288,1.82701
,,,0.3589,2300.62574,0.32297,1.82701
,,,0.359,2300.62573,0.32307,1.82701
,,,0.3591,2300.69552,0.32316,1.84058
,,,0.3592,2300.6955,0.32325,1.84058
,,,0.3593,2301.11454,0.32334,1.81345
,,,0.3594,2301.11451,0.32344,1.82023
,,,0.3595,2301.53335,0.32353,1.84058
,,,0.3596,2301.53333,0.32362,1.82701
,,,0.3597,2301.6729,0.32372,1.84736
,,,0.3598,2301.67287,0.32381,1.82701
,,,0.3599,2301.74267,0.3239,1.84058
,,,0.36,2301.74264,0.32399,1.85414
,,,0.3601,2301.95193,0.32409,1.8338
,,,0.3602,2301.74251,0.32418,1.82701
,,,0.3603,2301.74248,0.32427,1.82701
,,,0.3604,2301.88202,0.32436,1.84058
,,,0.3605,2301.88199,0.32446,1.81345
,,,0.3606,2302.16107,0.32455,1.81345
,,,0.3607,2302.16104,0.32464,1.82023
,,,0.3608,2302.09127,0.32474,1.82701
,,,0.3609,2302.09123,0.32483,1.82701
,,,0.361,2302.23074,0.32492,1.8338
,,,0.3611,2302.23071,0.32501,1.82701
,,,0.3612,2302.30047,0.32511,1.82023
,,,0.3613,2302.64925,0.3252,1.8338
,,,0.3614,2302.64921,0.32529,1.84736
,,,0.3615,2302.71888,0.32539,1.86092
,,,0.3616,2302.71884,0.32548,1.8338
,,,0.3617,2302.5793,0.32557,1.82023
,,,0.3618,2302.57926,0.32566,1.85414
,,,0.3619,2302.57922,0.32576,1.82023
,,,0.362,2302.57918,0.32585,1.82701
,,,0.3621,2302.78842,0.32594,1.82701
,,,0.3622,2302.78838,0.32604,1.84058
,,,0.3623,2302.78833,0.32613,1.82701
,,,0.3624,2302.78829,0.32622,1.82023
,,,0.3625,2302.78825,0.32631,1.82023
,,,0.3626,2302.7882,0.32641,1.84058
,,,0.3627,2302.78816,0.3265,1.80667
,,,0.3628,2302.99737,0.32659,1.8338
,,,0.3629,2302.99732,0.32668,1.81345
,,,0.363,2303.34593,0.32678,1.82023
,,,0.3631,2303.34588,0.32687,1.82023
,,,0.3632,2303.48526,0.32696,1.84058
,,,0.3633,2303.4852,0.32706,1.84058
,,,0.3634,2303.55482,0.32715,1.84736
,,,0.3635,2303.55477,0.32724,1.84736
,,,0.3636,2303.4153,0.32733,1.84058
,,,0.3637,2303.41525,0.32743,1.84058
,,,0.3638,2303.4152,0.32752,1.8338
,,,0.3639,2303.55457,0.32761,1.82701
,,,0.364,2303.55451,0.32771,1.82023
,,,0.3641,2303.69387,0.3278,1.82023
,,,0.3642,2303.69381,0.32789,1.84058
,,,0.3643,2303.90281,0.32798,1.8338
,,,0.3644,2303.90275,0.32808,1.81345
,,,0.3645,2303.83296,0.32817,1.82023
,,,0.3646,2303.83291,0.32826,1.82701
,,,0.3647,2303.97223,0.32836,1.80667
,,,0.3648,2303.97217,0.32845,1.82023
,,,0.3649,2304.25084,0.32854,1.8338
,,,0.365,2304.25078,0.32863,1.82023
,,,0.3651,2304.25071,0.32873,1.7931
,,,0.3652,2304.32036,0.32882,1.82701
,,,0.3653,2304.3203,0.32891,1.82701
,,,0.3654,2304.45964,0.329,1.82023
,,,0.3655,2304.45958,0.3291,1.82023
,,,0.3656,2304.52921,0.32919,1.84736
,,,0.3657,2304.52915,0.32928,1.82701
,,,0.3658,2304.45945,0.32938,1.84058
,,,0.3659,2304.45939,0.32947,1.8338
,,,0.366,2304.66827,0.32956,1.82701
,,,0.3661,2304.6682,0.32965,1.84058
,,,0.3662,2304.80744,0.32975,1.84058
,,,0.3663,2304.80737,0.32984,1.82023
,,,0.3664,2305.01627,0.32993,1.84058
,,,0.3665,2304.94652,0.33003,1.8338
,,,0.3666,2304.94645,0.33012,1.81345
,,,0.3667,2304.80709,0.33021,1.8338
,,,0.3668,2304.80702,0.3303,1.82023
,,,0.3669,2305.15519,0.3304,1.82701
,,,0.367,2305.15511,0.33049,1.82023
,,,0.3671,2305.43354,0.33058,1.82701
,,,0.3672,2305.43347,0.33068,1.82023
,,,0.3673,2305.3638,0.33077,1.80667
,,,0.3674,2305.36373,0.33086,1.81345
,,,0.3675,2305.29406,0.33095,1.8338
,,,0.3676,2305.29399,0.33105,1.82023
,,,0.3677,2305.43316,0.33114,1.82701
,,,0.3678,2305.92038,0.33123,1.8338
,,,0.3679,2305.92029,0.33132,1.84736
,,,0.368,2306.19857,0.33142,1.84058
,,,0.3681,2306.19848,0.33151,1.84058
,,,0.3682,2306.05922,0.3316,1.84736
,,,0.3683,2306.05914,0.3317,1.84736
,,,0.3684,2306.33739,0.33179,1.82701
,,,0.3685,2306.3373,0.33188,1.82701
,,,0.3686,2306.54597,0.33197,1.84058
,,,0.3687,2306.54587,0.33207,1.82701
,,,0.3688,2306.96313,0.33216,1.8338
,,,0.3689,2306.96304,0.33225,1.82701
,,,0.369,2307.17161,0.33235,1.82701
,,,0.3691,2307.31065,0.33244,1.8338
,,,0.3692,2307.31055,0.33253,1.82701
,,,0.3693,2307.93615,0.33262,1.8338
,,,0.3694,2307.93604,0.33272,1.8338
,,,0.3695,2308.14446,0.33281,1.8338
,,,0.3696,2308.14435,0.3329,1.8677
,,,0.3697,2308.63065,0.333,1.8338
,,,0.3698,2308.63053,0.33309,1.85414
,,,0.3699,2308.90827,0.33318,1.8338
,,,0.37,2308.90815,0.33327,1.8338
,,,0.3701,2308.97752,0.33337,1.84736
,,,0.3702,2308.9774,0.33346,1.84736
,,,0.3703,2309.18559,0.33355,1.82023
,,,0.3704,2309.18546,0.33364,1.82023
,,,0.3705,2309.18534,0.33374,1.8338
,,,0.3706,2309.81013,0.33383,1.82701
,,,0.3707,2309.81,0.33392,1.84058
,,,0.3708,2310.50395,0.33402,1.84058
,,,0.3709,2310.50381,0.33411,1.82701
,,,0.371,2310.98932,0.3342,1.82023
,,,0.3711,2310.98917,0.33429,1.84058
,,,0.3712,2311.19713,0.33439,1.84058
,,,0.3713,2311.19697,0.33448,1.84058
,,,0.3714,2311.4049,0.33457,1.82701
,,,0.3715,2311.40474,0.33467,1.82023
,,,0.3716,2311.7513,0.33476,1.84736
,,,0.3717,2312.2364,0.33485,1.82701
,,,0.3718,2312.23623,0.33494,1.84058
,,,0.3719,2312.23606,0.33504,1.82023
,,,0.372,2312.2359,0.33513,1.84058
,,,0.3721,2312.513,0.33522,1.82023
,,,0.3722,2312.51283,0.33532,1.84058
,,,0.3723,2312.92843,0.33541,1.82701
,,,0.3724,2312.92825,0.3355,1.84058
,,,0.3725,2313.27444,0.33559,1.82023
,,,0.3726,2313.27426,0.33569,1.82701
,,,0.3727,2313.89731,0.33578,1.82701
,,,0.3728,2313.89712,0.33587,1.82023
,,,0.3729,2314.3815,0.33596,1.82023
,,,0.373,2314.79656,0.33606,1.8338
,,,0.3731,2314.79636,0.33615,1.84058
,,,0.3732,2315.14209,0.33624,1.84736
,,,0.3733,2315.14189,0.33634,1.82701
,,,0.3734,2315.41842,0.33643,1.84058
,,,0.3735,2315.41821,0.33652,1.85414
,,,0.3736,2315.76379,0.33661,1.85414
,,,0.3737,2315.76358,0.33671,1.82023
,,,0.3738,2316.03991,0.3368,1.84058
,,,0.3739,2316.03969,0.33689,1.84058
,,,0.374,2316.38513,0.33699,1.84736
,,,0.3741,2316.38491,0.33708,1.84058
,,,0.3742,2316.59205,0.33717,1.82701
,,,0.3743,2317.07553,0.33726,1.8338
,,,0.3744,2317.0753,0.33736,1.82701
,,,0.3745,2317.28227,0.33745,1.82701
,,,0.3746,2317.28203,0.33754,1.82023
,,,0.3747,2317.48904,0.33764,1.80667
,,,0.3748,2317.4888,0.33773,1.8338
,,,0.3749,2317.62669,0.33782,1.82701
,,,0.375,2317.62645,0.33791,1.82701
,,,0.3751,2317.90249,0.33801,1.82023
,,,0.3752,2317.90225,0.3381,1.80667
,,,0.3753,2317.97109,0.33819,1.84058
,,,0.3754,2317.97085,0.33828,1.82701
,,,0.3755,2318.03961,0.33838,1.8338
,,,0.3756,2318.24651,0.33847,1.82701
,,,0.3757,2318.24626,0.33856,1.82701
,,,0.3758,2318.45313,0.33866,1.82701
,,,0.3759,2318.45288,0.33875,1.84058
,,,0.376,2318.65971,0.33884,1.82023
,,,0.3761,2318.65946,0.33893,1.82023
,,,0.3762,2319.00427,0.33903,1.8338
,,,0.3763,2319.00401,0.33912,1.84058
,,,0.3764,2319.34873,0.33921,1.82023
,,,0.3765,2319.34847,0.33931,1.82023
,,,0.3766,2319.76204,0.3394,1.84736
,,,0.3767,2319.76177,0.33949,1.79989
,,,0.3768,2319.62358,0.33958,1.80667
,,,0.3769,2319.34742,0.33968,1.82023
,,,0.377,2319.34716,0.33977,1.84736
,,,0.3771,2319.20893,0.33986,1.80667
,,,0.3772,2319.20867,0.33996,1.79989
,,,0.3773,2319.48441,0.34005,1.79989
,,,0.3774,2319.48415,0.34014,1.8338
,,,0.3775,2319.34594,0.34023,1.81345
,,,0.3776,2319.34568,0.34033,1.82023
,,,0.3777,2319.34542,0.34042,1.8338
,,,0.3778,2319.34517,0.34051,1.8338
,,,0.3779,2318.86194,0.3406,1.80667
,,,0.378,2318.86169,0.3407,1.82701
,,,0.3781,2318.72336,0.34079,1.82023
,,,0.3782,2318.65407,0.34088,1.81345
,,,0.3783,2318.65383,0.34098,1.81345
,,,0.3784,2318.44657,0.34107,1.8338
,,,0.3785,2318.44633,0.34116,1.82023
,,,0.3786,2318.51514,0.34125,1.81345
,,,0.3787,2318.5149,0.34135,1.84058
,,,0.3788,2318.30763,0.34144,1.80667
,,,0.3789,2318.30739,0.34153,1.79989
,,,0.379,2318.10003,0.34163,1.82023
,,,0.3791,2318.09979,0.34172,1.79989
,,,0.3792,2318.23763,0.34181,1.81345
,,,0.3793,2318.23739,0.3419,1.79989
,,,0.3794,2318.37528,0.342,1.79989
,,,0.3795,2318.30599,0.34209,1.80667
,,,0.3796,2318.30575,0.34218,1.81345
,,,0.3797,2318.02938,0.34228,1.81345
,,,0.3798,2318.02915,0.34237,1.82023
,,,0.3799,2317.54553,0.34246,1.7931
,,,0.38,2317.54531,0.34255,1.81345
,,,0.3801,2317.40696,0.34265,1.80667
,,,0.3802,2317.40674,0.34274,1.80667
,,,0.3803,2317.33742,0.34283,1.79989
,,,0.3804,2317.3372,0.34292,1.82023
,,,0.3805,2317.40602,0.34302,1.81345
,,,0.3806,2317.4058,0.34311,1.79989
,,,0.3807,2317.47468,0.3432,1.80667
,,,0.3808,2317.12907,0.3433,1.82701
,,,0.3809,2317.12885,0.34339,1.77954
,,,0.381,2317.3359,0.34348,1.81345
,,,0.3811,2317.33569,0.34357,1.7931
,,,0.3812,2317.33547,0.34367,1.80667
,,,0.3813,2317.33526,0.34376,1.80667
,,,0.3814,2317.12778,0.34385,1.81345
,,,0.3815,2317.12757,0.34395,1.79989
,,,0.3816,2316.92007,0.34404,1.82023
,,,0.3817,2316.91986,0.34413,1.80667
,,,0.3818,2316.85052,0.34422,1.82023
,,,0.3819,2316.85032,0.34432,1.7931
,,,0.382,2316.64278,0.34441,1.82023
,,,0.3821,2316.57344,0.3445,1.79989
,,,0.3822,2316.57324,0.3446,1.79989
,,,0.3823,2316.57304,0.34469,1.81345
,,,0.3824,2316.57284,0.34478,1.81345
,,,0.3825,2316.43435,0.34487,1.7931
,,,0.3826,2316.43415,0.34497,1.82701
,,,0.3827,2316.29572,0.34506,1.80667
,,,0.3828,2316.29553,0.34515,1.81345
,,,0.3829,2316.29533,0.34524,1.82023
,,,0.383,2316.29514,0.34534,1.80667
,,,0.3831,2315.94928,0.34543,1.81345
,,,0.3832,2315.74164,0.34552,1.82023
,,,0.3833,2315.74145,0.34562,1.81345
,,,0.3834,2315.32627,0.34571,1.82023
,,,0.3835,2315.3261,0.3458,1.80667
,,,0.3836,2315.04924,0.34589,1.82023
,,,0.3837,2315.04907,0.34599,1.81345
,,,0.3838,2314.63371,0.34608,1.82701
,,,0.3839,2314.63355,0.34617,1.80667
,,,0.384,2314.42575,0.34627,1.81345
,,,0.3841,2314.42558,0.34636,1.82701
,,,0.3842,2314.01007,0.34645,1.81345
,,,0.3843,2314.00991,0.34654,1.81345
,,,0.3844,2313.59429,0.34664,1.8338
,,,0.3845,2313.31714,0.34673,1.81345
,,,0.3846,2313.317,0.34682,1.79989
,,,0.3847,2313.24756,0.34692,1.80667
,,,0.3848,2313.24741,0.34701,1.8338
,,,0.3849,2312.97021,0.3471,1.79989
,,,0.385,2312.97007,0.34719,1.84058
,,,0.3851,2312.55418,0.34729,1.79989
,,,0.3852,2312.55404,0.34738,1.82023
,,,0.3853,2311.86079,0.34747,1.80667
,,,0.3854,2311.86066,0.34756,1.82701
,,,0.3855,2311.44448,0.34766,1.81345
,,,0.3856,2311.44437,0.34775,1.82023
,,,0.3857,2310.82002,0.34784,1.8338
,,,0.3858,2310.40365,0.34794,1.82023
,,,0.3859,2310.40354,0.34803,1.80667
,,,0.386,2309.91761,0.34812,1.82023
,,,0.3861,2309.91752,0.34821,1.82023
,,,0.3862,2309.63975,0.34831,1.81345
,,,0.3863,2309.63966,0.3484,1.81345
,,,0.3864,2309.43125,0.34849,1.82023
,,,0.3865,2309.43116,0.34859,1.82023
,,,0.3866,2309.22273,0.34868,1.81345
,,,0.3867,2309.22264,0.34877,1.82023
,,,0.3868,2308.80585,0.34886,1.81345
,,,0.3869,2308.80577,0.34896,1.80667
,,,0.387,2308.80569,0.34905,1.80667
,,,0.3871,2308.59725,0.34914,1.80667
,,,0.3872,2308.59717,0.34924,1.81345
,,,0.3873,2308.24966,0.34933,1.82023
,,,0.3874,2308.24959,0.34942,1.82023
,,,0.3875,2308.04101,0.34951,1.81345
,,,0.3876,2308.04094,0.34961,1.8338
,,,0.3877,2307.55429,0.3497,1.82701
,,,0.3878,2307.55423,0.34979,1.82023
,,,0.3879,2307.06742,0.34988,1.79989
,,,0.388,2307.06737,0.34998,1.81345
,,,0.3881,2307.13689,0.35007,1.81345
,,,0.3882,2307.13683,0.35016,1.8338
,,,0.3883,2306.58037,0.35026,1.82701
,,,0.3884,2306.02364,0.35035,1.82023
,,,0.3885,2306.0236,0.35044,1.81345
,,,0.3886,2305.67561,0.35053,1.80667
,,,0.3887,2305.67558,0.35063,1.79989
,,,0.3888,2305.53632,0.35072,1.81345
,,,0.3889,2305.53629,0.35081,1.82701
,,,0.389,2305.04886,0.35091,1.8338
,,,0.3891,2305.04884,0.351,1.7931
,,,0.3892,2304.56126,0.35109,1.82023
,,,0.3893,2304.56124,0.35118,1.81345
,,,0.3894,2304.00379,0.35128,1.82023
,,,0.3895,2304.00378,0.35137,1.82023
,,,0.3896,2303.51587,0.35146,1.82023
,,,0.3897,2302.95805,0.35156,1.81345
,,,0.3898,2302.95806,0.35165,1.81345
,,,0.3899,2302.81859,0.35174,1.7931
,,,0.39,2302.8186,0.35183,1.82023
,,,0.3901,2302.26053,0.35193,1.81345
,,,0.3902,2302.26054,0.35202,1.81345
,,,0.3903,2301.77209,0.35211,1.8338
,,,0.3904,2301.77211,0.3522,1.80667
,,,0.3905,2301.21367,0.3523,1.82023
,,,0.3906,2301.21369,0.35239,1.81345
,,,0.3907,2300.93445,0.35248,1.81345
,,,0.3908,2300.93447,0.35258,1.81345
,,,0.3909,2300.3758,0.35267,1.80667
,,,0.391,2300.16631,0.35276,1.82023
,,,0.3911,2300.16635,0.35285,1.7931
,,,0.3912,2299.74717,0.35295,1.82023
,,,0.3913,2299.74721,0.35304,1.79989
,,,0.3914,2299.18804,0.35313,1.7931
,,,0.3915,2299.18809,0.35323,1.80667
,,,0.3916,2298.97845,0.35332,1.80667
,,,0.3917,2298.9785,0.35341,1.7931
,,,0.3918,2298.76876,0.3535,1.79989
,,,0.3919,2298.76882,0.3536,1.77954
,,,0.392,2298.27928,0.35369,1.79989
,,,0.3921,2298.27935,0.35378,1.7931
,,,0.3922,2298.13951,0.35388,1.82701
,,,0.3923,2297.85973,0.35397,1.77954
,,,0.3924,2297.85979,0.35406,1.82023
,,,0.3925,2297.71992,0.35415,1.7931
,,,0.3926,2297.71999,0.35425,1.82023
,,,0.3927,2297.30016,0.35434,1.81345
,,,0.3928,2297.30023,0.35443,1.82023
,,,0.3929,2297.30031,0.35452,1.81345
,,,0.393,2297.30038,0.35462,1.7931
,,,0.3931,2297.30046,0.35471,1.77276
,,,0.3932,2297.30053,0.3548,1.80667
,,,0.3933,2297.23064,0.3549,1.77954
,,,0.3934,2297.23072,0.35499,1.81345
,,,0.3935,2297.37078,0.35508,1.79989
,,,0.3936,2297.16083,0.35517,1.79989
,,,0.3937,2297.16091,0.35527,1.80667
,,,0.3938,2296.951,0.35536,1.79989
,,,0.3939,2296.95108,0.35545,1.79989
,,,0.394,2296.95116,0.35555,1.78633
,,,0.3941,2296.95124,0.35564,1.81345
,,,0.3942,2296.88134,0.35573,1.77954
,,,0.3943,2296.88142,0.35582,1.7931
,,,0.3944,2296.8815,0.35592,1.7931
,,,0.3945,2296.88158,0.35601,1.7931
,,,0.3946,2296.88165,0.3561,1.7931
,,,0.3947,2296.88173,0.3562,1.80667
,,,0.3948,2297.02183,0.35629,1.7931
,,,0.3949,2297.09187,0.35638,1.80667
,,,0.395,2297.09195,0.35647,1.82023
,,,0.3951,2297.23202,0.35657,1.7931
,,,0.3952,2297.2321,0.35666,1.81345
,,,0.3953,2297.16213,0.35675,1.7931
,,,0.3954,2297.16221,0.35684,1.7931
,,,0.3955,2297.30228,0.35694,1.78633
,,,0.3956,2297.30235,0.35703,1.7931
,,,0.3957,2297.30242,0.35712,1.80667
,,,0.3958,2297.30249,0.35722,1.7931
,,,0.3959,2297.30256,0.35731,1.7931
,,,0.396,2297.30263,0.3574,1.80667
,,,0.3961,2297.44268,0.35749,1.7931
,,,0.3962,2297.58272,0.35759,1.7931
,,,0.3963,2297.58279,0.35768,1.81345
,,,0.3964,2297.72281,0.35777,1.82023
,,,0.3965,2297.72287,0.35787,1.80667
,,,0.3966,2297.58298,0.35796,1.82023
,,,0.3967,2297.58305,0.35805,1.7931
,,,0.3968,2297.58311,0.35814,1.7931
,,,0.3969,2297.58318,0.35824,1.80667
,,,0.397,2297.44328,0.35833,1.80667
,,,0.3971,2297.44335,0.35842,1.77276
,,,0.3972,2297.51336,0.35852,1.78633
,,,0.3973,2297.51343,0.35861,1.7931
,,,0.3974,2297.93334,0.3587,1.80667
,,,0.3975,2298.42311,0.35879,1.79989
,,,0.3976,2298.42316,0.35889,1.78633
,,,0.3977,2298.63299,0.35898,1.79989
,,,0.3978,2298.63304,0.35907,1.82023
,,,0.3979,2298.70299,0.35916,1.7931
,,,0.398,2298.70304,0.35926,1.80667
,,,0.3981,2299.19255,0.35935,1.7931
,,,0.3982,2299.19259,0.35944,1.81345
,,,0.3983,2299.61201,0.35954,1.79989
,,,0.3984,2299.61205,0.35963,1.79989
,,,0.3985,2300.03142,0.35972,1.78633
,,,0.3986,2300.03145,0.35981,1.79989
,,,0.3987,2300.2411,0.35991,1.79989
,,,0.3988,2300.52053,0.36,1.79989
,,,0.3989,2300.52056,0.36009,1.79989
,,,0.399,2300.93966,0.36019,1.79989
,,,0.3991,2300.93968,0.36028,1.7931
,,,0.3992,2301.1492,0.36037,1.80667
,,,0.3993,2301.14922,0.36046,1.81345
,,,0.3994,2301.56806,0.36056,1.81345
,,,0.3995,2301.56808,0.36065,1.80667
,,,0.3996,2302.12642,0.36074,1.80667
,,,0.3997,2302.12642,0.36084,1.82023
,,,0.3998,2302.47527,0.36093,1.82023
,,,0.3999,2302.47527,0.36102,1.80667
,,,0.4,2302.89373,0.36111,1.80667
,,,,,0.36121,1.82023
,,,,,0.3613,1.82023
,,,,,0.36139,1.79989
,,,,,0.36148,1.7931
,,,,,0.36158,1.81345
,,,,,0.36167,1.80667
,,,,,0.36176,1.81345
,,,,,0.36186,1.82023
,,,,,0.36195,1.81345
,,,,,0.36204,1.82023
,,,,,0.36213,1.82023
,,,,,0.36223,1.81345
,,,,,0.36232,1.7931
,,,,,0.36241,1.82023
,,,,,0.36251,1.79989
,,,,,0.3626,1.79989
,,,,,0.36269,1.82023
,,,,,0.36278,1.79989
,,,,,0.36288,1.82023
,,,,,0.36297,1.82023
,,,,,0.36306,1.82701
,,,,,0.36316,1.82023
,,,,,0.36325,1.82023
,,,,,0.36334,1.81345
,,,,,0.36343,1.81345
,,,,,0.36353,1.8338
,,,,,0.36362,1.82023
,,,,,0.36371,1.82701
,,,,,0.3638,1.81345
,,,,,0.3639,1.82023
,,,,,0.36399,1.82023
,,,,,0.36408,1.82023
,,,,,0.36418,1.81345
,,,,,0.36427,1.82701
,,,,,0.36436,1.81345
,,,,,0.36445,1.82701
,,,,,0.36455,1.82023
,,,,,0.36464,1.81345
,,,,,0.36473,1.7931
,,,,,0.36483,1.82023
,,,,,0.36492,1.80667
,,,,,0.36501,1.82023
,,,,,0.3651,1.82023
,,,,,0.3652,1.81345
,,,,,0.36529,1.79989
,,,,,0.36538,1.82023
,,,,,0.36548,1.82023
,,,,,0.36557,1.79989
,,,,,0.36566,1.79989
,,,,,0.36575,1.82701
,,,,,0.36585,1.82701
,,,,,0.36594,1.82023
,,,,,0.36603,1.7931
,,,,,0.36612,1.81345
,,,,,0.36622,1.7931
,,,,,0.36631,1.81345
,,,,,0.3664,1.7931
,,,,,0.3665,1.82701
,,,,,0.36659,1.81345
,,,,,0.36668,1.84058
,,,,,0.36677,1.81345
,,,,,0.36687,1.81345
,,,,,0.36696,1.80667
,,,,,0.36705,1.84736
,,,,,0.36715,1.7931
,,,,,0.36724,1.82701
,,,,,0.36733,1.82701
,,,,,0.36742,1.79989
,,,,,0.36752,1.80667
,,,,,0.36761,1.8338
,,,,,0.3677,1.80667
,,,,,0.3678,1.79989
,,,,,0.36789,1.80667
,,,,,0.36798,1.7931
,,,,,0.36807,1.78633
,,,,,0.36817,1.81345
,,,,,0.36826,1.7931
,,,,,0.36835,1.81345
,,,,,0.36844,1.80667
,,,,,0.36854,1.82023
,,,,,0.36863,1.81345
,,,,,0.36872,1.82023
,,,,,0.36882,1.80667
,,,,,0.36891,1.84058
,,,,,0.369,1.7931
,,,,,0.36909,1.79989
,,,,,0.36919,1.81345
,,,,,0.36928,1.82701
,,,,,0.36937,1.82023
,,,,,0.36947,1.81345
,,,,,0.36956,1.81345
,,,,,0.36965,1.80667
,,,,,0.36974,1.81345
,,,,,0.36984,1.82023
,,,,,0.36993,1.8338
,,,,,0.37002,1.84058
,,,,,0.37012,1.81345
,,,,,0.37021,1.8338
,,,,,0.3703,1.81345
,,,,,0.37039,1.84736
,,,,,0.37049,1.82023
,,,,,0.37058,1.8338
,,,,,0.37067,1.82701
,,,,,0.37076,1.82023
,,,,,0.37086,1.8338
,,,,,0.37095,1.79989
,,,,,0.37104,1.80667
,,,,,0.37114,1.82023
,,,,,0.37123,1.80667
,,,,,0.37132,1.82701
,,,,,0.37141,1.82701
,,,,,0.37151,1.82701
,,,,,0.3716,1.82701
,,,,,0.37169,1.82023
,,,,,0.37179,1.81345
,,,,,0.37188,1.86092
,,,,,0.37197,1.81345
,,,,,0.37206,1.84058
,,,,,0.37216,1.84058
,,,,,0.37225,1.81345
,,,,,0.37234,1.8677
,,,,,0.37244,1.84058
,,,,,0.37253,1.84058
,,,,,0.37262,1.82023
,,,,,0.37271,1.80667
,,,,,0.37281,1.82023
,,,,,0.3729,1.84058
,,,,,0.37299,1.82023
,,,,,0.37308,1.84058
,,,,,0.37318,1.82023
,,,,,0.37327,1.85414
,,,,,0.37336,1.85414
,,,,,0.37346,1.8338
,,,,,0.37355,1.8338
,,,,,0.37364,1.8338
,,,,,0.37373,1.8338
,,,,,0.37383,1.85414
,,,,,0.37392,1.84736
,,,,,0.37401,1.82701
,,,,,0.37411,1.8338
,,,,,0.3742,1.8677
,,,,,0.37429,1.85414
,,,,,0.37438,1.82701
,,,,,0.37448,1.85414
,,,,,0.37457,1.82701
,,,,,0.37466,1.82023
,,,,,0.37476,1.82023
,,,,,0.37485,1.85414
,,,,,0.37494,1.82701
,,,,,0.37503,1.84736
,,,,,0.37513,1.85414
,,,,,0.37522,1.86092
,,,,,0.37531,1.86092
,,,,,0.3754,1.84058
,,,,,0.3755,1.84058
,,,,,0.37559,1.85414
,,,,,0.37568,1.8338
,,,,,0.37578,1.84736
,,,,,0.37587,1.8338
,,,,,0.37596,1.8338
,,,,,0.37605,1.84058
,,,,,0.37615,1.8338
,,,,,0.37624,1.84058
,,,,,0.37633,1.85414
,,,,,0.37643,1.82701
,,,,,0.37652,1.8338
,,,,,0.37661,1.8338
,,,,,0.3767,1.82701
,,,,,0.3768,1.84736
,,,,,0.37689,1.84058
,,,,,0.37698,1.84058
,,,,,0.37708,1.84736
,,,,,0.37717,1.84736
,,,,,0.37726,1.84736
,,,,,0.37735,1.84058
,,,,,0.37745,1.86092
,,,,,0.37754,1.84736
,,,,,0.37763,1.8677
,,,,,0.37772,1.84736
,,,,,0.37782,1.81345
,,,,,0.37791,1.8338
,,,,,0.378,1.84736
,,,,,0.3781,1.82701
,,,,,0.37819,1.84736
,,,,,0.37828,1.84058
,,,,,0.37837,1.84736
,,,,,0.37847,1.85414
,,,,,0.37856,1.84058
,,,,,0.37865,1.8338
,,,,,0.37875,1.84736
,,,,,0.37884,1.86092
,,,,,0.37893,1.82701
,,,,,0.37902,1.85414
,,,,,0.37912,1.84736
,,,,,0.37921,1.8338
,,,,,0.3793,1.84058
,,,,,0.3794,1.82701
,,,,,0.37949,1.82023
,,,,,0.37958,1.84736
,,,,,0.37967,1.84736
,,,,,0.37977,1.8338
,,,,,0.37986,1.82023
,,,,,0.37995,1.84058
,,,,,0.38004,1.84058
,,,,,0.38014,1.82701
,,,,,0.38023,1.84736
,,,,,0.38032,1.82701
,,,,,0.38042,1.84058
,,,,,0.38051,1.84736
,,,,,0.3806,1.8338
,,,,,0.38069,1.86092
,,,,,0.38079,1.84736
,,,,,0.38088,1.84736
,,,,,0.38097,1.8338
,,,,,0.38107,1.85414
,,,,,0.38116,1.85414
,,,,,0.38125,1.82701
,,,,,0.38134,1.84736
,,,,,0.38144,1.84058
,,,,,0.38153,1.84058
,,,,,0.38162,1.82701
,,,,,0.38172,1.84058
,,,,,0.38181,1.8338
,,,,,0.3819,1.84736
,,,,,0.38199,1.82701
,,,,,0.38209,1.8338
,,,,,0.38218,1.84058
,,,,,0.38227,1.82701
,,,,,0.38236,1.80667
,,,,,0.38246,1.8338
,,,,,0.38255,1.82023
,,,,,0.38264,1.8338
,,,,,0.38274,1.82701
,,,,,0.38283,1.82023
,,,,,0.38292,1.8338
,,,,,0.38301,1.82023
,,,,,0.38311,1.8338
,,,,,0.3832,1.84736
,,,,,0.38329,1.84736
,,,,,0.38339,1.82023
,,,,,0.38348,1.80667
,,,,,0.38357,1.84058
,,,,,0.38366,1.84058
,,,,,0.38376,1.82701
,,,,,0.38385,1.8338
,,,,,0.38394,1.82023
,,,,,0.38404,1.82023
,,,,,0.38413,1.85414
,,,,,0.38422,1.82701
,,,,,0.38431,1.82023
,,,,,0.38441,1.81345
,,,,,0.3845,1.84058
,,,,,0.38459,1.82701
,,,,,0.38468,1.8338
,,,,,0.38478,1.82701
,,,,,0.38487,1.84058
,,,,,0.38496,1.84058
,,,,,0.38506,1.82023
,,,,,0.38515,1.84736
,,,,,0.38524,1.82701
,,,,,0.38533,1.80667
,,,,,0.38543,1.82701
,,,,,0.38552,1.84736
,,,,,0.38561,1.84058
,,,,,0.38571,1.8338
,,,,,0.3858,1.82023
,,,,,0.38589,1.82701
,,,,,0.38598,1.8338
,,,,,0.38608,1.82023
,,,,,0.38617,1.82701
,,,,,0.38626,1.84058
,,,,,0.38636,1.82023
,,,,,0.38645,1.82023
,,,,,0.38654,1.84736
,,,,,0.38663,1.84058
,,,,,0.38673,1.84058
,,,,,0.38682,1.84736
,,,,,0.38691,1.84058
,,,,,0.387,1.82023
,,,,,0.3871,1.81345
,,,,,0.38719,1.81345
,,,,,0.38728,1.8338
,,,,,0.38738,1.84058
,,,,,0.38747,1.82023
,,,,,0.38756,1.82023
,,,,,0.38765,1.81345
,,,,,0.38775,1.81345
,,,,,0.38784,1.82701
,,,,,0.38793,1.82023
,,,,,0.38803,1.81345
,,,,,0.38812,1.82701
,,,,,0.38821,1.79989
,,,,,0.3883,1.7931
,,,,,0.3884,1.81345
,,,,,0.38849,1.80667
,,,,,0.38858,1.8338
,,,,,0.38868,1.80667
,,,,,0.38877,1.82023
,,,,,0.38886,1.7931
,,,,,0.38895,1.81345
,,,,,0.38905,1.81345
,,,,,0.38914,1.82701
,,,,,0.38923,1.82023
,,,,,0.38932,1.82023
,,,,,0.38942,1.79989
,,,,,0.38951,1.80667
,,,,,0.3896,1.80667
,,,,,0.3897,1.7931
,,,,,0.38979,1.7931
,,,,,0.38988,1.80667
,,,,,0.38997,1.80667
,,,,,0.39007,1.82023
,,,,,0.39016,1.7931
,,,,,0.39025,1.82023
,,,,,0.39035,1.78633
,,,,,0.39044,1.82023
,,,,,0.39053,1.7931
,,,,,0.39062,1.79989
,,,,,0.39072,1.79989
,,,,,0.39081,1.78633
,,,,,0.3909,1.81345
,,,,,0.391,1.81345
,,,,,0.39109,1.80667
,,,,,0.39118,1.81345
,,,,,0.39127,1.79989
,,,,,0.39137,1.82023
,,,,,0.39146,1.80667
,,,,,0.39155,1.7931
,,,,,0.39164,1.79989
,,,,,0.39174,1.79989
,,,,,0.39183,1.7931
,,,,,0.39192,1.80667
,,,,,0.39202,1.81345
,,,,,0.39211,1.77954
,,,,,0.3922,1.78633
,,,,,0.39229,1.81345
,,,,,0.39239,1.79989
,,,,,0.39248,1.81345
,,,,,0.39257,1.81345
,,,,,0.39267,1.80667
,,,,,0.39276,1.78633
,,,,,0.39285,1.78633
,,,,,0.39294,1.77954
,,,,,0.39304,1.79989
,,,,,0.39313,1.78633
,,,,,0.39322,1.79989
,,,,,0.39332,1.81345
,,,,,0.39341,1.78633
,,,,,0.3935,1.76598
,,,,,0.39359,1.79989
,,,,,0.39369,1.77954
,,,,,0.39378,1.78633
,,,,,0.39387,1.77276
,,,,,0.39396,1.81345
,,,,,0.39406,1.7931
,,,,,0.39415,1.82023
,,,,,0.39424,1.7931
,,,,,0.39434,1.7931
,,,,,0.39443,1.7931
,,,,,0.39452,1.7931
,,,,,0.39461,1.7931
,,,,,0.39471,1.80667
,,,,,0.3948,1.78633
,,,,,0.39489,1.7931
,,,,,0.39499,1.77276
,,,,,0.39508,1.78633
,,,,,0.39517,1.7931
,,,,,0.39526,1.80667
,,,,,0.39536,1.78633
,,,,,0.39545,1.7931
,,,,,0.39554,1.79989
,,,,,0.39564,1.77954
,,,,,0.39573,1.79989
,,,,,0.39582,1.8338
,,,,,0.39591,1.7931
,,,,,0.39601,1.77954
,,,,,0.3961,1.79989
,,,,,0.39619,1.7931
,,,,,0.39628,1.7931
,,,,,0.39638,1.7931
,,,,,0.39647,1.7931
,,,,,0.39656,1.79989
,,,,,0.39666,1.80667
,,,,,0.39675,1.7931
,,,,,0.39684,1.78633
,,,,,0.39693,1.82023
,,,,,0.39703,1.80667
,,,,,0.39712,1.81345
,,,,,0.39721,1.78633
,,,,,0.39731,1.82023
,,,,,0.3974,1.7931
,,,,,0.39749,1.82023
,,,,,0.39758,1.80667
,,,,,0.39768,1.81345
,,,,,0.39777,1.79989
,,,,,0.39786,1.79989
,,,,,0.39796,1.80667
,,,,,0.39805,1.81345
,,,,,0.39814,1.7931
,,,,,0.39823,1.80667
,,,,,0.39833,1.79989
,,,,,0.39842,1.82701
,,,,,0.39851,1.79989
,,,,,0.3986,1.82023
,,,,,0.3987,1.79989
,,,,,0.39879,1.81345
,,,,,0.39888,1.7931
,,,,,0.39898,1.84058
,,,,,0.39907,1.80667
,,,,,0.39916,1.80667
,,,,,0.39925,1.80667
,,,,,0.39935,1.82023
,,,,,0.39944,1.7931
,,,,,0.39953,1.8338
,,,,,0.39963,1.80667
,,,,,0.39972,1.82023
,,,,,0.39981,1.7931
,,,,,0.3999,1.82023
,,,,,0.4,1.82701
